schema_version	path	sha256	size	title	version	date	language	pages	chip_or_core	provenance	relevance	extraction_method	extraction_status	text_sha256	byte_representative	pdfinfo_status
2	tmp/wch-evt/application_notes/CH32FV2x_V3xRM.PDF	6bdc58b159a95c40e815eb9973df1f7e7309b08e8018bad1991a71c792cefb95	7345516	CH32FV2x_V3xRM	V2.5	Wed Mar 18 17:58:12 2026 JST	mixed-or-chinese	553	CH32;CH32F;CH32F203;CH32F203C6;CH32F203C8;CH32F203CB;CH32F203DS0;CH32F203K8;CH32F203RB;CH32F203RC;CH32F203VC;CH32F205;CH32F205RB;CH32F207;CH32F207DS0;CH32F207VC;CH32F208;CH32F208DS0;CH32F208RB;CH32F208WB	local-wch-evt-or-manual	included-full-text-query	Poppler pdftotext -layout -enc UTF-8	pass	2fad5d67634f47d82ea74fe0afbfd08c398378164696669709757a4a2b6718fc	tmp/wch-evt/application_notes/CH32FV2x_V3xRM.PDF	pass
2	tmp/wch-evt/application_notes/CH32H417RM.PDF	b57ebb0c0ae2cd772d32cb9ddeb6a6315fcc3916bcd3576e5a83eaeb7dfa6967	8188806	CH32H417RM	V1.7	Fri Apr 10 16:16:14 2026 JST	mixed-or-chinese	879	CH32H416;CH32H417;CH32H417DS0;CH32H417RM	local-wch-evt-or-manual	included-full-text-query	Poppler pdftotext -layout -enc UTF-8	pass	273d8532381b8bfff33319a2122f89a499a0ac617b0eb352f6a428dfce65b55a	tmp/wch-evt/application_notes/CH32H417RM.PDF	pass
2	tmp/wch-evt/application_notes/CH32L103RM.PDF	27a1b969cb2cb99d296ac562cac134ec63d52e4f0c75cf9d6bad7c696bc66fe3	3331776	CH32L103RM	V2.2	Fri Jun  5 16:40:00 2026 JST	mixed-or-chinese	313	CH32L103;CH32L103RM	local-wch-evt-or-manual	included-full-text-query	Poppler pdftotext -layout -enc UTF-8	pass	833561986862d792d83fd90cc3ba643760bc99ce077589a93bc9f8ad7c66f4c4	tmp/wch-evt/application_notes/CH32L103RM.PDF	pass
2	tmp/wch-evt/application_notes/CH32M030RM.PDF	109a7bb0ab9a0b7029f82f05bbf8ba212f879b32a20b00a0c3e1a8f5948629ae	4563783	CH32M030RM	V1.2	Thu Sep 18 18:08:43 2025 JST	mixed-or-chinese	251	CH32M030;CH32M030DS0;CH32M030RM	local-wch-evt-or-manual	included-full-text-query	Poppler pdftotext -layout -enc UTF-8	pass	2175614024cd175a87645a47a85430eb2f0cd13b3050dad4b24e18abbe386b48	tmp/wch-evt/application_notes/CH32M030RM.PDF	pass
2	tmp/wch-evt/application_notes/CH32V003RM.PDF	7a6bf439ecd68e0b87ffdd6765da2ef9b1796ce16084b7d1f25a658380c3bcfe	2155889	CH32V003RM	V1.9	Thu Sep 18 18:28:52 2025 JST	mixed-or-chinese	194	CH32V003;CH32V003DS0;CH32V003RM	local-wch-evt-or-manual	included-full-text-query	Poppler pdftotext -layout -enc UTF-8	pass	549f377cef4f146d1504058e3324c9223014e6ab7bafedac0e564881270468f0	tmp/wch-evt/application_notes/CH32V003RM.PDF	pass
2	tmp/wch-evt/application_notes/CH32V00XRM.PDF	7d216d69fd04d990c4d1c1bf276f741c66023fd6747b6d0a2bba50a03b30c3df	3211719	CH32V00XRM	V1.5	Mon May 18 17:39:57 2026 JST	mixed-or-chinese	229	CH32M007;CH32V002;CH32V002DS0;CH32V004;CH32V004DS0;CH32V005;CH32V006;CH32V006DS0;CH32V007;CH32V007DS0;CH32V00X;CH32V00XRM	local-wch-evt-or-manual	included-full-text-query	Poppler pdftotext -layout -enc UTF-8	pass	cfba1b3f893e32e93ab6b6c65ce4717502c7af7d1173437f8ab9856b4c8d9d1e	tmp/wch-evt/application_notes/CH32V00XRM.PDF	pass
2	tmp/wch-evt/application_notes/CH32V205RM.PDF	b1ed9ef040455a1f9a32f1ab9f9be0e9d3391709bc0b6fa141b2f581593b6c59	4718058	CH32V205RM	V1.2	Tue Dec 16 17:07:37 2025 JST	mixed-or-chinese	389	CH32V203;CH32V205;CH32V205RM	local-wch-evt-or-manual	included-full-text-query	Poppler pdftotext -layout -enc UTF-8	pass	d163773b7e9068c967d075927422d1b1f88856e08fbc4307694dc159a9ef1a20	tmp/wch-evt/application_notes/CH32V205RM.PDF	pass
2	tmp/wch-evt/application_notes/CH32V407RM.PDF	63625af9027af6abfff57a58f8d2afdb2b68ee7d31c323e407da6ea786573c56	5214830	CH32V407RM	V1.1	Thu Jul  2 19:14:10 2026 JST	mixed-or-chinese	537	CH32V407;CH32V407DS0;CH32V407RM;CH32V467	local-wch-evt-or-manual	included-full-text-query	Poppler pdftotext -layout -enc UTF-8	pass	7adc48d4012da37cac56b0d863dcc128ae6c5690316f52fc1829514d28c48da4	tmp/wch-evt/application_notes/CH32V407RM.PDF	pass
2	tmp/wch-evt/application_notes/CH32X035RM.PDF	c7e301eac4790ca1ba112f946bf057139ec7f36be28e142cafc1c286bcc9daa4	2578952	CH32X035RM	V1.9	Tue May 19 15:20:06 2026 JST	mixed-or-chinese	246	CH32X035;CH32X035DS0;CH32X035RM	local-wch-evt-or-manual	included-full-text-query	Poppler pdftotext -layout -enc UTF-8	pass	df716c7eae9f09766f4a0fcfcf74b8a663f524e80bf93c8fd0ffd70a85e21bd3	tmp/wch-evt/application_notes/CH32X035RM.PDF	pass
2	tmp/wch-evt/application_notes/CH32X315RM.PDF	b6a752f9e9bdbb1d1fd9c8ba62f6e52633620c06c0d21fbc450925541a0c2785	3113343	CH32X315RM	V1.1	Thu May  7 16:56:35 2026 JST	mixed-or-chinese	310	CH32X305;CH32X315;CH32X315DS0;CH32X315RM	local-wch-evt-or-manual	included-full-text-query	Poppler pdftotext -layout -enc UTF-8	pass	4a9c46c4d8363b9824df3c91efd0602472958c23f04f55898d7c29cd9dee4ec4	tmp/wch-evt/application_notes/CH32X315RM.PDF	pass
2	tmp/wch-evt/application_notes/CH32xRM.PDF	b4ade26ba00e0f03ea8c13d89badf5491bcdebbfa10957c4839ecc60f34b3cad	4281279	CH32xRM	V2.0	Thu Sep 18 18:49:47 2025 JST	mixed-or-chinese	286	CH32F103;CH32F103DS0;CH32F103x;CH32V103;CH32V103C6T6;CH32V103C8T6;CH32V103C8U6;CH32V103DS0;CH32V103R8T6;CH32V103x;CH32x103;CH32xRM	local-wch-evt-or-manual	included-full-text-query	Poppler pdftotext -layout -enc UTF-8	pass	49679e4d4612e78fda9bc85d1af88eb27cdb2fc7579692f754486721b6987232	tmp/wch-evt/application_notes/CH32xRM.PDF	pass
2	tmp/wch-evt/application_notes/CH641RM.PDF	af83c6fca780cfed771de673a94dbdd2d36076af39f3722f2872d6202f58665c	1904409	CH641RM	V1.4	Tue May 19 16:51:54 2026 JST	mixed-or-chinese	175	CH641;CH641DS0;CH641RM	local-wch-evt-or-manual	included-full-text-query	Poppler pdftotext -layout -enc UTF-8	pass	4d82e93248c6f85b227449c21c91763de17fd29d536024ad2483748d9fa80312	tmp/wch-evt/application_notes/CH641RM.PDF	pass
2	tmp/wch-evt/application_notes/WCH_TouchApplicationGuide.PDF	38ebe89c93b5a0aae64d83e5aef8607dcf7386edecfc725f46404938498c78aa	2654317	WCH_TouchApplicationGuide	V1.0	Wed Feb 19 15:45:28 2025 JST	mixed-or-chinese	11	CH32L103;CH32V006;CH32V007;CH32V00X;CH32V20X;CH32V30X;CH583;CH585;CH58X;CH58x;CH59X;CH59x	local-wch-evt-or-manual	included-full-text-query	Poppler pdftotext -layout -enc UTF-8	pass	5cc2e53cbea6d0ce37b204def6c823a1c98d04c316e70be57d459b726fc57ef6	tmp/wch-evt/application_notes/WCH_TouchApplicationGuide.PDF	pass
2	tmp/wch-evt/evt/QingkeV2A_CH32V003_EVT/EXAM/FLASH/BootAsUser/BOOT«¯”Ú◊˜Œ™”√ªß«¯ π”√Àµ√˜.pdf	d0f94305e9e3fba25c38f7c457145662810b7c05aaa9bf9e1fd57def63e178bc	461134	BOOT	V1.3	Fri Mar  7 15:03:55 2025 JST	mixed-or-chinese	4	CH32V002;CH32V003;CH641	local-wch-evt-or-manual	included-full-text-query	Poppler pdftotext -layout -enc UTF-8	pass	6e4d04bb577deba9ca8f47bf6ffbcb83816f20cec7ff670fe2d8fc37efd1891f	tmp/wch-evt/evt/QingkeV2A_CH32V003_EVT/EXAM/FLASH/BootAsUser/BOOT«¯”Ú◊˜Œ™”√ªß«¯ π”√Àµ√˜.pdf	pass
2	tmp/wch-evt/evt/QingkeV2A_CH32V003_EVT/EXAM/USART_IAP/CH32V003_IAP π”√Àµ√˜.pdf	ab08fe3e2195cb74cff9d76afdadde890f1f3ba9269606cc27aa6ac650897af6	412148	CH32V003_IAP	V1.1	Thu Jan  9 18:04:44 2025 JST	mixed-or-chinese	2	not-specific	local-wch-evt-or-manual	included-full-text-query	Poppler pdftotext -layout -enc UTF-8	pass	0dd29df05b9c1735fe225e0de9072a993a57dc939e54ddfd9536bb0f37814ca8	tmp/wch-evt/evt/QingkeV2A_CH32V003_EVT/EXAM/USART_IAP/CH32V003_IAP π”√Àµ√˜.pdf	pass
2	tmp/wch-evt/evt/QingkeV2A_CH32V003_EVT/PUB/CH32V00x Evaluation Board Reference-EN.pdf	c565840f62a98b79c34726c2a02b2a88b2202983faef184713fbbc5876606d6d	2757209	CH32V00x Evaluation Board Reference-EN	V1.3	Thu Jun  6 16:36:18 2024 JST	latin-script-or-empty	10	CH32V003;CH32V003EVT;CH32V003F4P6;CH32V00x;CH32V00xSCH	local-wch-evt-or-manual	included-full-text-query	Poppler pdftotext -layout -enc UTF-8	pass	5174246882578c968cf306c21d3e28bcb4187c4afeb6566feba02c8e7383955b	tmp/wch-evt/evt/QingkeV2A_CH32V003_EVT/PUB/CH32V00x Evaluation Board Reference-EN.pdf	pass
2	tmp/wch-evt/evt/QingkeV2A_CH32V003_EVT/PUB/CH32V00xSCH.pdf	c05d96a7790f760f7f2c5ca6d9864017c4a6a38254c2558889dddf92e816173b	72863	New Output	not-extracted	Thu Aug  3 09:00:00 2023 JST	latin-script-or-empty	1	CH32V00xSCH	local-wch-evt-or-manual	included-full-text-query	Poppler pdftotext -layout -enc UTF-8	pass	9dd2baa6bbbc87fa34646601b721aa9b2bb6326e17285d28c1483351b05530ed	tmp/wch-evt/evt/QingkeV2A_CH32V003_EVT/PUB/CH32V00xSCH.pdf	pass
2	tmp/wch-evt/evt/QingkeV2A_CH32V003_EVT/PUB/CH32V00x∆¿π¿∞ÂÀµ√˜ È.pdf	9929232c12a338f7f212aa22859ce02ebeba0bc08e279c2e3f62fe3163e8f176	2266530	CH32V00x	V1.3	Tue Dec 26 15:41:15 2023 JST	mixed-or-chinese	8	CH32V003;CH32V003EVT;CH32V003F4P6;CH32V00x;CH32V00xSCH	local-wch-evt-or-manual	included-full-text-query	Poppler pdftotext -layout -enc UTF-8	pass	3dadf69171c2516045aaa0a664e6654ecc60b2149d3056ee473deda35b05b208	tmp/wch-evt/evt/QingkeV2A_CH32V003_EVT/PUB/CH32V00x∆¿π¿∞ÂÀµ√˜ È.pdf	pass
2	tmp/wch-evt/evt/QingkeV2C_CH32V006_EVT/EXAM/APPLICATION/Motor/Electric_Fan/DOC_SCH_PCB/CH32M007À´µÁ◊ËFOC∆¿π¿∞Â”≤º˛Àµ√˜.pdf	7b7878d7b889e753201e0a2c0c47ac1f01fbf9fba1d4c37a05a2a7b52fd735cb	1549003	CH32M007	V1.0	Tue Jan 21 14:48:01 2025 JST	mixed-or-chinese	6	CH32M007;CH32M007E8R6;CH32M007E8U6	local-wch-evt-or-manual	included-full-text-query	Poppler pdftotext -layout -enc UTF-8	pass	e992d21b3dbab79b9b5fac0cd87fafe220be8bc777af90f089efa52af6c18760	tmp/wch-evt/evt/QingkeV2C_CH32V006_EVT/EXAM/APPLICATION/Motor/Electric_Fan/DOC_SCH_PCB/CH32M007À´µÁ◊ËFOC∆¿π¿∞Â”≤º˛Àµ√˜.pdf	pass
2	tmp/wch-evt/evt/QingkeV2C_CH32V006_EVT/EXAM/APPLICATION/Motor/Electric_Fan/DOC_SCH_PCB/PMSM_M007R_Fan.pdf	dfa7c38bcb252af760873778976c3cee96985afa889559f1596c89a80b678f3c	193031	New Output	not-extracted	Tue Jan 21 09:00:00 2025 JST	mixed-or-chinese	1	not-specific	local-wch-evt-or-manual	included-full-text-query	Poppler pdftotext -layout -enc UTF-8	pass	e27d6642d106cecd3230e20cffcb6a23f3f967cafaeeeb185ed11cda52a28561	tmp/wch-evt/evt/QingkeV2C_CH32V006_EVT/EXAM/APPLICATION/Motor/Electric_Fan/DOC_SCH_PCB/PMSM_M007R_Fan.pdf	pass
2	tmp/wch-evt/evt/QingkeV2C_CH32V006_EVT/EXAM/APPLICATION/Motor/Electric_Fan/DOC_SCH_PCB/PMSM_M007U_Fan.pdf	f75b4d5cd0f31209d2a8aacb6f347ef9ad46f1167aceff5e7278152ea1962319	203419	New Output	not-extracted	Tue Jan 21 09:00:00 2025 JST	mixed-or-chinese	1	CH32M007E8U6	local-wch-evt-or-manual	included-full-text-query	Poppler pdftotext -layout -enc UTF-8	pass	0917610674ebf341ac6febe62b707b4e86a00bd6d26d5e93078387fff8fdf360	tmp/wch-evt/evt/QingkeV2C_CH32V006_EVT/EXAM/APPLICATION/Motor/Electric_Fan/DOC_SCH_PCB/PMSM_M007U_Fan.pdf	pass
2	tmp/wch-evt/evt/QingkeV2C_CH32V006_EVT/EXAM/APPLICATION/Motor/Voilent_Fan/DOC_SCH_PCB/CH32M007µ•µÁ◊ËBLDC∆¿π¿∞Â”≤º˛Àµ√˜.pdf	1fbfd86bb4ae445b0fe6a0f178ecb3be6c4f8309d19530ec34631266f289946a	1364980	CH32M007	V1.0	Tue Jan 21 14:48:46 2025 JST	mixed-or-chinese	5	CH32M007;CH32M007E8R6;CH32M007E8U6;CH32V00XRM	local-wch-evt-or-manual	included-full-text-query	Poppler pdftotext -layout -enc UTF-8	pass	505b25c84760301920497cf5bd8c4cf109c50a698f6eb8469af9c83b76110ed5	tmp/wch-evt/evt/QingkeV2C_CH32V006_EVT/EXAM/APPLICATION/Motor/Voilent_Fan/DOC_SCH_PCB/CH32M007µ•µÁ◊ËBLDC∆¿π¿∞Â”≤º˛Àµ√˜.pdf	pass
2	tmp/wch-evt/evt/QingkeV2C_CH32V006_EVT/EXAM/APPLICATION/Motor/Voilent_Fan/DOC_SCH_PCB/LV_hairDrier.pdf	951e89a317fd38eec475c2e4c3d883c86a5355097550fa9a067ada84664227d9	167403	New Output	not-extracted	Tue Jan 21 09:00:00 2025 JST	mixed-or-chinese	1	CH32M007E8U6	local-wch-evt-or-manual	included-full-text-query	Poppler pdftotext -layout -enc UTF-8	pass	8fc7ce98dda9042c6e0dcea15060f61ed5ec03b37cfdff44f196c6ec791e7bc7	tmp/wch-evt/evt/QingkeV2C_CH32V006_EVT/EXAM/APPLICATION/Motor/Voilent_Fan/DOC_SCH_PCB/LV_hairDrier.pdf	pass
2	tmp/wch-evt/evt/QingkeV2C_CH32V006_EVT/EXAM/FLASH/BootAsUser/BOOT«¯”Ú◊˜Œ™”√ªß«¯ π”√Àµ√˜.pdf	ff1657e67e091473fa35adf1c629acd46f88bac5e11fe75df8cd121723f88d5b	481884	BOOT	V1.1	Fri Mar  7 15:04:20 2025 JST	mixed-or-chinese	4	CH32V002;CH32V003;CH32V006;CH641	local-wch-evt-or-manual	included-full-text-query	Poppler pdftotext -layout -enc UTF-8	pass	a54edd11b50d402f53a04929af326e7ebd0c50f87c0721b68dcae6f363a13f7f	tmp/wch-evt/evt/QingkeV2C_CH32V006_EVT/EXAM/FLASH/BootAsUser/BOOT«¯”Ú◊˜Œ™”√ªß«¯ π”√Àµ√˜.pdf	pass
2	tmp/wch-evt/evt/QingkeV2C_CH32V006_EVT/EXAM/IAP/USB_UART/CH32V205_IAP π”√Àµ√˜.pdf	63f10c5a8d1c0ac2d213b858c4f4aa182fbb5f364e1c1744f9f3e7d7f5c9f39b	305914	CH32V205_IAP	V1.50	Wed Jul  9 17:07:51 2025 JST	mixed-or-chinese	3	CH32V205	local-wch-evt-or-manual	included-full-text-query	Poppler pdftotext -layout -enc UTF-8	pass	a33402653ae44ccd45509d56efb318d3f1cc092ff197e7d6cee7e2cfe123acfc	tmp/wch-evt/evt/QingkeV2C_CH32V006_EVT/EXAM/IAP/USB_UART/CH32V205_IAP π”√Àµ√˜.pdf	pass
2	tmp/wch-evt/evt/QingkeV2C_CH32V006_EVT/EXAM/PIOC/Tool_Manual/Manual/CHRISC8B.PDF	38231bec89ea50abb7273c76f8d84adfdd0557829628ece8be8bf752e78281f5	184327	CHRISC8B.DOC	2B	not-extracted	mixed-or-chinese	10	CH537X	local-wch-evt-or-manual	included-full-text-query	Poppler pdftotext -layout -enc UTF-8	pass	08b79dc39db0f57d82f836a2e71c3fb973c6496d7c13231fee093e7232aa9c9a	tmp/wch-evt/evt/QingkeV2C_CH32V006_EVT/EXAM/PIOC/Tool_Manual/Manual/CHRISC8B.PDF	pass
2	tmp/wch-evt/evt/QingkeV2C_CH32V006_EVT/EXAM/PIOC/Tool_Manual/Manual/PIOC.PDF	61e543eb2dcdf538deaabf40afccae53fbd8166bb2b64890112bd885da0ede43	143828	PIOC.DOC	1	not-extracted	mixed-or-chinese	9	not-specific	local-wch-evt-or-manual	included-full-text-query	Poppler pdftotext -layout -enc UTF-8	pass	57d09e9736be7e3a25f70cc2a7246f7764e18b309fef102d70137d1e2bfe3e73	tmp/wch-evt/evt/QingkeV2C_CH32V006_EVT/EXAM/PIOC/Tool_Manual/Manual/PIOC.PDF	pass
2	tmp/wch-evt/evt/QingkeV2C_CH32V006_EVT/EXAM/PIOC/Tool_Manual/Manual/PIOC π”√Àµ√˜.pdf	a1b0149616442cfadc84bb6d957459e45099dfc23b618f3bc9c3413b846b8c7b	661368	PIOC	V1.0	Tue Sep 16 15:26:38 2025 JST	mixed-or-chinese	2	CH32V205	local-wch-evt-or-manual	included-full-text-query	Poppler pdftotext -layout -enc UTF-8	pass	5dc7422cf40604bb76a92153be29e61042f4d8d1bacec87d1ef5fe9202029953	tmp/wch-evt/evt/QingkeV2C_CH32V006_EVT/EXAM/PIOC/Tool_Manual/Manual/PIOC π”√Àµ√˜.pdf	pass
2	tmp/wch-evt/evt/QingkeV2C_CH32V006_EVT/EXAM/TOUCHKEY/DOC_SCH_PCB/CH32V00x_Touch_Kit.pdf	9693ef4c83762e3e02007e0cee6fdf4ebc548d360b54ce89bda4875efcf13070	101244	New Output	not-extracted	Tue Jan 21 09:00:00 2025 JST	latin-script-or-empty	1	not-specific	local-wch-evt-or-manual	included-full-text-query	Poppler pdftotext -layout -enc UTF-8	pass	bbf9a3f5f6740bee0dd8be5b80907a95942fcc4bf983fe2bb5433400131bce11	tmp/wch-evt/evt/QingkeV2C_CH32V006_EVT/EXAM/TOUCHKEY/DOC_SCH_PCB/CH32V00x_Touch_Kit.pdf	pass
2	tmp/wch-evt/evt/QingkeV2C_CH32V006_EVT/EXAM/TOUCHKEY/DOC_SCH_PCB/WCH_TOUCH_Kit_EX001.pdf	6544e5b72df170db518c410ff48329bf18def134498e1f050a99e99a5350fa41	56996	New Output	not-extracted	Tue Jan 21 09:00:00 2025 JST	latin-script-or-empty	1	not-specific	local-wch-evt-or-manual	included-full-text-query	Poppler pdftotext -layout -enc UTF-8	pass	f3daf93563f937f6b5c257509d75a785ee0d9855139b2bac6a3bb7eec49fe7cb	tmp/wch-evt/evt/QingkeV2C_CH32V006_EVT/EXAM/TOUCHKEY/DOC_SCH_PCB/WCH_TOUCH_Kit_EX001.pdf	pass
2	tmp/wch-evt/evt/QingkeV2C_CH32V006_EVT/EXAM/TOUCHKEY/DOC_SCH_PCB/WCH_TOUCH_Kit_EX002.pdf	2c860b1092ea0cd3f8a6444f5b10802857ddbc47dbe609b8cda25721a33659be	42142	New Output	not-extracted	Tue Jan 21 09:00:00 2025 JST	latin-script-or-empty	1	not-specific	local-wch-evt-or-manual	included-full-text-query	Poppler pdftotext -layout -enc UTF-8	pass	a4c6eeae494bd4808c2a2e6a1e2287cfa2443ceafe66d7c081ed75b93073a762	tmp/wch-evt/evt/QingkeV2C_CH32V006_EVT/EXAM/TOUCHKEY/DOC_SCH_PCB/WCH_TOUCH_Kit_EX002.pdf	pass
2	tmp/wch-evt/evt/QingkeV2C_CH32V006_EVT/EXAM/TOUCHKEY/DOC_SCH_PCB/WCH_touchkey_liteø‚ π”√Àµ√˜.pdf	1d55728072da8f8644b808f372d091ee0fac8c51218b40f2b1eed6a051717d84	375168	WCH_touchkey_lite	not-extracted	Tue Jan 21 15:01:42 2025 JST	mixed-or-chinese	10	CH32L103;CH32V006;CH32V00X;CH32V20X;CH32V30X;CH57x;CH58x;CH59X;CH59x	local-wch-evt-or-manual	included-full-text-query	Poppler pdftotext -layout -enc UTF-8	pass	ae74a2b178ea04ac64e7ac1d9388ebd7f5a817bab762354d5adf3a1d71b9de06	tmp/wch-evt/evt/QingkeV2C_CH32V006_EVT/EXAM/TOUCHKEY/DOC_SCH_PCB/WCH_touchkey_liteø‚ π”√Àµ√˜.pdf	pass
2	tmp/wch-evt/evt/QingkeV2C_CH32V006_EVT/EXAM/TOUCHKEY/DOC_SCH_PCB/WCH¥•√˛”¶”√÷∏ƒœ.pdf	9c0f28254428f03947e846db9d687ce02eed6dcc1d603245e3d28b61b688d8b3	3037502	WCH	not-extracted	Tue Jan 21 14:58:39 2025 JST	mixed-or-chinese	11	CH32L103;CH32V006;CH32V007;CH32V00X;CH32V20X;CH32V30X;CH572;CH583;CH585;CH58x;CH592;CH59x	local-wch-evt-or-manual	included-full-text-query	Poppler pdftotext -layout -enc UTF-8	pass	209579d3345aded4f4355a887e88eef9ff39c1e80c32f083178582663f4f097c	tmp/wch-evt/evt/QingkeV2C_CH32V006_EVT/EXAM/TOUCHKEY/DOC_SCH_PCB/WCH¥•√˛”¶”√÷∏ƒœ.pdf	pass
2	tmp/wch-evt/evt/QingkeV2C_CH32V006_EVT/EXAM/USART_IAP/CH32V00X_IAP π”√Àµ√˜.pdf	28cedd1734c8047adc4ecc84f613a5d72a56771fb9cff061af283f58d64c53b0	418256	CH32V00x_IAP	V1.1	Thu Jan  9 18:04:28 2025 JST	mixed-or-chinese	2	not-specific	local-wch-evt-or-manual	included-full-text-query	Poppler pdftotext -layout -enc UTF-8	pass	810aa1d7398c1fd2f45d997d8ed25818e35081ad628efdcaeddb801b07dad117	tmp/wch-evt/evt/QingkeV2C_CH32V006_EVT/EXAM/USART_IAP/CH32V00X_IAP π”√Àµ√˜.pdf	pass
2	tmp/wch-evt/evt/QingkeV2C_CH32V006_EVT/PUB/CH32V00X Evaluation Board Reference.pdf	f348f5aa73057fbe09bdbc8934738c422af0633f69c35742d4970996f13fabff	2206022	CH32V00X Evaluation Board Reference	V1.1	Fri Jun 21 11:08:50 2024 JST	latin-script-or-empty	10	CH32V002D4U6;CH32V005D6U6;CH32V006;CH32V006K8U6;CH32V00X;CH32V00XSCH	local-wch-evt-or-manual	included-full-text-query	Poppler pdftotext -layout -enc UTF-8	pass	236010dfb70ecf35b9b93a77ff1a21a4b6fa9453b7bfb1edaf9757a1cf81a98d	tmp/wch-evt/evt/QingkeV2C_CH32V006_EVT/PUB/CH32V00X Evaluation Board Reference.pdf	pass
2	tmp/wch-evt/evt/QingkeV2C_CH32V006_EVT/PUB/CH32V00XSCH.pdf	b7ee4a2d12170c061370d1d51f9e68e7f7d5bc2d827f766221d258d3b59a6fc0	700411	New Output	not-extracted	Tue Nov 12 09:00:00 2024 JST	latin-script-or-empty	11	CH32V00XSCH	local-wch-evt-or-manual	included-full-text-query	Poppler pdftotext -layout -enc UTF-8	pass	a2ac21006cd7e78f77ff25384011c8ae44bd9dc57e1d80f241fedac1ec788576	tmp/wch-evt/evt/QingkeV2C_CH32V006_EVT/PUB/CH32V00XSCH.pdf	pass
2	tmp/wch-evt/evt/QingkeV2C_CH32V006_EVT/PUB/CH32V00X∆¿π¿∞ÂÀµ√˜ È.pdf	ad3b1f8c8f3d1e31d83b9731c43370546debc451e2e666e23b5729d0daa17390	1992408	CH32V00X	V1.1	Fri Jun 21 11:09:16 2024 JST	mixed-or-chinese	8	CH32V002D4U6;CH32V005D6U6;CH32V006;CH32V006K8U6;CH32V00X;CH32V00XSCH	local-wch-evt-or-manual	included-full-text-query	Poppler pdftotext -layout -enc UTF-8	pass	6c8209c46c0957a9755fc77ccca6e1ffa976277d59df19959d90c87293d5badc	tmp/wch-evt/evt/QingkeV2C_CH32V006_EVT/PUB/CH32V00X∆¿π¿∞ÂÀµ√˜ È.pdf	pass
2	tmp/wch-evt/evt/QingkeV2C_CH32V006_EVT/PUB/CH32V205 Evaluation Board Reference-EN.pdf	30f9c20ea56a20512de3418423010382ff618a2f1a8e34124133c9a316cdb22b	2674515	CH32V205 Evaluation Board Reference-EN	V1.1	Mon Dec 15 16:46:50 2025 JST	latin-script-or-empty	9	CH32V205;CH32V205RCT;CH32V205SCH	local-wch-evt-or-manual	included-full-text-query	Poppler pdftotext -layout -enc UTF-8	pass	379b84ce70a2fbf96952165ef2d6dbdcee5cc3785991e1f6960779ea67630f2e	tmp/wch-evt/evt/QingkeV2C_CH32V006_EVT/PUB/CH32V205 Evaluation Board Reference-EN.pdf	pass
2	tmp/wch-evt/evt/QingkeV2C_CH32V006_EVT/PUB/CH32V205SCH.pdf	17689742601852f06338278cddd72d0d2e992fded3e53fd1c4f18bbda2ca6ed2	658181	New Output	not-extracted	Fri Dec 19 09:00:00 2025 JST	latin-script-or-empty	4	CH32V205SCH	local-wch-evt-or-manual	included-full-text-query	Poppler pdftotext -layout -enc UTF-8	pass	fe899723825388806ef75452ea7b3925592eabc47806805c3808c3e026a866e9	tmp/wch-evt/evt/QingkeV2C_CH32V006_EVT/PUB/CH32V205SCH.pdf	pass
2	tmp/wch-evt/evt/QingkeV2C_CH32V006_EVT/PUB/CH32V205∆¿π¿∞ÂÀµ√˜ È.pdf	6a00add95cdeae610ddb42db7e1a87636e015dd50a4fe503ffb72ce33da39225	2395290	CH32V205	V1.1	Mon Dec 15 16:47:22 2025 JST	mixed-or-chinese	7	CH32V205;CH32V205RCT;CH32V205SCH	local-wch-evt-or-manual	included-full-text-query	Poppler pdftotext -layout -enc UTF-8	pass	6f6a76f419ec6c6ca97dd9f1d970d01b59fb23e4f33625b917b86d3eb5f746af	tmp/wch-evt/evt/QingkeV2C_CH32V006_EVT/PUB/CH32V205∆¿π¿∞ÂÀµ√˜ È.pdf	pass
2	tmp/wch-evt/evt/QingkeV3A_CH32V103_EVT/EXAM/IAP/UART_USB_IAP/CH32V10x_IAP π”√Àµ√˜.PDF	cf7ea9f355104b36365c7b16247a61793e555175f1449c7ea6331b1c448f29b4	587796	CH32V10x_IAP使用说明	not-extracted	not-extracted	mixed-or-chinese	2	CH32V10x	local-wch-evt-or-manual	included-full-text-query	Poppler pdftotext -layout -enc UTF-8	pass	81d7fd5943093ee4b5591a61807de931d920fd4a2fc69a82fd98ad16b4971609	tmp/wch-evt/evt/QingkeV3A_CH32V103_EVT/EXAM/IAP/UART_USB_IAP/CH32V10x_IAP π”√Àµ√˜.PDF	pass
2	tmp/wch-evt/evt/QingkeV3A_CH32V103_EVT/PUB/CH32V103 Evaluation Board Reference-EN.pdf	dfed1b54b3e458f343833a5e211c00783bf4f0f5c26f18082d793677114a7c59	4813382	CH32V103 Evaluation Board Reference-EN	V1.6	Tue Jun 18 14:48:47 2024 JST	latin-script-or-empty	12	CH32F103;CH32V103;CH32V103C8T6;CH32V103EVT;CH32V103R8T6;CH32V103SCH	local-wch-evt-or-manual	included-full-text-query	Poppler pdftotext -layout -enc UTF-8	pass	8e124f9e8cc5c109c0e3469ecab1d64638d401f386868c484dcffcab638b4a91	tmp/wch-evt/evt/QingkeV3A_CH32V103_EVT/PUB/CH32V103 Evaluation Board Reference-EN.pdf	pass
2	tmp/wch-evt/evt/QingkeV3A_CH32V103_EVT/PUB/CH32V103SCH.pdf	9e63334179d882220f48d51f9ea76d121c1c9cad9c1e5e406aa6263ffbec985d	625989	New Output	not-extracted	Sat Jul  1 09:00:00 2023 JST	mixed-or-chinese	4	CH32V103SCH	local-wch-evt-or-manual	included-full-text-query	Poppler pdftotext -layout -enc UTF-8	pass	053786700ef038caa398382917b265bcc6047470a01d64f2d961db0092ff5b2c	tmp/wch-evt/evt/QingkeV3A_CH32V103_EVT/PUB/CH32V103SCH.pdf	pass
2	tmp/wch-evt/evt/QingkeV3A_CH32V103_EVT/PUB/CH32V103∆¿π¿∞ÂÀµ√˜ È.pdf	7de7955ca3468ef10fffc2fda83002e1840b7b68e7ec7d64b88e36483b14b39d	4508868	CH32V103	V1.6	Tue Jun 18 12:45:58 2024 JST	mixed-or-chinese	11	CH32F103;CH32V103;CH32V103C8T6;CH32V103EVT;CH32V103R8T6;CH32V103SCH	local-wch-evt-or-manual	included-full-text-query	Poppler pdftotext -layout -enc UTF-8	pass	35d59f514b090abafb10963af05173d289b9b20eb3ad9d91d2298d035da7bb48	tmp/wch-evt/evt/QingkeV3A_CH32V103_EVT/PUB/CH32V103∆¿π¿∞ÂÀµ√˜ È.pdf	pass
2	tmp/wch-evt/evt/QingkeV3B_CH32V205_EVT/EXAM/IAP/USB_UART/CH32V205_IAP π”√Àµ√˜.pdf	63f10c5a8d1c0ac2d213b858c4f4aa182fbb5f364e1c1744f9f3e7d7f5c9f39b	305914	CH32V205_IAP	V1.50	Wed Jul  9 17:07:51 2025 JST	mixed-or-chinese	3	CH32V205	local-wch-evt-or-manual	included-full-text-query	Poppler pdftotext -layout -enc UTF-8	pass	a33402653ae44ccd45509d56efb318d3f1cc092ff197e7d6cee7e2cfe123acfc	tmp/wch-evt/evt/QingkeV2C_CH32V006_EVT/EXAM/IAP/USB_UART/CH32V205_IAP π”√Àµ√˜.pdf	pass
2	tmp/wch-evt/evt/QingkeV3B_CH32V205_EVT/EXAM/PIOC/Tool_Manual/Manual/CHRISC8B.PDF	38231bec89ea50abb7273c76f8d84adfdd0557829628ece8be8bf752e78281f5	184327	CHRISC8B.DOC	2B	not-extracted	mixed-or-chinese	10	CH537X	local-wch-evt-or-manual	included-full-text-query	Poppler pdftotext -layout -enc UTF-8	pass	08b79dc39db0f57d82f836a2e71c3fb973c6496d7c13231fee093e7232aa9c9a	tmp/wch-evt/evt/QingkeV2C_CH32V006_EVT/EXAM/PIOC/Tool_Manual/Manual/CHRISC8B.PDF	pass
2	tmp/wch-evt/evt/QingkeV3B_CH32V205_EVT/EXAM/PIOC/Tool_Manual/Manual/PIOC.PDF	61e543eb2dcdf538deaabf40afccae53fbd8166bb2b64890112bd885da0ede43	143828	PIOC.DOC	1	not-extracted	mixed-or-chinese	9	not-specific	local-wch-evt-or-manual	included-full-text-query	Poppler pdftotext -layout -enc UTF-8	pass	57d09e9736be7e3a25f70cc2a7246f7764e18b309fef102d70137d1e2bfe3e73	tmp/wch-evt/evt/QingkeV2C_CH32V006_EVT/EXAM/PIOC/Tool_Manual/Manual/PIOC.PDF	pass
2	tmp/wch-evt/evt/QingkeV3B_CH32V205_EVT/EXAM/PIOC/Tool_Manual/Manual/PIOC π”√Àµ√˜.pdf	a1b0149616442cfadc84bb6d957459e45099dfc23b618f3bc9c3413b846b8c7b	661368	PIOC	V1.0	Tue Sep 16 15:26:38 2025 JST	mixed-or-chinese	2	CH32V205	local-wch-evt-or-manual	included-full-text-query	Poppler pdftotext -layout -enc UTF-8	pass	5dc7422cf40604bb76a92153be29e61042f4d8d1bacec87d1ef5fe9202029953	tmp/wch-evt/evt/QingkeV2C_CH32V006_EVT/EXAM/PIOC/Tool_Manual/Manual/PIOC π”√Àµ√˜.pdf	pass
2	tmp/wch-evt/evt/QingkeV3B_CH32V205_EVT/PUB/CH32V205 Evaluation Board Reference-EN.pdf	30f9c20ea56a20512de3418423010382ff618a2f1a8e34124133c9a316cdb22b	2674515	CH32V205 Evaluation Board Reference-EN	V1.1	Mon Dec 15 16:46:50 2025 JST	latin-script-or-empty	9	CH32V205;CH32V205RCT;CH32V205SCH	local-wch-evt-or-manual	included-full-text-query	Poppler pdftotext -layout -enc UTF-8	pass	379b84ce70a2fbf96952165ef2d6dbdcee5cc3785991e1f6960779ea67630f2e	tmp/wch-evt/evt/QingkeV2C_CH32V006_EVT/PUB/CH32V205 Evaluation Board Reference-EN.pdf	pass
2	tmp/wch-evt/evt/QingkeV3B_CH32V205_EVT/PUB/CH32V205SCH.pdf	17689742601852f06338278cddd72d0d2e992fded3e53fd1c4f18bbda2ca6ed2	658181	New Output	not-extracted	Fri Dec 19 09:00:00 2025 JST	latin-script-or-empty	4	CH32V205SCH	local-wch-evt-or-manual	included-full-text-query	Poppler pdftotext -layout -enc UTF-8	pass	fe899723825388806ef75452ea7b3925592eabc47806805c3808c3e026a866e9	tmp/wch-evt/evt/QingkeV2C_CH32V006_EVT/PUB/CH32V205SCH.pdf	pass
2	tmp/wch-evt/evt/QingkeV3B_CH32V205_EVT/PUB/CH32V205∆¿π¿∞ÂÀµ√˜ È.pdf	6a00add95cdeae610ddb42db7e1a87636e015dd50a4fe503ffb72ce33da39225	2395290	CH32V205	V1.1	Mon Dec 15 16:47:22 2025 JST	mixed-or-chinese	7	CH32V205;CH32V205RCT;CH32V205SCH	local-wch-evt-or-manual	included-full-text-query	Poppler pdftotext -layout -enc UTF-8	pass	6f6a76f419ec6c6ca97dd9f1d970d01b59fb23e4f33625b917b86d3eb5f746af	tmp/wch-evt/evt/QingkeV2C_CH32V006_EVT/PUB/CH32V205∆¿π¿∞ÂÀµ√˜ È.pdf	pass
2	tmp/wch-evt/evt/QingkeV3C_CH587_EVT/EXAM/BLE/MESH/«ﬂ∫„MESH APPπ‹¿Ì≈‰Õ¯”¶”√ ÷≤·.pdf	a9beeac42aea281f9741efc352ee80b857da9aeccbd60f233c152fab50ebb906	722748	沁恒MESH APP管理配网应用手册	V1.1	Tue Jul 21 17:28:41 2026 JST	mixed-or-chinese	19	not-specific	local-wch-evt-or-manual	included-full-text-query	Poppler pdftotext -layout -enc UTF-8	pass	50ffe877fb1b93488d2e007f0c183ffc9b45493559791957bf1384ba63079942	tmp/wch-evt/evt/QingkeV3C_CH587_EVT/EXAM/BLE/MESH/«ﬂ∫„MESH APPπ‹¿Ì≈‰Õ¯”¶”√ ÷≤·.pdf	pass
2	tmp/wch-evt/evt/QingkeV3C_CH587_EVT/EXAM/BLE/MESH/«ﬂ∫„µÕπ¶∫ƒ¿∂—¿MESH»Ìº˛ø™∑¢≤Œøº ÷≤·.pdf	c7584f7adf38d33f61772b03853335d70dad741e5325bdff561c0f0bc866bccf	394486	沁恒低功耗蓝牙MESH软件开发参考手册	V1.1	Tue Jul 21 18:08:35 2026 JST	mixed-or-chinese	40	CH58x;CH58xEVT	local-wch-evt-or-manual	included-full-text-query	Poppler pdftotext -layout -enc UTF-8	pass	8d6de8cce4e03b65d6d4846087af1038143022b19cbf43cdc8639da6bba3f0a8	tmp/wch-evt/evt/QingkeV3C_CH587_EVT/EXAM/BLE/MESH/«ﬂ∫„µÕπ¶∫ƒ¿∂—¿MESH»Ìº˛ø™∑¢≤Œøº ÷≤·.pdf	pass
2	tmp/wch-evt/evt/QingkeV3C_CH587_EVT/EXAM/BLE/WCH¿∂—¿ø’÷–…˝º∂£®BLE OTA£©.PDF	f0ec07ed115cba1df30570a2ae2900b3c1b2ef15cb6898cd58c648ef293c20da	336100	WCH	V1.2	Tue Jul 21 17:22:01 2026 JST	mixed-or-chinese	4	not-specific	local-wch-evt-or-manual	included-full-text-query	Poppler pdftotext -layout -enc UTF-8	pass	b64c1168439579fc99169d9d29573bb826ec85b63017f1691133fee230d617b5	tmp/wch-evt/evt/QingkeV3C_CH587_EVT/EXAM/BLE/WCH¿∂—¿ø’÷–…˝º∂£®BLE OTA£©.PDF	pass
2	tmp/wch-evt/evt/QingkeV3C_CH587_EVT/EXAM/BLE/«ﬂ∫„µÕπ¶∫ƒ¿∂—¿»Ìº˛ø™∑¢≤Œøº ÷≤·.PDF	197ec7ccbc510aae957cd943481442403ef44661b9c3e9803dacd580798767b3	3374993	沁恒低功耗蓝牙软件开发参考手册	V1.9	Tue Jul 21 18:06:01 2026 JST	mixed-or-chinese	70	CH583DS1;CH58x;CH58xEVT	local-wch-evt-or-manual	included-full-text-query	Poppler pdftotext -layout -enc UTF-8	pass	7084c35d793f3a4853998ffc61379b6f603091dc872e98b80b2478f395b410e4	tmp/wch-evt/evt/QingkeV3C_CH587_EVT/EXAM/BLE/«ﬂ∫„µÕπ¶∫ƒ¿∂—¿»Ìº˛ø™∑¢≤Œøº ÷≤·.PDF	pass
2	tmp/wch-evt/evt/QingkeV3C_CH587_EVT/EXAM/I2C/I2CΩ”ø⁄ π”√÷∏ƒœ.PDF	df41d54ffde334679bc26d7e9ab369b03cff39a8f2ce783afacc8b3ee3f83c8b	440699	I2C	1B	Tue Jul 21 17:17:29 2026 JST	mixed-or-chinese	7	not-specific	local-wch-evt-or-manual	included-full-text-query	Poppler pdftotext -layout -enc UTF-8	pass	ae3bb180f1fcc856b7f8d59eaa1aa642d9d0ab9f14ff92358a6e6585ebba5472	tmp/wch-evt/evt/QingkeV3C_CH587_EVT/EXAM/I2C/I2CΩ”ø⁄ π”√÷∏ƒœ.PDF	pass
2	tmp/wch-evt/evt/QingkeV3C_CH587_EVT/EXAM/TOUCH/WCH_touch_V3ø‚ π”√Àµ√˜.pdf	bf50109705ef8acbf0c3573ecd43689d2ae2a976dce9f4a56d04a7478e05359a	269024	WCH_touch_V3	V1.1	Tue Jul 21 17:18:18 2026 JST	mixed-or-chinese	18	CH585;CH595	local-wch-evt-or-manual	included-full-text-query	Poppler pdftotext -layout -enc UTF-8	pass	a504c93794c25380c5a04a4744369b0d97809403b040becad3a40da5abf094be	tmp/wch-evt/evt/QingkeV3C_CH587_EVT/EXAM/TOUCH/WCH_touch_V3ø‚ π”√Àµ√˜.pdf	pass
2	tmp/wch-evt/evt/QingkeV3C_CH587_EVT/PUB/CH587 Evaluation Board Reference.pdf	82c60716f886b5951473c6c76c470bcd08ac7ff0febfc1ea47f577de8badb4bf	3698179	CH587 Evaluation Board Reference	1	Tue Jul 21 17:13:29 2026 JST	latin-script-or-empty	13	CH587;CH587EVT;CH587M;CH587SCH;CH58x	local-wch-evt-or-manual	included-full-text-query	Poppler pdftotext -layout -enc UTF-8	pass	ef3c8e355ee54ab3c8eaaddbffdc19399b7abeb67deecdf2576c88f8e6a9d9e7	tmp/wch-evt/evt/QingkeV3C_CH587_EVT/PUB/CH587 Evaluation Board Reference.pdf	pass
2	tmp/wch-evt/evt/QingkeV3C_CH587_EVT/PUB/CH587SCH.pdf	ec32c5f5576ad51e03e8206fa4111ba109409d00c15543b515d46ddeb24396e6	196771	New Output	not-extracted	Mon Jun  8 09:00:00 2026 JST	mixed-or-chinese	1	CH587SCH	local-wch-evt-or-manual	included-full-text-query	Poppler pdftotext -layout -enc UTF-8	pass	8de5ccfd851218add5bcd15d4145c29c116b95ce3c27e9efb134f1ebbc044a16	tmp/wch-evt/evt/QingkeV3C_CH587_EVT/PUB/CH587SCH.pdf	pass
2	tmp/wch-evt/evt/QingkeV3C_CH587_EVT/PUB/CH587∆¿π¿∞ÂÀµ√˜ È.pdf	e524224396a0c9fcf1132b003dc775b09cd51f70faf13af6325c57e84d1f42ee	3651378	CH587	1	Tue Jul 21 17:15:57 2026 JST	mixed-or-chinese	10	CH587;CH587EVT;CH587M;CH587SCH;CH58x	local-wch-evt-or-manual	included-full-text-query	Poppler pdftotext -layout -enc UTF-8	pass	ed57ec2c96016de3a655075da16156a140b373124a5d26e0ae90b6e970d3568b	tmp/wch-evt/evt/QingkeV3C_CH587_EVT/PUB/CH587∆¿π¿∞ÂÀµ√˜ È.pdf	pass
2	tmp/wch-evt/evt/QingkeV3C_CH587_EVT/PUB/¿∂—¿–æ∆¨µƒµÁ¬∑º∞PCB…Ëº∆µƒ÷ÿ“™◊¢“‚ ¬œÓ.pdf	fa38487e29d9cf778512e51ae1865b63205f4b9b097278dd841df1bcdc484c81	2601285	蓝牙芯片的电路及PCB设计的重要注意事项	2B	Tue Jul 21 17:23:07 2026 JST	mixed-or-chinese	4	CH585	local-wch-evt-or-manual	included-full-text-query	Poppler pdftotext -layout -enc UTF-8	pass	db57dc2b1a64075c33db01bef8ed25c3d9d1b1d004414b44e3a7a2042f38ebb9	tmp/wch-evt/evt/QingkeV3C_CH587_EVT/PUB/¿∂—¿–æ∆¨µƒµÁ¬∑º∞PCB…Ëº∆µƒ÷ÿ“™◊¢“‚ ¬œÓ.pdf	pass
2	tmp/wch-evt/evt/QingkeV3F_CH32X315_EVT/EXAM/IAP/USB_UART/CH32X3x5_IAP π”√Àµ√˜.pdf	8a10df8fc6f78255ae9eb80424906ebd1363d88d4ccff2d96f9197efec4bdff4	530478	CH32X3x5_IAP	V1.0	Mon Apr 13 14:13:03 2026 JST	mixed-or-chinese	5	CH32X3x5	local-wch-evt-or-manual	included-full-text-query	Poppler pdftotext -layout -enc UTF-8	pass	314b468f7c6c2af3836eb404e9d750817a2f9fb372eff526c72a90293f1077d0	tmp/wch-evt/evt/QingkeV3F_CH32X315_EVT/EXAM/IAP/USB_UART/CH32X3x5_IAP π”√Àµ√˜.pdf	pass
2	tmp/wch-evt/evt/QingkeV3F_CH32X315_EVT/PUB/CH32X3x5 Evaluation Board Reference-EN.pdf	64115f9ea04b5f5cff2cc9706d5a9d8169496081cbcbfe788f70df91d739f664	2192938	CH32X3x5 Evaluation Board Reference-EN	V1.0	Wed May  6 14:37:14 2026 JST	latin-script-or-empty	11	CH32X315;CH32X315MCU;CH32X315MCU6;CH32X3x5;CH32X3x5SCH;CH448	local-wch-evt-or-manual	included-full-text-query	Poppler pdftotext -layout -enc UTF-8	pass	6560e3320601afc77c781c097376953c066e05a8c398cd310e2b8f0c865a1ea0	tmp/wch-evt/evt/QingkeV3F_CH32X315_EVT/PUB/CH32X3x5 Evaluation Board Reference-EN.pdf	pass
2	tmp/wch-evt/evt/QingkeV3F_CH32X315_EVT/PUB/CH32X3x5SCH.pdf	b4eb523bda7884f32b7ea2bd70ce7aad69c92ce42be9d4ff8d7d91ccc31e6469	676742	New Output	not-extracted	Wed May  6 09:00:00 2026 JST	latin-script-or-empty	4	CH32X3x5SCH	local-wch-evt-or-manual	included-full-text-query	Poppler pdftotext -layout -enc UTF-8	pass	073f34f82c6a42389033b5341a2e1af14b051f89b7541a925b7c22b80b5071ad	tmp/wch-evt/evt/QingkeV3F_CH32X315_EVT/PUB/CH32X3x5SCH.pdf	pass
2	tmp/wch-evt/evt/QingkeV3F_CH32X315_EVT/PUB/CH32X3x5∆¿π¿∞ÂÀµ√˜ È.pdf	bb45de97592f9a55b8f1ac51577734c9222560f6f1f0dfe8eeea4db2eec40b5c	2632442	CH32X3x5	V1.0	Wed May  6 14:37:58 2026 JST	mixed-or-chinese	9	CH32X315;CH32X315MCU6;CH32X3x5;CH32X3x5SCH	local-wch-evt-or-manual	included-full-text-query	Poppler pdftotext -layout -enc UTF-8	pass	ed13ac6b40ed321dc6d6f24c29151bc0e112c872052ab600dcdd00082db52b2c	tmp/wch-evt/evt/QingkeV3F_CH32X315_EVT/PUB/CH32X3x5∆¿π¿∞ÂÀµ√˜ È.pdf	pass
2	tmp/wch-evt/evt/QingkeV3V_CH32V407_EVT/EXAM/IAP/USB_UART/CH32V4x7_IAP π”√Àµ√˜.pdf	094d0abdcf4b7a43518a9f92be48912aead9772919c46ae14dfa4b28f38aebfd	503489	CH32V4x7_IAP	V1.1	Fri Apr  3 12:36:07 2026 JST	mixed-or-chinese	5	CH32V4x7	local-wch-evt-or-manual	included-full-text-query	Poppler pdftotext -layout -enc UTF-8	pass	df06b7ef332a6ea31a5cf763103605c77d0611998b0e5ba37d1d038c5f5856a9	tmp/wch-evt/evt/QingkeV3V_CH32V407_EVT/EXAM/IAP/USB_UART/CH32V4x7_IAP π”√Àµ√˜.pdf	pass
2	tmp/wch-evt/evt/QingkeV3V_CH32V407_EVT/PUB/CH32V4x7 Evaluation Board Reference-EN.pdf	3030dd04bac675b5fa2cbc98e07a0d67947681cfc8265ea4d7f64d20cb40e44a	2384634	CH32V4x7 Evaluation Board Reference-EN	V1.1	Fri May 22 17:56:15 2026 JST	latin-script-or-empty	11	CH32V407;CH32V407RET6;CH32V407VET6;CH32V467RET6;CH32V4x7;CH32V4x7SCH;CH32V4x7V	local-wch-evt-or-manual	included-full-text-query	Poppler pdftotext -layout -enc UTF-8	pass	e71ff8d3636f97167e0bacb3e7a3012d5fce54dfa7b5fb3a4a0ab5b4d6362293	tmp/wch-evt/evt/QingkeV3V_CH32V407_EVT/PUB/CH32V4x7 Evaluation Board Reference-EN.pdf	pass
2	tmp/wch-evt/evt/QingkeV3V_CH32V407_EVT/PUB/CH32V4x7SCH.pdf	fe2cf67a94ff4dcdff6da63b9a925d6701f74ad401613f06db6d5a0412c6b3be	1569938	New Output	not-extracted	Tue Jun 30 09:00:00 2026 JST	latin-script-or-empty	8	CH32V4x7SCH	local-wch-evt-or-manual	included-full-text-query	Poppler pdftotext -layout -enc UTF-8	pass	dec12f50bfeb3ca89665a08cbc44bfca62ce8e2836975a30157678e65ab869a5	tmp/wch-evt/evt/QingkeV3V_CH32V407_EVT/PUB/CH32V4x7SCH.pdf	pass
2	tmp/wch-evt/evt/QingkeV3V_CH32V407_EVT/PUB/CH32V4x7∆¿π¿∞ÂÀµ√˜ È.pdf	e083020931f004cf8d2c4e383061e9857c189ef005ad403b69cd960afc3c7e57	2284419	CH32V4x7	V1.1	Fri May 22 17:55:28 2026 JST	mixed-or-chinese	9	CH32V407;CH32V407RET6;CH32V407VET6;CH32V467RET6;CH32V4x7;CH32V4x7SCH;CH32V4x7V	local-wch-evt-or-manual	included-full-text-query	Poppler pdftotext -layout -enc UTF-8	pass	aa30e267084ddb28cf4d0ddae942e8f8938ad8efdc7b5d5854f3af5e06843373	tmp/wch-evt/evt/QingkeV3V_CH32V407_EVT/PUB/CH32V4x7∆¿π¿∞ÂÀµ√˜ È.pdf	pass
2	tmp/wch-evt/evt/QingkeV4B_CH32V203_EVT/EXAM/APPLICATION/USBPD/CH223 Demo∞Â π”√Àµ√˜.pdf	47421352c2eb61da3d0991358441d5dd94144a97ff3193d3ac5d83f220a511f5	782169	CH223 Demo	V1.1	Fri Oct 13 16:59:10 2023 JST	mixed-or-chinese	3	CH32V203EVT;CH32V203RBT6;CH32V20x	local-wch-evt-or-manual	included-full-text-query	Poppler pdftotext -layout -enc UTF-8	pass	ef8fd0955e70dc6f6a0bcc3e2d905a09d45178d00e0c37fa529c0bf769eec776	tmp/wch-evt/evt/QingkeV4B_CH32V203_EVT/EXAM/APPLICATION/USBPD/CH223 Demo∞Â π”√Àµ√˜.pdf	pass
2	tmp/wch-evt/evt/QingkeV4B_CH32V203_EVT/EXAM/APPLICATION/USBPD/CH233 Demo Board Reference-EN.pdf	09fc67561c146ad650e4008dba4b0ef0a401f2806014c42602cb395799ac54cf	807769	CH233 Demo Board Reference-EN	V1.1	Wed Oct 18 16:01:29 2023 JST	latin-script-or-empty	3	CH32V203EVT;CH32V203RBT6;CH32V20x	local-wch-evt-or-manual	included-full-text-query	Poppler pdftotext -layout -enc UTF-8	pass	a8853dddc500eac0274e128b4de14b29069b794e4b92b36d5348e271d8d71aed	tmp/wch-evt/evt/QingkeV4B_CH32V203_EVT/EXAM/APPLICATION/USBPD/CH233 Demo Board Reference-EN.pdf	pass
2	tmp/wch-evt/evt/QingkeV4B_CH32V203_EVT/EXAM/BLE/MESH/«ﬂ∫„MESH APPπ‹¿Ì≈‰Õ¯”¶”√ ÷≤·.PDF	b5975bbb393e6cb539a40d184e49ed7b1275504db4346b2da313c48ab5b196f0	974522	沁恒MESH APP管理配网应用手册	V1.1	not-extracted	mixed-or-chinese	19	not-specific	local-wch-evt-or-manual	included-full-text-query	Poppler pdftotext -layout -enc UTF-8	pass	9c768f6fe3f23403af57fa63a3229d8c0b6caba0ab3f4a42b1a1744c4b21d6aa	tmp/wch-evt/evt/QingkeV4B_CH32V203_EVT/EXAM/BLE/MESH/«ﬂ∫„MESH APPπ‹¿Ì≈‰Õ¯”¶”√ ÷≤·.PDF	pass
2	tmp/wch-evt/evt/QingkeV4B_CH32V203_EVT/EXAM/BLE/MESH/«ﬂ∫„µÕπ¶∫ƒ¿∂—¿MESH»Ìº˛ø™∑¢≤Œøº ÷≤·.PDF	ea4e426ded77b290fc76a91d4c50f2d462c58fd3a32409957fab2a768025da26	388909	沁恒低功耗蓝牙MESH软件开发参考手册	V1.1	not-extracted	mixed-or-chinese	42	CH58x;CH58xEVT	local-wch-evt-or-manual	included-full-text-query	Poppler pdftotext -layout -enc UTF-8	pass	04fb3effe38e30531b4304695ae499e20685662bb7555cea95282a5290ecbf9d	tmp/wch-evt/evt/QingkeV4B_CH32V203_EVT/EXAM/BLE/MESH/«ﬂ∫„µÕπ¶∫ƒ¿∂—¿MESH»Ìº˛ø™∑¢≤Œøº ÷≤·.PDF	pass
2	tmp/wch-evt/evt/QingkeV4B_CH32V203_EVT/EXAM/BLE/WCH CH32V208 ¿∂—¿ø’÷–…˝º∂£®BLE OTA£©.PDF	02489bbaf1cd268b62dd2ad11c52753cb0f4c94c457d06c8eaaf89a96abfcd08	391360	WCH CH32V208 蓝牙空中升级（BLE OTA）	not-extracted	not-extracted	mixed-or-chinese	4	CH32V208	local-wch-evt-or-manual	included-full-text-query	Poppler pdftotext -layout -enc UTF-8	pass	6718c4568663a86fd7edd45d1a4180e94b25c549fdb71c4fb8811cc07e8f9b81	tmp/wch-evt/evt/QingkeV4B_CH32V203_EVT/EXAM/BLE/WCH CH32V208 ¿∂—¿ø’÷–…˝º∂£®BLE OTA£©.PDF	pass
2	tmp/wch-evt/evt/QingkeV4B_CH32V203_EVT/EXAM/BLE/«ﬂ∫„µÕπ¶∫ƒ¿∂—¿»Ìº˛ø™∑¢≤Œøº ÷≤·.PDF	14b38c55cd737852b982e07695030f6913c3529620050bd52ba2aa18e016d9de	3219934	沁恒低功耗蓝牙软件开发参考手册v1.9	V1.9	Thu Jul 17 15:27:40 2025 JST	mixed-or-chinese	70	CH583DS1;CH58x;CH58xEVT	local-wch-evt-or-manual	included-full-text-query	Poppler pdftotext -layout -enc UTF-8	pass	428a8524aea810252e54b78e3ecdcecdc7455d891b39db4273ece8f8ab82aee6	tmp/wch-evt/evt/QingkeV4B_CH32V203_EVT/EXAM/BLE/«ﬂ∫„µÕπ¶∫ƒ¿∂—¿»Ìº˛ø™∑¢≤Œøº ÷≤·.PDF	pass
2	tmp/wch-evt/evt/QingkeV4B_CH32V203_EVT/EXAM/BLE/¿∂—¿–æ∆¨µƒµÁ¬∑º∞PCB…Ëº∆µƒ÷ÿ“™◊¢“‚ ¬œÓ.pdf	50755cdd3412262d5366aaee9f7d72489f47d07d3c2851ecd11bd3da1e1a169e	1932616	蓝牙芯片的电路及PCB设计的重要注意事项	1E	Thu May 22 12:41:17 2025 JST	mixed-or-chinese	3	CH585	local-wch-evt-or-manual	included-full-text-query	Poppler pdftotext -layout -enc UTF-8	pass	1655afeef1c9789e350fd2d0b3b409bf3e28b17059ce29766c0a8bf7fe38ad3f	tmp/wch-evt/evt/QingkeV4B_CH32V203_EVT/EXAM/BLE/¿∂—¿–æ∆¨µƒµÁ¬∑º∞PCB…Ëº∆µƒ÷ÿ“™◊¢“‚ ¬œÓ.pdf	pass
2	tmp/wch-evt/evt/QingkeV4B_CH32V203_EVT/EXAM/ETH/1_Tool_Doc/WCHNET IAP…˝º∂∑Ω∞∏ π”√ΩÃ≥Ã.PDF	bb149c4ad066fdf2a566be0d030d8125e880911a6699e79b307895ea9ec468cd	12678727	WCHNET IAP升级方案使用教程	not-extracted	not-extracted	mixed-or-chinese	4	CH32V307	local-wch-evt-or-manual	included-full-text-query	Poppler pdftotext -layout -enc UTF-8	pass	0e5f0bf49a54704a728a9040ce6b9f3d6c0fe37261ee5abdcc0a18a537d73b57	tmp/wch-evt/evt/QingkeV4B_CH32V203_EVT/EXAM/ETH/1_Tool_Doc/WCHNET IAP…˝º∂∑Ω∞∏ π”√ΩÃ≥Ã.PDF	pass
2	tmp/wch-evt/evt/QingkeV4B_CH32V203_EVT/EXAM/ETH/1_Tool_Doc/WCHNET WEB≈‰÷√Àµ√˜.PDF	52c2105f0c584f05343b179d69e63e533dd14e878d38491d3339516162bb3c68	417643	WCHNET WEB配置说明	not-extracted	not-extracted	mixed-or-chinese	3	not-specific	local-wch-evt-or-manual	included-full-text-query	Poppler pdftotext -layout -enc UTF-8	pass	1aa82740c5a988081f158ee063a0691094462854515f4c4a6ad84c2dde855475	tmp/wch-evt/evt/QingkeV4B_CH32V203_EVT/EXAM/ETH/1_Tool_Doc/WCHNET WEB≈‰÷√Àµ√˜.PDF	pass
2	tmp/wch-evt/evt/QingkeV4B_CH32V203_EVT/EXAM/ETH/WCHNET Protocol Stack Library Application Note.pdf	1e1bf85517182dc3e1c8aec8389cc1eed282a1207896935d558b1867ee1da793	220647	WCHNET Protocol Stack Library Application Note	1D	Fri Oct 20 16:06:50 2023 JST	latin-script-or-empty	26	not-specific	local-wch-evt-or-manual	included-full-text-query	Poppler pdftotext -layout -enc UTF-8	pass	ef1265d69fefe8136ca7a01abe946d27d5c631b2529ece1f140192c95a01e92f	tmp/wch-evt/evt/QingkeV4B_CH32V203_EVT/EXAM/ETH/WCHNET Protocol Stack Library Application Note.pdf	pass
2	tmp/wch-evt/evt/QingkeV4B_CH32V203_EVT/EXAM/ETH/WCHNET π”√Œƒµµ.pdf	09e3fa9f6069321b70d1f1c146ded8e1982b00e8caa6b9d822825e0e83d83591	237197	WCHNET	1D	Fri Oct 20 16:03:35 2023 JST	mixed-or-chinese	27	not-specific	local-wch-evt-or-manual	included-full-text-query	Poppler pdftotext -layout -enc UTF-8	pass	9bc88af2eb7039af786c63c7d2a643e6d089a7d26d35c7cb41a0cca0062109ea	tmp/wch-evt/evt/QingkeV4B_CH32V203_EVT/EXAM/ETH/WCHNET π”√Œƒµµ.pdf	pass
2	tmp/wch-evt/evt/QingkeV4B_CH32V203_EVT/EXAM/IAP/USB_UART/CH32V20x_IAP π”√Àµ√˜.pdf	2c928d4b2358043b7a3c5e3bd986f92441d9f9d8efad09aad0a9234c71a44483	687367	CH32V20x_IAP	V1.1	Thu Jan  9 18:05:21 2025 JST	mixed-or-chinese	3	CH32V20x	local-wch-evt-or-manual	included-full-text-query	Poppler pdftotext -layout -enc UTF-8	pass	4528f5ea05914ba34bcbe7e2e0b6e48a1d156b6bb0f84af212c25bcc28941eac	tmp/wch-evt/evt/QingkeV4B_CH32V203_EVT/EXAM/IAP/USB_UART/CH32V20x_IAP π”√Àµ√˜.pdf	pass
2	tmp/wch-evt/evt/QingkeV4B_CH32V203_EVT/PUB/CH32V20x Evaluation Board Reference-EN.pdf	3452f99482c656a42432e0ec9f0e35d973da57f2c475855a0698a19dcbe6dfc0	2371061	CH32V20x Evaluation Board Reference-EN	V1.5	Sat Apr 12 16:38:57 2025 JST	latin-script-or-empty	19	CH32V203;CH32V203C;CH32V203C6T6;CH32V203C8T6;CH32V203C8U6;CH32V203EVT;CH32V203F;CH32V203F6P6;CH32V203F8P6;CH32V203G;CH32V203G6U6;CH32V203K;CH32V203K6T6;CH32V203K8T6;CH32V203RBT6;CH32V208;CH32V208EVT;CH32V208WBU6;CH32V20x;CH32V20xSCH	local-wch-evt-or-manual	included-full-text-query	Poppler pdftotext -layout -enc UTF-8	pass	50d2706d5d7edf9c577ac75fb375e4e4accbe2b27f37bee144f97cf19c378b86	tmp/wch-evt/evt/QingkeV4B_CH32V203_EVT/PUB/CH32V20x Evaluation Board Reference-EN.pdf	pass
2	tmp/wch-evt/evt/QingkeV4B_CH32V203_EVT/PUB/CH32V20xSCH.pdf	7e8e8b99ea7a58aad187864d0201fc40c23afb7ad07d2017463111c1717eaaec	1861235	New Output	not-extracted	Tue Nov  5 09:00:00 2024 JST	mixed-or-chinese	16	CH32V20xSCH	local-wch-evt-or-manual	included-full-text-query	Poppler pdftotext -layout -enc UTF-8	pass	4fc10bc67b9541f1d7e617be470f8339ebe02a77ef1d5224ed89926db8ffc995	tmp/wch-evt/evt/QingkeV4B_CH32V203_EVT/PUB/CH32V20xSCH.pdf	pass
2	tmp/wch-evt/evt/QingkeV4B_CH32V203_EVT/PUB/CH32V20x∆¿π¿∞ÂÀµ√˜ È.pdf	889c4b22776f9760b76606ae72e4bfbb7a25bdcab778235ea1daa2b5e7a2bf56	6989572	CH32V20x	V1.5	Sat Apr 12 16:33:09 2025 JST	mixed-or-chinese	18	CH32V203;CH32V203C;CH32V203C6T6;CH32V203C8T6;CH32V203C8U6;CH32V203EVT;CH32V203F;CH32V203F6P6;CH32V203F8P6;CH32V203G;CH32V203G6U6;CH32V203K;CH32V203K6T6;CH32V203K8T6;CH32V203RBT6;CH32V208;CH32V208EVT;CH32V208WBU6;CH32V20x;CH32V20xSCH	local-wch-evt-or-manual	included-full-text-query	Poppler pdftotext -layout -enc UTF-8	pass	8ef5c4ceca5cf39907cce83c0758d58000902513fb22894f7a644d6ac2233118	tmp/wch-evt/evt/QingkeV4B_CH32V203_EVT/PUB/CH32V20x∆¿π¿∞ÂÀµ√˜ È.pdf	pass
2	tmp/wch-evt/evt/QingkeV4C_CH32V20x_EVT/EXAM/APPLICATION/USBPD/CH223 Demo∞Â π”√Àµ√˜.pdf	47421352c2eb61da3d0991358441d5dd94144a97ff3193d3ac5d83f220a511f5	782169	CH223 Demo	V1.1	Fri Oct 13 16:59:10 2023 JST	mixed-or-chinese	3	CH32V203EVT;CH32V203RBT6;CH32V20x	local-wch-evt-or-manual	included-full-text-query	Poppler pdftotext -layout -enc UTF-8	pass	ef8fd0955e70dc6f6a0bcc3e2d905a09d45178d00e0c37fa529c0bf769eec776	tmp/wch-evt/evt/QingkeV4B_CH32V203_EVT/EXAM/APPLICATION/USBPD/CH223 Demo∞Â π”√Àµ√˜.pdf	pass
2	tmp/wch-evt/evt/QingkeV4C_CH32V20x_EVT/EXAM/APPLICATION/USBPD/CH233 Demo Board Reference-EN.pdf	09fc67561c146ad650e4008dba4b0ef0a401f2806014c42602cb395799ac54cf	807769	CH233 Demo Board Reference-EN	V1.1	Wed Oct 18 16:01:29 2023 JST	latin-script-or-empty	3	CH32V203EVT;CH32V203RBT6;CH32V20x	local-wch-evt-or-manual	included-full-text-query	Poppler pdftotext -layout -enc UTF-8	pass	a8853dddc500eac0274e128b4de14b29069b794e4b92b36d5348e271d8d71aed	tmp/wch-evt/evt/QingkeV4B_CH32V203_EVT/EXAM/APPLICATION/USBPD/CH233 Demo Board Reference-EN.pdf	pass
2	tmp/wch-evt/evt/QingkeV4C_CH32V20x_EVT/EXAM/BLE/MESH/«ﬂ∫„MESH APPπ‹¿Ì≈‰Õ¯”¶”√ ÷≤·.PDF	b5975bbb393e6cb539a40d184e49ed7b1275504db4346b2da313c48ab5b196f0	974522	沁恒MESH APP管理配网应用手册	V1.1	not-extracted	mixed-or-chinese	19	not-specific	local-wch-evt-or-manual	included-full-text-query	Poppler pdftotext -layout -enc UTF-8	pass	9c768f6fe3f23403af57fa63a3229d8c0b6caba0ab3f4a42b1a1744c4b21d6aa	tmp/wch-evt/evt/QingkeV4B_CH32V203_EVT/EXAM/BLE/MESH/«ﬂ∫„MESH APPπ‹¿Ì≈‰Õ¯”¶”√ ÷≤·.PDF	pass
2	tmp/wch-evt/evt/QingkeV4C_CH32V20x_EVT/EXAM/BLE/MESH/«ﬂ∫„µÕπ¶∫ƒ¿∂—¿MESH»Ìº˛ø™∑¢≤Œøº ÷≤·.PDF	ea4e426ded77b290fc76a91d4c50f2d462c58fd3a32409957fab2a768025da26	388909	沁恒低功耗蓝牙MESH软件开发参考手册	V1.1	not-extracted	mixed-or-chinese	42	CH58x;CH58xEVT	local-wch-evt-or-manual	included-full-text-query	Poppler pdftotext -layout -enc UTF-8	pass	04fb3effe38e30531b4304695ae499e20685662bb7555cea95282a5290ecbf9d	tmp/wch-evt/evt/QingkeV4B_CH32V203_EVT/EXAM/BLE/MESH/«ﬂ∫„µÕπ¶∫ƒ¿∂—¿MESH»Ìº˛ø™∑¢≤Œøº ÷≤·.PDF	pass
2	tmp/wch-evt/evt/QingkeV4C_CH32V20x_EVT/EXAM/BLE/WCH CH32V208 ¿∂—¿ø’÷–…˝º∂£®BLE OTA£©.PDF	02489bbaf1cd268b62dd2ad11c52753cb0f4c94c457d06c8eaaf89a96abfcd08	391360	WCH CH32V208 蓝牙空中升级（BLE OTA）	not-extracted	not-extracted	mixed-or-chinese	4	CH32V208	local-wch-evt-or-manual	included-full-text-query	Poppler pdftotext -layout -enc UTF-8	pass	6718c4568663a86fd7edd45d1a4180e94b25c549fdb71c4fb8811cc07e8f9b81	tmp/wch-evt/evt/QingkeV4B_CH32V203_EVT/EXAM/BLE/WCH CH32V208 ¿∂—¿ø’÷–…˝º∂£®BLE OTA£©.PDF	pass
2	tmp/wch-evt/evt/QingkeV4C_CH32V20x_EVT/EXAM/BLE/«ﬂ∫„µÕπ¶∫ƒ¿∂—¿»Ìº˛ø™∑¢≤Œøº ÷≤·.PDF	14b38c55cd737852b982e07695030f6913c3529620050bd52ba2aa18e016d9de	3219934	沁恒低功耗蓝牙软件开发参考手册v1.9	V1.9	Thu Jul 17 15:27:40 2025 JST	mixed-or-chinese	70	CH583DS1;CH58x;CH58xEVT	local-wch-evt-or-manual	included-full-text-query	Poppler pdftotext -layout -enc UTF-8	pass	428a8524aea810252e54b78e3ecdcecdc7455d891b39db4273ece8f8ab82aee6	tmp/wch-evt/evt/QingkeV4B_CH32V203_EVT/EXAM/BLE/«ﬂ∫„µÕπ¶∫ƒ¿∂—¿»Ìº˛ø™∑¢≤Œøº ÷≤·.PDF	pass
2	tmp/wch-evt/evt/QingkeV4C_CH32V20x_EVT/EXAM/BLE/¿∂—¿–æ∆¨µƒµÁ¬∑º∞PCB…Ëº∆µƒ÷ÿ“™◊¢“‚ ¬œÓ.pdf	50755cdd3412262d5366aaee9f7d72489f47d07d3c2851ecd11bd3da1e1a169e	1932616	蓝牙芯片的电路及PCB设计的重要注意事项	1E	Thu May 22 12:41:17 2025 JST	mixed-or-chinese	3	CH585	local-wch-evt-or-manual	included-full-text-query	Poppler pdftotext -layout -enc UTF-8	pass	1655afeef1c9789e350fd2d0b3b409bf3e28b17059ce29766c0a8bf7fe38ad3f	tmp/wch-evt/evt/QingkeV4B_CH32V203_EVT/EXAM/BLE/¿∂—¿–æ∆¨µƒµÁ¬∑º∞PCB…Ëº∆µƒ÷ÿ“™◊¢“‚ ¬œÓ.pdf	pass
2	tmp/wch-evt/evt/QingkeV4C_CH32V20x_EVT/EXAM/ETH/1_Tool_Doc/WCHNET IAP…˝º∂∑Ω∞∏ π”√ΩÃ≥Ã.PDF	bb149c4ad066fdf2a566be0d030d8125e880911a6699e79b307895ea9ec468cd	12678727	WCHNET IAP升级方案使用教程	not-extracted	not-extracted	mixed-or-chinese	4	CH32V307	local-wch-evt-or-manual	included-full-text-query	Poppler pdftotext -layout -enc UTF-8	pass	0e5f0bf49a54704a728a9040ce6b9f3d6c0fe37261ee5abdcc0a18a537d73b57	tmp/wch-evt/evt/QingkeV4B_CH32V203_EVT/EXAM/ETH/1_Tool_Doc/WCHNET IAP…˝º∂∑Ω∞∏ π”√ΩÃ≥Ã.PDF	pass
2	tmp/wch-evt/evt/QingkeV4C_CH32V20x_EVT/EXAM/ETH/1_Tool_Doc/WCHNET WEB≈‰÷√Àµ√˜.PDF	52c2105f0c584f05343b179d69e63e533dd14e878d38491d3339516162bb3c68	417643	WCHNET WEB配置说明	not-extracted	not-extracted	mixed-or-chinese	3	not-specific	local-wch-evt-or-manual	included-full-text-query	Poppler pdftotext -layout -enc UTF-8	pass	1aa82740c5a988081f158ee063a0691094462854515f4c4a6ad84c2dde855475	tmp/wch-evt/evt/QingkeV4B_CH32V203_EVT/EXAM/ETH/1_Tool_Doc/WCHNET WEB≈‰÷√Àµ√˜.PDF	pass
2	tmp/wch-evt/evt/QingkeV4C_CH32V20x_EVT/EXAM/ETH/WCHNET Protocol Stack Library Application Note.pdf	1e1bf85517182dc3e1c8aec8389cc1eed282a1207896935d558b1867ee1da793	220647	WCHNET Protocol Stack Library Application Note	1D	Fri Oct 20 16:06:50 2023 JST	latin-script-or-empty	26	not-specific	local-wch-evt-or-manual	included-full-text-query	Poppler pdftotext -layout -enc UTF-8	pass	ef1265d69fefe8136ca7a01abe946d27d5c631b2529ece1f140192c95a01e92f	tmp/wch-evt/evt/QingkeV4B_CH32V203_EVT/EXAM/ETH/WCHNET Protocol Stack Library Application Note.pdf	pass
2	tmp/wch-evt/evt/QingkeV4C_CH32V20x_EVT/EXAM/ETH/WCHNET π”√Œƒµµ.pdf	09e3fa9f6069321b70d1f1c146ded8e1982b00e8caa6b9d822825e0e83d83591	237197	WCHNET	1D	Fri Oct 20 16:03:35 2023 JST	mixed-or-chinese	27	not-specific	local-wch-evt-or-manual	included-full-text-query	Poppler pdftotext -layout -enc UTF-8	pass	9bc88af2eb7039af786c63c7d2a643e6d089a7d26d35c7cb41a0cca0062109ea	tmp/wch-evt/evt/QingkeV4B_CH32V203_EVT/EXAM/ETH/WCHNET π”√Œƒµµ.pdf	pass
2	tmp/wch-evt/evt/QingkeV4C_CH32V20x_EVT/EXAM/IAP/USB_UART/CH32V20x_IAP π”√Àµ√˜.pdf	2c928d4b2358043b7a3c5e3bd986f92441d9f9d8efad09aad0a9234c71a44483	687367	CH32V20x_IAP	V1.1	Thu Jan  9 18:05:21 2025 JST	mixed-or-chinese	3	CH32V20x	local-wch-evt-or-manual	included-full-text-query	Poppler pdftotext -layout -enc UTF-8	pass	4528f5ea05914ba34bcbe7e2e0b6e48a1d156b6bb0f84af212c25bcc28941eac	tmp/wch-evt/evt/QingkeV4B_CH32V203_EVT/EXAM/IAP/USB_UART/CH32V20x_IAP π”√Àµ√˜.pdf	pass
2	tmp/wch-evt/evt/QingkeV4C_CH32V20x_EVT/PUB/CH32V20x Evaluation Board Reference-EN.pdf	3452f99482c656a42432e0ec9f0e35d973da57f2c475855a0698a19dcbe6dfc0	2371061	CH32V20x Evaluation Board Reference-EN	V1.5	Sat Apr 12 16:38:57 2025 JST	latin-script-or-empty	19	CH32V203;CH32V203C;CH32V203C6T6;CH32V203C8T6;CH32V203C8U6;CH32V203EVT;CH32V203F;CH32V203F6P6;CH32V203F8P6;CH32V203G;CH32V203G6U6;CH32V203K;CH32V203K6T6;CH32V203K8T6;CH32V203RBT6;CH32V208;CH32V208EVT;CH32V208WBU6;CH32V20x;CH32V20xSCH	local-wch-evt-or-manual	included-full-text-query	Poppler pdftotext -layout -enc UTF-8	pass	50d2706d5d7edf9c577ac75fb375e4e4accbe2b27f37bee144f97cf19c378b86	tmp/wch-evt/evt/QingkeV4B_CH32V203_EVT/PUB/CH32V20x Evaluation Board Reference-EN.pdf	pass
2	tmp/wch-evt/evt/QingkeV4C_CH32V20x_EVT/PUB/CH32V20xSCH.pdf	7e8e8b99ea7a58aad187864d0201fc40c23afb7ad07d2017463111c1717eaaec	1861235	New Output	not-extracted	Tue Nov  5 09:00:00 2024 JST	mixed-or-chinese	16	CH32V20xSCH	local-wch-evt-or-manual	included-full-text-query	Poppler pdftotext -layout -enc UTF-8	pass	4fc10bc67b9541f1d7e617be470f8339ebe02a77ef1d5224ed89926db8ffc995	tmp/wch-evt/evt/QingkeV4B_CH32V203_EVT/PUB/CH32V20xSCH.pdf	pass
2	tmp/wch-evt/evt/QingkeV4C_CH32V20x_EVT/PUB/CH32V20x∆¿π¿∞ÂÀµ√˜ È.pdf	889c4b22776f9760b76606ae72e4bfbb7a25bdcab778235ea1daa2b5e7a2bf56	6989572	CH32V20x	V1.5	Sat Apr 12 16:33:09 2025 JST	mixed-or-chinese	18	CH32V203;CH32V203C;CH32V203C6T6;CH32V203C8T6;CH32V203C8U6;CH32V203EVT;CH32V203F;CH32V203F6P6;CH32V203F8P6;CH32V203G;CH32V203G6U6;CH32V203K;CH32V203K6T6;CH32V203K8T6;CH32V203RBT6;CH32V208;CH32V208EVT;CH32V208WBU6;CH32V20x;CH32V20xSCH	local-wch-evt-or-manual	included-full-text-query	Poppler pdftotext -layout -enc UTF-8	pass	8ef5c4ceca5cf39907cce83c0758d58000902513fb22894f7a644d6ac2233118	tmp/wch-evt/evt/QingkeV4B_CH32V203_EVT/PUB/CH32V20x∆¿π¿∞ÂÀµ√˜ È.pdf	pass
2	tmp/wch-evt/evt/QingkeV4F_CH32V317_EVT/EXAM/ETH/1_Tool_Doc/WCHNET IAP…˝º∂∑Ω∞∏ π”√ΩÃ≥Ã.PDF	bb149c4ad066fdf2a566be0d030d8125e880911a6699e79b307895ea9ec468cd	12678727	WCHNET IAP升级方案使用教程	not-extracted	not-extracted	mixed-or-chinese	4	CH32V307	local-wch-evt-or-manual	included-full-text-query	Poppler pdftotext -layout -enc UTF-8	pass	0e5f0bf49a54704a728a9040ce6b9f3d6c0fe37261ee5abdcc0a18a537d73b57	tmp/wch-evt/evt/QingkeV4B_CH32V203_EVT/EXAM/ETH/1_Tool_Doc/WCHNET IAP…˝º∂∑Ω∞∏ π”√ΩÃ≥Ã.PDF	pass
2	tmp/wch-evt/evt/QingkeV4F_CH32V317_EVT/EXAM/ETH/1_Tool_Doc/WCHNET WEB≈‰÷√Àµ√˜.PDF	52c2105f0c584f05343b179d69e63e533dd14e878d38491d3339516162bb3c68	417643	WCHNET WEB配置说明	not-extracted	not-extracted	mixed-or-chinese	3	not-specific	local-wch-evt-or-manual	included-full-text-query	Poppler pdftotext -layout -enc UTF-8	pass	1aa82740c5a988081f158ee063a0691094462854515f4c4a6ad84c2dde855475	tmp/wch-evt/evt/QingkeV4B_CH32V203_EVT/EXAM/ETH/1_Tool_Doc/WCHNET WEB≈‰÷√Àµ√˜.PDF	pass
2	tmp/wch-evt/evt/QingkeV4F_CH32V317_EVT/EXAM/ETH/WCHNET Protocol Stack Library Application Note.pdf	1e1bf85517182dc3e1c8aec8389cc1eed282a1207896935d558b1867ee1da793	220647	WCHNET Protocol Stack Library Application Note	1D	Fri Oct 20 16:06:50 2023 JST	latin-script-or-empty	26	not-specific	local-wch-evt-or-manual	included-full-text-query	Poppler pdftotext -layout -enc UTF-8	pass	ef1265d69fefe8136ca7a01abe946d27d5c631b2529ece1f140192c95a01e92f	tmp/wch-evt/evt/QingkeV4B_CH32V203_EVT/EXAM/ETH/WCHNET Protocol Stack Library Application Note.pdf	pass
2	tmp/wch-evt/evt/QingkeV4F_CH32V317_EVT/EXAM/ETH/WCHNET π”√Œƒµµ.pdf	09e3fa9f6069321b70d1f1c146ded8e1982b00e8caa6b9d822825e0e83d83591	237197	WCHNET	1D	Fri Oct 20 16:03:35 2023 JST	mixed-or-chinese	27	not-specific	local-wch-evt-or-manual	included-full-text-query	Poppler pdftotext -layout -enc UTF-8	pass	9bc88af2eb7039af786c63c7d2a643e6d089a7d26d35c7cb41a0cca0062109ea	tmp/wch-evt/evt/QingkeV4B_CH32V203_EVT/EXAM/ETH/WCHNET π”√Œƒµµ.pdf	pass
2	tmp/wch-evt/evt/QingkeV4F_CH32V317_EVT/EXAM/ETH/“‘Ã´Õ¯¿˝≥Ã π”√◊¢“‚ ¬œÓ.pdf	dbfc5c115ea72be20bfc9b908e4fce8991f6128aadfc2987d493c2e468dd905a	927549	以太网例程使用注意事项(2)	1.0	Tue Apr 15 15:19:08 2025 JST	mixed-or-chinese	6	CH32V317	local-wch-evt-or-manual	included-full-text-query	Poppler pdftotext -layout -enc UTF-8	pass	377383b2e633ce08c4dde3c6623bc1db62e195ff1b17c4d2e088adfb8fc195ab	tmp/wch-evt/evt/QingkeV4F_CH32V317_EVT/EXAM/ETH/“‘Ã´Õ¯¿˝≥Ã π”√◊¢“‚ ¬œÓ.pdf	pass
2	tmp/wch-evt/evt/QingkeV4F_CH32V317_EVT/EXAM/IAP/USB_UART/CH32V30x_IAP π”√Àµ√˜.pdf	a61909e8b9d937e21a37cdc06c29f55d3a8587fdf899ae7bc88ad68df012ae1e	337005	CH32V30x_IAP	V1.1	Thu Jan  9 18:05:45 2025 JST	mixed-or-chinese	3	CH32V30x	local-wch-evt-or-manual	included-full-text-query	Poppler pdftotext -layout -enc UTF-8	pass	ae6ffeb71c9cfdaf1466314feebbc4e4dbb17ad1e954183ef630947b53053db3	tmp/wch-evt/evt/QingkeV4F_CH32V317_EVT/EXAM/IAP/USB_UART/CH32V30x_IAP π”√Àµ√˜.pdf	pass
2	tmp/wch-evt/evt/QingkeV4F_CH32V317_EVT/PUB/CH32V30x Evaluation Board Reference-EN.pdf	9808e0981caaebe0e4a3f012a35a26df6b54728dc45e3d16217148409c781c5b	2222935	CH32V30x Evaluation Board Reference-EN	V1.9	Wed Mar 19 12:33:16 2025 JST	latin-script-or-empty	21	CH32V303;CH32V303CBT6;CH32V303EVT;CH32V303VCT6;CH32V303WCU6;CH32V305;CH32V305EVT;CH32V305FBP6;CH32V305GBU6;CH32V307;CH32V307EVT;CH32V307SCH;CH32V307V;CH32V307VCT6;CH32V30x;CH32V30xEVT;CH32V317;CH32V317EVT;CH32V317WCU6;CH32V3xx	local-wch-evt-or-manual	included-full-text-query	Poppler pdftotext -layout -enc UTF-8	pass	e2b84123531ed2fcbccdc08301850661334ffac19273e91077abdbb8409b2b76	tmp/wch-evt/evt/QingkeV4F_CH32V317_EVT/PUB/CH32V30x Evaluation Board Reference-EN.pdf	pass
2	tmp/wch-evt/evt/QingkeV4F_CH32V317_EVT/PUB/CH32V30xSCH.pdf	326f627e19cc307b6a6956ba0882d5f20011f7839e144432463d4c1b39b70fea	2254985	New Output	not-extracted	Tue Mar 31 09:00:00 2026 JST	mixed-or-chinese	13	CH32V303C;CH32V30xSCH	local-wch-evt-or-manual	included-full-text-query	Poppler pdftotext -layout -enc UTF-8	pass	3b180b2dc5db7bfcc3ee21c1fadbc3ef771a68fe213c202bb790a45b30565821	tmp/wch-evt/evt/QingkeV4F_CH32V317_EVT/PUB/CH32V30xSCH.pdf	pass
2	tmp/wch-evt/evt/QingkeV4F_CH32V317_EVT/PUB/CH32V30x∆¿π¿∞ÂÀµ√˜ È.pdf	d094012331a4f96042ada6ae626c69365f3585be1ed47fea2d7a711ac474dfaf	7985054	CH32V30x	V1.9	Wed Mar 19 12:34:24 2025 JST	mixed-or-chinese	19	CH32V303;CH32V303CBT6;CH32V303EVT;CH32V303VCT6;CH32V303WCU6;CH32V303x;CH32V305;CH32V305EVT;CH32V305FBP6;CH32V305GBU6;CH32V307;CH32V307EVT;CH32V307SCH;CH32V307V;CH32V307VCT6;CH32V30x;CH32V30xEVT;CH32V317;CH32V317EVT;CH32V317WCU6	local-wch-evt-or-manual	included-full-text-query	Poppler pdftotext -layout -enc UTF-8	pass	10cd7c3cf1eff72eb1000c5199ba28800ff3ee748a59e4c1d679aa19560111ae	tmp/wch-evt/evt/QingkeV4F_CH32V317_EVT/PUB/CH32V30x∆¿π¿∞ÂÀµ√˜ È.pdf	pass
2	tmp/wch-evt/evt/QingkeV5F_CH32H417_EVT/EXAM/IAP/USB_UART/CH32H417_IAP π”√Àµ√˜.pdf	12d5ea086020bc01b61fb7577366051f8088de38219841b389894059086252a2	636752	CH32H417_IAP	V1.2	Thu Apr  2 17:41:12 2026 JST	mixed-or-chinese	5	not-specific	local-wch-evt-or-manual	included-full-text-query	Poppler pdftotext -layout -enc UTF-8	pass	46d7f167d820b23c8e0ffa30b7caffc0b5cca06a80075c01f3f116afad00c107	tmp/wch-evt/evt/QingkeV5F_CH32H417_EVT/EXAM/IAP/USB_UART/CH32H417_IAP π”√Àµ√˜.pdf	pass
2	tmp/wch-evt/evt/QingkeV5F_CH32H417_EVT/EXAM/PIOC/Tool_Manual/Manual/CHRISC8B-EN.pdf	a3b0ac3fa84387ee0445e4e7bf82e5cebf7f594514eb95fc4af13a1361a5e517	200432	CHRISC8B-EN	2B	Thu Jan  8 10:45:57 2026 JST	latin-script-or-empty	14	CH537X	local-wch-evt-or-manual	included-full-text-query	Poppler pdftotext -layout -enc UTF-8	pass	89c6213513c2bba68de258e6604aa4e374187f08e249a1742ed00a8be1f8980f	tmp/wch-evt/evt/QingkeV5F_CH32H417_EVT/EXAM/PIOC/Tool_Manual/Manual/CHRISC8B-EN.pdf	pass
2	tmp/wch-evt/evt/QingkeV5F_CH32H417_EVT/EXAM/PIOC/Tool_Manual/Manual/CHRISC8B.PDF	38231bec89ea50abb7273c76f8d84adfdd0557829628ece8be8bf752e78281f5	184327	CHRISC8B.DOC	2B	not-extracted	mixed-or-chinese	10	CH537X	local-wch-evt-or-manual	included-full-text-query	Poppler pdftotext -layout -enc UTF-8	pass	08b79dc39db0f57d82f836a2e71c3fb973c6496d7c13231fee093e7232aa9c9a	tmp/wch-evt/evt/QingkeV2C_CH32V006_EVT/EXAM/PIOC/Tool_Manual/Manual/CHRISC8B.PDF	pass
2	tmp/wch-evt/evt/QingkeV5F_CH32H417_EVT/EXAM/PIOC/Tool_Manual/Manual/PIOC User Manual-EN.pdf	62b3ed245b6a43b20c532507763d9539212aa5993b753797564c30c47baa9195	140167	User Guide for PIOC-EN	V1.0	Fri Jan 16 11:37:46 2026 JST	latin-script-or-empty	2	CH32H417	local-wch-evt-or-manual	included-full-text-query	Poppler pdftotext -layout -enc UTF-8	pass	5d8bd1382bd8a7f75f4a9f767596a1e6c85c359907ad86e5a11baaec64a535e7	tmp/wch-evt/evt/QingkeV5F_CH32H417_EVT/EXAM/PIOC/Tool_Manual/Manual/PIOC User Manual-EN.pdf	pass
2	tmp/wch-evt/evt/QingkeV5F_CH32H417_EVT/EXAM/PIOC/Tool_Manual/Manual/PIOC-EN.pdf	d8b62cd7359d53c123e52e249abc135cfa75a756833b38ca9d0e50818fcd56f4	174525	PIOC-EN	V1	Thu Jan  8 10:43:23 2026 JST	latin-script-or-empty	12	not-specific	local-wch-evt-or-manual	included-full-text-query	Poppler pdftotext -layout -enc UTF-8	pass	7a67f486d650733a2fac33f402b0396ae5823958d431f48d83fd3cb90fc025e9	tmp/wch-evt/evt/QingkeV5F_CH32H417_EVT/EXAM/PIOC/Tool_Manual/Manual/PIOC-EN.pdf	pass
2	tmp/wch-evt/evt/QingkeV5F_CH32H417_EVT/EXAM/PIOC/Tool_Manual/Manual/PIOC.PDF	61e543eb2dcdf538deaabf40afccae53fbd8166bb2b64890112bd885da0ede43	143828	PIOC.DOC	1	not-extracted	mixed-or-chinese	9	not-specific	local-wch-evt-or-manual	included-full-text-query	Poppler pdftotext -layout -enc UTF-8	pass	57d09e9736be7e3a25f70cc2a7246f7764e18b309fef102d70137d1e2bfe3e73	tmp/wch-evt/evt/QingkeV2C_CH32V006_EVT/EXAM/PIOC/Tool_Manual/Manual/PIOC.PDF	pass
2	tmp/wch-evt/evt/QingkeV5F_CH32H417_EVT/EXAM/PIOC/Tool_Manual/Manual/PIOC π”√Àµ√˜.pdf	2515e76f0c2841b26f818adcb8442a7845039a1fa24ffc307f9c5da6581b6847	662292	PIOC	V1.0	Tue Sep 16 15:25:45 2025 JST	mixed-or-chinese	2	CH32H417	local-wch-evt-or-manual	included-full-text-query	Poppler pdftotext -layout -enc UTF-8	pass	4d58974319341197aac9a0f05f6516f8533c38c73d21c4278c0502755411f1c2	tmp/wch-evt/evt/QingkeV5F_CH32H417_EVT/EXAM/PIOC/Tool_Manual/Manual/PIOC π”√Àµ√˜.pdf	pass
2	tmp/wch-evt/evt/QingkeV5F_CH32H417_EVT/EXAM/UHSIF/CH32H417 UHSIF Development Reference Manual-EN.pdf	a115a26443ee206d6ffa9e02bc9b81c87b018fc8ac8c9a15508ed695ccec5cdc	566350	CH32H417 UHSIF Development Reference Manual-EN	V1.0	Mon Mar 30 15:54:41 2026 JST	latin-script-or-empty	13	CH32H417;CH32H417DS0	local-wch-evt-or-manual	included-full-text-query	Poppler pdftotext -layout -enc UTF-8	pass	ce2f9146d47e5c042ea51e2b97ae915d44344df445ff28c19f8dafa95e9a7f51	tmp/wch-evt/evt/QingkeV5F_CH32H417_EVT/EXAM/UHSIF/CH32H417 UHSIF Development Reference Manual-EN.pdf	pass
2	tmp/wch-evt/evt/QingkeV5F_CH32H417_EVT/EXAM/UHSIF/CH32H417Õ®”√∏ﬂÀŸΩ”ø⁄£®UHSIF£©ø™∑¢≤Œøº ÷≤·.pdf	c4c31b260db2987f940b26f9b4de915bbb767f03297f8a4bbfcaaba9bc066234	859034	CH32H417	1.0	Thu Mar 26 11:19:22 2026 JST	mixed-or-chinese	11	CH32H417;CH32H417DS0;CH32H417MEU6	local-wch-evt-or-manual	included-full-text-query	Poppler pdftotext -layout -enc UTF-8	pass	818fc192d4a0817f612f1f291897890c09a55fca1049f08c389a1e8b2f1a2062	tmp/wch-evt/evt/QingkeV5F_CH32H417_EVT/EXAM/UHSIF/CH32H417Õ®”√∏ﬂÀŸΩ”ø⁄£®UHSIF£©ø™∑¢≤Œøº ÷≤·.pdf	pass
2	tmp/wch-evt/evt/QingkeV5F_CH32H417_EVT/EXAM/USBSS/DEVICE/CH372Device/CH32H417_USBSS_Device_Speed_Test_Instructions.pdf	6cb3dc7df54e15cd9ed1e02b24ef5fb674c5147cf7e38cbaa6d695dd3a7a65a6	545694	CH32H417_USBSS_CH372	V1.1	Tue Sep 16 19:01:46 2025 JST	mixed-or-chinese	6	CH32H417;CH32H417MEU6	local-wch-evt-or-manual	included-full-text-query	Poppler pdftotext -layout -enc UTF-8	pass	727edc1fc8af2ff5e110a8bc7ab6b871a206a866e33d19c63a92c69cb3d04d0d	tmp/wch-evt/evt/QingkeV5F_CH32H417_EVT/EXAM/USBSS/DEVICE/CH372Device/CH32H417_USBSS_Device_Speed_Test_Instructions.pdf	pass
2	tmp/wch-evt/evt/QingkeV5F_CH32H417_EVT/PUB/CH32H417 Evaluation Board Reference-EN.pdf	78dc8d46f5e4da895bcad9a6d1c0a6e2a1cc34af3e7fb8be48709aec75162fa7	3154319	CH32H417 Evaluation Board Reference-EN	V1.4	Wed Jan 14 12:37:55 2026 JST	latin-script-or-empty	15	CH32H415REU;CH32H416RDU;CH32H417;CH32H417MEU;CH32H417QEU;CH32H417QEU6;CH32H417SCH;CH32H417WEU	local-wch-evt-or-manual	included-full-text-query	Poppler pdftotext -layout -enc UTF-8	pass	7c1d9d8b868fe4e8bb32451ce18de57ff4d12ce2f5778b36da353c7b5ef2ab21	tmp/wch-evt/evt/QingkeV5F_CH32H417_EVT/PUB/CH32H417 Evaluation Board Reference-EN.pdf	pass
2	tmp/wch-evt/evt/QingkeV5F_CH32H417_EVT/PUB/CH32H417SCH.pdf	5506439d08953413d813e3bc45ea566e4cdd5d1f34bcfd91de6078f5d862e62e	1319540	New Output	not-extracted	Fri Mar 27 09:00:00 2026 JST	latin-script-or-empty	7	CH32H417SCH	local-wch-evt-or-manual	included-full-text-query	Poppler pdftotext -layout -enc UTF-8	pass	46dfbe66489b9b86c8f91fa3e801191439d5beec1a140023b92fa2037bd88719	tmp/wch-evt/evt/QingkeV5F_CH32H417_EVT/PUB/CH32H417SCH.pdf	pass
2	tmp/wch-evt/evt/QingkeV5F_CH32H417_EVT/PUB/CH32H417∆¿π¿∞ÂÀµ√˜ È.pdf	14ea6def0bf9288233d32080b9f0541767f76f3a21b0417dbf832f0f0faf4d7b	3337120	CH32H417	V1.4	Wed Jan 14 12:38:34 2026 JST	mixed-or-chinese	12	CH32H415REU;CH32H416RDU;CH32H417;CH32H417MEU;CH32H417QEU;CH32H417QEU6;CH32H417SCH;CH32H417WEU	local-wch-evt-or-manual	included-full-text-query	Poppler pdftotext -layout -enc UTF-8	pass	4181cb321461b4b5af6765e313c1e1f5328613272cfaabc29bb16f7ed383e218	tmp/wch-evt/evt/QingkeV5F_CH32H417_EVT/PUB/CH32H417∆¿π¿∞ÂÀµ√˜ È.pdf	pass
2	tmp/wch-evt/evt/QingkeV5F_CH32H417_EVT/PUB/SCHPCB/CH32H417QEU-R1/CH32H417QEU-R1.pdf	80ddd7b42f3ce04a3f0fd238d28147c5ca9d1511260606641f8cac5074f2f95f	3703120	New Output	not-extracted	Thu Mar 26 09:00:00 2026 JST	latin-script-or-empty	15	CH32H417QEU	local-wch-evt-or-manual	included-full-text-query	Poppler pdftotext -layout -enc UTF-8	pass	142a1e5842e99a958ecb5a7ff2ff0f31f5944e7f15836e6af89816809ab13413	tmp/wch-evt/evt/QingkeV5F_CH32H417_EVT/PUB/SCHPCB/CH32H417QEU-R1/CH32H417QEU-R1.pdf	pass
2	tmp/wch-evt/manual/QingKeV2_Processor_Manual.PDF	5430356218fca280023429a2516c3ac4aa200477a7fedd7d21af2f3562d70e7b	455773	QingKeV2_Processor_Manual	0.13.2	Mon Mar 10 14:45:31 2025 JST	mixed-or-chinese	27	not-specific	local-wch-evt-or-manual	included-full-text-query	Poppler pdftotext -layout -enc UTF-8	pass	04ee9cff9c4c19350346321885d6cf837e30270177886f3273e0f0a72ee019b5	tmp/wch-evt/manual/QingKeV2_Processor_Manual.PDF	pass
2	tmp/wch-evt/manual/QingKeV3_Processor_Manual.PDF	fcc16b54d8818b04b9f8a7a7fbce6c504b87ca3787f0933edecc4da7112438d5	793505	QingKeV3_Processor_Manual	V1.5	Wed Mar  4 17:49:12 2026 JST	mixed-or-chinese	56	not-specific	local-wch-evt-or-manual	included-full-text-query	Poppler pdftotext -layout -enc UTF-8	pass	c1c177f9793c3eda3e5b4686fec3aba667d53b2ab6d2fcd66a438744df3b79c1	tmp/wch-evt/manual/QingKeV3_Processor_Manual.PDF	pass
2	tmp/wch-evt/manual/QingKeV4_Processor_Manual.PDF	b543a875a199a67091193afc16e0f7c4ec365df3b8d35bf93b4cc6546e362591	564663	QingKeV4_Processor_Manual	0.13.2	Mon Jul 28 12:34:22 2025 JST	mixed-or-chinese	37	not-specific	local-wch-evt-or-manual	included-full-text-query	Poppler pdftotext -layout -enc UTF-8	pass	5b8fc5df119a10d4339e9223af7b11a58cff36ee3d01ca09f800469f820c36ee	tmp/wch-evt/manual/QingKeV4_Processor_Manual.PDF	pass
2	tmp/wch-evt/manual/QingKeV5_Processor_Manual.PDF	0a849c719d1358856f0a5cf6409060a6fa8c3b7f501e0986cea0485b26a22a1b	704001	QingKeV5_Processor_Manual	V1.0	Mon Jul 28 12:35:05 2025 JST	mixed-or-chinese	47	not-specific	local-wch-evt-or-manual	included-full-text-query	Poppler pdftotext -layout -enc UTF-8	pass	6250439c50897b7bc1eac729302766d4eeddc5d635e103fb6633f637454cb100	tmp/wch-evt/manual/QingKeV5_Processor_Manual.PDF	pass
