schema_version	cohort	archive_sha256	representative_path	producer_tool	profile	attrs_present	boundary_xw_occurrences	boundary_xw_distinct	raw_directive_occurrences	fld_fsd_occurrences	objdump_returncode
2	evt	08ab584e9252c2bea7332710f18b7d208a4af32be056b9a9ab04133c5549da68	tmp/wch-evt/evt/QingkeV2C_CH32V006_EVT/EXAM/TKEY/TKYLIB/libCH32V205_TOUCH_CS.a	gcc15-macos	xw2p2	true	185	107	185	0	0
2	evt	14399fe676c827a4bd9a0e63afb7323d1c2af1b3dcdc51272564920d0f88dbfd	tmp/wch-evt/evt/QingkeV4B_CH32V203_EVT/EXAM/ETH/NetLib/libwchnet.a	gcc15-macos	xw-version-undeclared	false	1137	525	15	1122	0
2	evt	2270c4118b5f2cad60277d0333c482ba7f0d03c8fd3178b503c870da6046c7e7	tmp/wch-evt/evt/QingkeV2C_CH32V006_EVT/EXAM/APPLICATION/Motor/Electric_Fan/User/libM12014SV_M007_LIB_20250115.a	gcc15-macos	xw2p2	true	98	66	98	0	0
2	evt	30ae6bbe3f06283aa0e4091db2b1f73a0e4e24d007ecebe2d9d4593a847781d6	tmp/wch-evt/evt/QingkeV4B_CH32V203_EVT/EXAM/BLE/LIB/libwchble.a	gcc15-macos	xw-version-undeclared	false	0	0	0	0	0
2	evt	354640cb9f4bcfac887826638f636a7d085ec907731cb44ff65530bf50154382	tmp/wch-evt/evt/QingkeV2C_CH32V006_EVT/EXAM/USBFS/Host/Udisk_Lib/libRV3UFI.a	gcc15-macos	xw-version-undeclared	false	0	0	0	0	0
2	evt	3b18e5ed35dc2e11017de5060fb19144a6aa3d7402ccaa095d432eec3cd686e6	tmp/wch-evt/evt/QingkeV3C_CH587_EVT/EXAM/BLE/MESH/MESH_LIB/libMESH.a	gcc15-macos	xw-version-undeclared	false	0	0	0	0	0
2	evt	4a3bdf9d9f4ac1cdfcda58f7415dcf9e00686b7d44a0d10f89a746894161a07b	tmp/wch-evt/evt/QingkeV2C_CH32V006_EVT/EXAM/TOUCHKEY/TKYLIB/libCH32V00X_TOUCH.a	gcc15-macos	xw2p2	true	130	94	130	0	0
2	evt	53722f39931645020952a2fb5352696f95c3e5ea5f9d28e69f5360e32b718449	tmp/wch-evt/evt/QingkeV3C_CH587_EVT/EXAM/TOUCH/TKYLIB/libCH587_TOUCH.a	gcc15-macos	xw2p2	true	250	125	250	0	0
2	evt	5c1feadcc555ecf39d529bfe2945737ec917d8e310a8b526fb19485902b3cd84	tmp/wch-evt/evt/QingkeV3V_CH32V407_EVT/EXAM/ETH/NetLib/libwchnet.a	gcc15-macos	xw2p2	true	2320	536	2320	0	0
2	evt	881ca4e1c22ac6b147a89ed75fe0c966152dca92d1c105b6b87ea75320e3ea1e	tmp/wch-evt/evt/QingkeV2C_CH32V006_EVT/EXAM/APPLICATION/Motor/Electric_Fan/User/libIQMath_RV32EC_ZMMUL_XW.a	gcc15-macos	xw2p2	true	13	9	13	0	0
2	evt	8e4f77d6b7e11ad5268cec1e92106c8630b7d818f305f2f311a823a33a7fb428	tmp/wch-evt/evt/QingkeV2C_CH32V006_EVT/EXAM/APPLICATION/Motor/Voilent_Fan/User/libvoilent_fan_SRC-Lib.a	gcc15-macos	xw2p2	true	81	51	81	0	0
2	evt	9091442e4b753fc1feaed2b2f3f96aba5640d54cb3ae250d13fcb6f0b7b072d6	tmp/wch-evt/evt/QingkeV4F_CH32V317_EVT/EXAM/VoiceRcgExam/VoiceRcgExam/User/libVoiceRcg.a	gcc15-macos	xw-version-undeclared	false	0	0	0	0	0
2	evt	ad61ec57d936d2bf9cd75e718ad9a473e3c9cf2291b21223602791b6d25e81bf	tmp/wch-evt/evt/QingkeV3C_CH587_EVT/EXAM/BLE/LIB/libCH58xBLE.a	gcc15-macos	xw2p2	true	5592	1482	5592	0	0
2	evt	ba3d82229fb12d016153646d2df1d839a1c7c6b68fae7656e88c96274376a5d0	tmp/wch-evt/evt/QingkeV2C_CH32V006_EVT/EXAM/APPLICATION/Motor/Voilent_Fan/User/IQmath_RV32.a	gcc15-macos	xw-version-undeclared	false	0	0	0	0	0
2	evt	c07ee325856aef01b204830e60118b83286450f9e0066e78c9e74ac7d49047f2	tmp/wch-evt/evt/QingkeV4F_CH32V317_EVT/EXAM/ETH/NetLib/libwchnet.a	gcc15-macos	xw-version-undeclared	false	2274	525	30	2244	0
2	evt	cae5e0c617a6c6706c2e3174de4cad51e426e3c425980c8f98931933525f1195	tmp/wch-evt/evt/QingkeV5F_CH32H417_EVT/EXAM/UHSIF/UHSIF_SLAVE/Common/libUHSIF.a	gcc15-macos	xw2p2	true	14	12	14	0	0
2	evt	cedb89923fe4567a76ab2501157a08ae78d948816b966ab1cf64d50983d9a8e9	tmp/wch-evt/evt/QingkeV3V_CH32V407_EVT/EXAM/ETH/IoCHub/Lib/libwchiochub.a	gcc15-macos	xw-version-undeclared	false	0	0	0	0	0
2	evt	e99a305caa361c497660fa57ca434f061dbe678c9aaefe6dd011764ca96c27cb	tmp/wch-evt/evt/QingkeV5F_CH32H417_EVT/EXAM/ETH/NetLib/libwchnet.a	gcc15-macos	xw2p2	true	2320	536	2320	0	0
2	evt	e9e1843f40d1f0661a15bce694bb4d4c3b20426ebaa314f7f74eb151d98e15fd	tmp/wch-evt/evt/QingkeV4F_CH32V317_EVT/EXAM/ETH/NetLib/libwchnet_float.a	gcc15-macos	xw-version-undeclared	false	2274	525	30	2244	0
2	evt	eb825c76b58d2ce7a6d522a47f0c47a4aee5ee2ef242607f013c5749d975ba83	tmp/wch-evt/evt/QingkeV5F_CH32H417_EVT/EXAM/TKey/TKEYLIB/libCH32H417_TOUCH.a	gcc15-macos	xw2p2	true	171	122	171	0	0
2	evt	ef167ac61efed0d5de30da7e526333430d3d2455022a7b2eba306b2d71a5b6c7	tmp/wch-evt/evt/QingkeV4B_CH32V203_EVT/EXAM/BLE/MESH/MESH_LIB/LIBMESHROM.a	gcc15-macos	xw-version-undeclared	false	1750	768	272	1478	0
2	evt	f10db76bb2ad3c28170837f1407b8c6b3d0f1f3717bb7ddb010dfe94f17dbafa	tmp/wch-evt/evt/QingkeV2C_CH32V006_EVT/EXAM/TKEY/TKYLIB/libCH32V205_TOUCH_CT.a	gcc15-macos	xw2p2	true	166	105	166	0	0
2	evt	f67aa7eafaa0b7c129471019a089062ebb5b3e6688305ec68880cc1ed85925fa	tmp/wch-evt/evt/QingkeV3C_CH587_EVT/EXAM/BLE/LWNS/LWNS/LIBWCHLWNS.a	gcc15-macos	xw-version-undeclared	false	0	0	0	0	0
2	mrs-2.4	0415c4c20001668f642a7686147cea8f98f5a7e4d2c34118d02d619cde21291d	MRS_Toolchain_MAC_V240/Toolchain/RISC-V Embedded GCC15/riscv32-wch-elf/lib/rv32imac_zaamo_zalrsc/ilp32/libprintf.a	gcc15-macos	xw-version-undeclared	true	0	0	0	0	0
2	mrs-2.4	0d678ac7338c5730df14e73b879fe2d42314404239b531fee39c58826e0f57b9	MRS_Toolchain_MAC_V240/Toolchain/RISC-V Embedded GCC15/riscv32-wch-elf/lib/rv32imac_zaamo_zalrsc_zba_zbb_zbc_zbs_zvbb_zve32x_zve64x_zvkb_zvl32b_zvl64b_xw/ilp32/libprintf.a	gcc15-macos	xw2p0	true	5	4	5	0	0
2	mrs-2.4	0d693f8e5997c5dd75dcd50b95e6237e5f529907cbf5bbede00d3d633ed0696a	MRS_Toolchain_MAC_V240/Toolchain/RISC-V Embedded GCC15/riscv32-wch-elf/lib/rv32ec/ilp32e/libprintf.a	gcc15-macos	xw-version-undeclared	false	0	0	0	0	0
2	mrs-2.4	0e2096fa2cadb82b286154416902f48d25e111855309e31e1e2eff7f562fd951	MRS_Toolchain_MAC_V240/Toolchain/RISC-V Embedded GCC/riscv-none-embed/lib/rv32ecxw/ilp32e/libprintf.a	gcc8-mrs24	xw-version-undeclared	false	7	5	0	3	0
2	mrs-2.4	105c306a2bde1a1e5fe5d19619af895f8dfd5bd4d59163500b14e7d3df11ca0e	MRS_Toolchain_MAC_V240/Toolchain/RISC-V Embedded GCC12/riscv-wch-elf/lib/rv32imac_zba_zbb_zbc_zbs_xw/ilp32/libprintfloat.a	gcc12-mrs24	xw2p2	true	6	3	6	0	0
2	mrs-2.4	11673c81e051ae4f49234c2e9ced26fce3a8cdc8b5a1cc650455c443aee8ac75	MRS_Toolchain_MAC_V240/Toolchain/RISC-V Embedded GCC12/riscv-wch-elf/lib/rv32imafc_zba_zbb_zbc_zbs_xw/ilp32f/libprintfloat.a	gcc12-mrs24	xw2p2	true	6	3	6	0	0
2	mrs-2.4	13590f485903d5fa2a1a3079a5a78824b2d0aaf4af471efcd78ff60bf156f42e	MRS_Toolchain_MAC_V240/Toolchain/RISC-V Embedded GCC12/riscv-wch-elf/lib/rv32imafc_zba_zbb_zbc_zbs_xw/ilp32f/libshlib.a	gcc12-mrs24	xw2p2	true	5	5	5	0	0
2	mrs-2.4	16ad5e8810829d15f8f3ac87cad44db368e25cd1a647dbca6080e5fe350b4b31	MRS_Toolchain_MAC_V240/Toolchain/RISC-V Embedded GCC15/riscv32-wch-elf/lib/rv32imafc_zaamo_zalrsc_xw/ilp32f/libprintfloat.a	gcc15-macos	xw2p2	true	6	3	6	0	0
2	mrs-2.4	1cf4fb05263b5c2f423127b7e58b496fdddb22e8d0de939cee67262b7e9ed5ce	MRS_Toolchain_MAC_V240/Toolchain/RISC-V Embedded GCC15/riscv32-wch-elf/lib/rv32imac_zaamo_zalrsc_zba_zbb_zbc_zbs_zvbb_zve32x_zve64x_zvkb_zvl32b_zvl64b/ilp32/libprintf.a	gcc15-macos	xw-version-undeclared	true	0	0	0	0	0
2	mrs-2.4	1f88b599cb9914d22366bbf98c196ac1ad539327cfaaef3992858c83c627823b	MRS_Toolchain_MAC_V240/Toolchain/RISC-V Embedded GCC12/riscv-wch-elf/lib/rv32ec_zmmul/ilp32e/libshlib.a	gcc12-mrs24	xw-version-undeclared	true	0	0	0	0	0
2	mrs-2.4	22278d17da27a6d33a25986b618b2135340250a26e4f828ee7b99ff7bdff5653	MRS_Toolchain_MAC_V240/Toolchain/RISC-V Embedded GCC/riscv-none-embed/lib/rv32imafcxw/ilp32f/libshflib.a	gcc8-mrs24	xw-version-undeclared	false	9	7	0	5	0
2	mrs-2.4	245f9f62618ac19121885e7e8a1c0ffa51f240b0131ae42476987d499223a94c	MRS_Toolchain_MAC_V240/Toolchain/RISC-V Embedded GCC/riscv-none-embed/lib/rv32imafc/ilp32f/libshflib.a	gcc8-mrs24	xw-version-undeclared	false	0	0	0	0	0
2	mrs-2.4	2c5d11e5275f50eb32de8122e720b78bb3976fa768c0f6571c0a36db5d7dafe3	MRS_Toolchain_MAC_V240/Toolchain/RISC-V Embedded GCC/riscv-none-embed/lib/rv32ecxw/ilp32e/libshflib.a	gcc8-mrs24	xw-version-undeclared	false	7	6	0	5	0
2	mrs-2.4	34f1d4c2084ff5727f7b4592de392776cb24f510b5dbdd172f8193c0a538dc76	MRS_Toolchain_MAC_V240/Toolchain/RISC-V Embedded GCC12/riscv-wch-elf/lib/rv32imac_zba_zbb_zbc_zbs_xw/ilp32/libIQmath_RV32.a	gcc12-mrs24	xw2p2	true	8	5	8	0	0
2	mrs-2.4	3c5a7c94334230905f944437c198ab0988cd389f8067f09f8f52750707b2d371	MRS_Toolchain_MAC_V240/Toolchain/RISC-V Embedded GCC12/riscv-wch-elf/lib/rv32imac_zba_zbb_zbc_zbs/ilp32/libprintf.a	gcc12-mrs24	xw-version-undeclared	true	0	0	0	0	0
2	mrs-2.4	3e8c5b022e1b76d449131397de2260f73c24837564971a5295c9b9deb9b84c47	MRS_Toolchain_MAC_V240/Toolchain/RISC-V Embedded GCC12/riscv-wch-elf/lib/rv32imc_zba_zbb_zbc_zbs/ilp32/libprintfloat.a	gcc12-mrs24	xw2p2	true	6	3	6	0	0
2	mrs-2.4	44204c0f90a99a1804cfe938d19333d89a50837a9429eb79f85edef046d4fcd1	MRS_Toolchain_MAC_V240/Toolchain/RISC-V Embedded GCC12/riscv-wch-elf/lib/rv32imac_zba_zbb_zbc_zbs/ilp32/libshflib.a	gcc12-mrs24	xw-version-undeclared	true	0	0	0	0	0
2	mrs-2.4	45823bad9d5b4bf00ac088509d241d77ad3544ab487e23e1dbbcbbb89fdb50a2	MRS_Toolchain_MAC_V240/Toolchain/RISC-V Embedded GCC12/riscv-wch-elf/lib/rv32ec_zmmul/ilp32e/libprintfloat.a	gcc12-mrs24	xw-version-undeclared	true	0	0	0	0	0
2	mrs-2.4	45b3c18050abc30c71ab4c6172e9a2010f2412e2240f6c3aafe35525a28c1446	MRS_Toolchain_MAC_V240/Toolchain/RISC-V Embedded GCC12/riscv-wch-elf/lib/rv32imac_zba_zbb_zbc_zbs/ilp32/libshlib.a	gcc12-mrs24	xw-version-undeclared	true	0	0	0	0	0
2	mrs-2.4	470e7734545fe01ac0295284f1a8b76e20631242e4331acedec64c40eadf40cf	MRS_Toolchain_MAC_V240/Toolchain/RISC-V Embedded GCC/riscv-none-embed/lib/rv32imacxw/ilp32/libIQMath_RV32.a	gcc8-mrs24	xw-version-undeclared	false	10	8	0	10	0
2	mrs-2.4	4956118b52213fcc44743052c69bb643103030c079931679f0ccb5e5a18c52e2	MRS_Toolchain_MAC_V240/Toolchain/RISC-V Embedded GCC15/riscv32-wch-elf/lib/rv32imc_zba_zbb_zbc_zbs/ilp32/libprintfloat.a	gcc15-macos	xw-version-undeclared	true	0	0	0	0	0
2	mrs-2.4	4a98453582cf85230091748d4065495e86483a2c7831d803f355d878bcb48dde	MRS_Toolchain_MAC_V240/Toolchain/RISC-V Embedded GCC12/riscv-wch-elf/lib/rv32imafc_zba_zbb_zbc_zbs/ilp32f/libshflib.a	gcc12-mrs24	xw-version-undeclared	true	0	0	0	0	0
2	mrs-2.4	4df0370b6fcd9092e39d4e39574465f7710aeb4f07696a01ca18bbf6715376c1	MRS_Toolchain_MAC_V240/Toolchain/RISC-V Embedded GCC/riscv-none-embed/lib/rv32imac/ilp32/libshflib.a	gcc8-mrs24	xw-version-undeclared	false	0	0	0	0	0
2	mrs-2.4	4f55b0cf67065a27bded41ef7fc9425b3246df057892cf6a8b3a974d6c7d119d	MRS_Toolchain_MAC_V240/Toolchain/RISC-V Embedded GCC15/riscv32-wch-elf/lib/rv32ec_zmmul/ilp32e/libprintf.a	gcc15-macos	xw-version-undeclared	true	0	0	0	0	0
2	mrs-2.4	4f6f70f63f736096f7e56d406baa914d5cd39f0f26867858e872b8d88d9f0a56	MRS_Toolchain_MAC_V240/Toolchain/RISC-V Embedded GCC/riscv-none-embed/lib/rv32imafcxw/ilp32f/libshlib.a	gcc8-mrs24	xw-version-undeclared	false	8	7	0	5	0
2	mrs-2.4	505c345a8b95d52b5b53c10e989291d603fccc33d0ad886615b7739f6cfbf458	MRS_Toolchain_MAC_V240/Toolchain/RISC-V Embedded GCC15/riscv32-wch-elf/lib/rv32ec_xw/ilp32e/libprintfloat.a	gcc15-macos	xw-version-undeclared	false	7	5	4	3	0
2	mrs-2.4	508be181f272a1016fc9d49577f92c87dda35dc5bad1318a3b629145e6b210dc	MRS_Toolchain_MAC_V240/Toolchain/RISC-V Embedded GCC/riscv-none-embed/lib/rv32imacxw/ilp32/libshflib.a	gcc8-mrs24	xw-version-undeclared	false	9	7	0	5	0
2	mrs-2.4	509a70c34f40845fc1d8fb9deeea7ca8e546f9bd2f181ad1bdfd6b05428fea84	MRS_Toolchain_MAC_V240/Toolchain/RISC-V Embedded GCC/riscv-none-embed/lib/rv32imacxw/ilp32/libprintf.a	gcc8-mrs24	xw-version-undeclared	false	8	6	0	3	0
2	mrs-2.4	54ebf2bb989512e4dadd5af7c6263f800d463226095697141d4b3f872705b7e8	MRS_Toolchain_MAC_V240/Toolchain/RISC-V Embedded GCC15/riscv32-wch-elf/lib/rv32ec/ilp32e/libprintfloat.a	gcc15-macos	xw-version-undeclared	false	0	0	0	0	0
2	mrs-2.4	572b6fe3e29e4b9ee9cabecc9e1fd1a6067928aa16170e91953179ab4d9779bf	MRS_Toolchain_MAC_V240/Toolchain/RISC-V Embedded GCC12/riscv-wch-elf/lib/rv32ec_zmmul/ilp32e/libshflib.a	gcc12-mrs24	xw-version-undeclared	true	0	0	0	0	0
2	mrs-2.4	59cb0bfadfbacf194c33706686e1da3fe3039c9f6ff1ec9e3ac5600b8b40bd5e	MRS_Toolchain_MAC_V240/Toolchain/RISC-V Embedded GCC12/riscv-wch-elf/lib/rv32imc_zba_zbb_zbc_zbs_xw/ilp32/libshflib.a	gcc12-mrs24	xw2p2	true	6	4	6	0	0
2	mrs-2.4	5a72c52d3a17750c4d9ab170a2c44b6bd5b17a80870107f277f084f55d0231dc	MRS_Toolchain_MAC_V240/Toolchain/RISC-V Embedded GCC12/riscv-wch-elf/lib/rv32ec_zmmul/ilp32e/libprintf.a	gcc12-mrs24	xw-version-undeclared	true	0	0	0	0	0
2	mrs-2.4	5c8cedcbcdab3d79e1f582645b4b4af4eae4b60dfa7c8a20ebca67396cc8d371	MRS_Toolchain_MAC_V240/Toolchain/RISC-V Embedded GCC15/riscv32-wch-elf/lib/rv32imac_zaamo_zalrsc_zba_zbb_zbc_zbs/ilp32/libprintfloat.a	gcc15-macos	xw-version-undeclared	true	0	0	0	0	0
2	mrs-2.4	5da756ddc3b30b2875a25a7877e47d47f91a686c1836482cf8eae20a3e05cec8	MRS_Toolchain_MAC_V240/Toolchain/RISC-V Embedded GCC12/riscv-wch-elf/lib/rv32ec_zmmul/ilp32e/libIQmath_RV32.a	gcc12-mrs24	xw-version-undeclared	true	0	0	0	0	0
2	mrs-2.4	6283186f34b0ba626f3bf590a35ab2ef844e90c4ecf2da529e07be43c63c80be	MRS_Toolchain_MAC_V240/Toolchain/RISC-V Embedded GCC12/riscv-wch-elf/lib/rv32imafc_zba_zbb_zbc_zbs/ilp32f/libprintf.a	gcc12-mrs24	xw-version-undeclared	true	0	0	0	0	0
2	mrs-2.4	62dcc5a34c5add7b29e53ad3f1bd761388e09b27cb365b74cde8aa09b92b6413	MRS_Toolchain_MAC_V240/Toolchain/RISC-V Embedded GCC12/riscv-wch-elf/lib/rv32ec_zmmul_xw/ilp32e/libshlib.a	gcc12-mrs24	xw2p2	true	7	6	7	0	0
2	mrs-2.4	68b268c84319c746530e60c31a9ea630dbcd85a1ab7f120a978d0f5b7578742b	MRS_Toolchain_MAC_V240/Toolchain/RISC-V Embedded GCC/riscv-none-embed/lib/rv32imafc/ilp32f/libprintfloat.a	gcc8-mrs24	xw-version-undeclared	false	0	0	0	0	0
2	mrs-2.4	69380b7f097405c7fa056d7ada53b9f522b42afd611c5904e780b9111b384c72	MRS_Toolchain_MAC_V240/Toolchain/RISC-V Embedded GCC15/riscv32-wch-elf/lib/rv32imac_zaamo_zalrsc_zba_zbb_zbc_zbs_zvbb_zve32x_zve64x_zvkb_zvl32b_zvl64b/ilp32/libshflib.a	gcc15-macos	xw-version-undeclared	true	0	0	0	0	0
2	mrs-2.4	6cf9cdb216bf7d1302309ba8a6c6289962dad5a58326a339b116397e01adb9a8	MRS_Toolchain_MAC_V240/Toolchain/RISC-V Embedded GCC15/riscv32-wch-elf/lib/rv32imafc_zaamo_zalrsc_zba_zbb_zbc_zbs/ilp32f/libprintfloat.a	gcc15-macos	xw-version-undeclared	true	0	0	0	0	0
2	mrs-2.4	6e7414fa6c83da45e3b4f5d0fc8e4fbf0311c4f0beedeeb56a07ff701d6d4041	MRS_Toolchain_MAC_V240/Toolchain/RISC-V Embedded GCC/riscv-none-embed/lib/rv32imacxw/ilp32/libprintfloat.a	gcc8-mrs24	xw-version-undeclared	false	9	6	0	3	0
2	mrs-2.4	70e9fccfbe6b7e4da7cf22aa320a017da1258bb067bf61d961537ca97192444e	MRS_Toolchain_MAC_V240/Toolchain/RISC-V Embedded GCC12/riscv-wch-elf/lib/rv32imc_zba_zbb_zbc_zbs_xw/ilp32/libshlib.a	gcc12-mrs24	xw2p2	true	5	5	5	0	0
2	mrs-2.4	73bc78ffe027baf1f8fc1fb1d164b20c2f003a0df190ddbb744c9efdf9695980	MRS_Toolchain_MAC_V240/Toolchain/RISC-V Embedded GCC12/riscv-wch-elf/lib/rv32imafc_zba_zbb_zbc_zbs_xw/ilp32f/libshflib.a	gcc12-mrs24	xw2p2	true	6	4	6	0	0
2	mrs-2.4	73d32a3d7216ae88df457bcbdf76f54fff2bf5fa7dbb16d5a0b6bcede04b78bb	MRS_Toolchain_MAC_V240/Toolchain/RISC-V Embedded GCC/riscv-none-embed/lib/rv32imac/ilp32/libIQmath_RV32.a	gcc8-mrs24	xw-version-undeclared	false	0	0	0	0	0
2	mrs-2.4	778e52cfb23bfb1dfc4313555ea14d5549805316ac4056b623e02d0fc9be88f1	MRS_Toolchain_MAC_V240/Toolchain/RISC-V Embedded GCC12/riscv-wch-elf/lib/rv32imafc_zba_zbb_zbc_zbs/ilp32f/libprintfloat.a	gcc12-mrs24	xw-version-undeclared	true	0	0	0	0	0
2	mrs-2.4	785372190e87243e91e6f5470e202df3f78af30222d2e4773fe91550a0026bb7	MRS_Toolchain_MAC_V240/Toolchain/RISC-V Embedded GCC15/riscv32-wch-elf/lib/rv32imafc_zaamo_zalrsc_xw/ilp32f/libprintf.a	gcc15-macos	xw2p2	true	5	4	5	0	0
2	mrs-2.4	80b0efe3d01ae6eaa58aaa20d8241067e68cf41f5237c43f388f3e71da7d83f0	MRS_Toolchain_MAC_V240/Toolchain/RISC-V Embedded GCC15/riscv32-wch-elf/lib/rv32imac_zaamo_zalrsc_xw/ilp32/libprintf.a	gcc15-macos	xw2p2	true	5	4	5	0	0
2	mrs-2.4	80ed363582c4fefc55cacb14fd8bfcde86018cd21bcceb1d84ace15259066ce4	MRS_Toolchain_MAC_V240/Toolchain/RISC-V Embedded GCC12/riscv-wch-elf/lib/rv32imafc_zba_zbb_zbc_zbs/ilp32f/libshlib.a	gcc12-mrs24	xw-version-undeclared	true	0	0	0	0	0
2	mrs-2.4	871cee3626ca59f77a0ae30feef27eee4c8b0e84f773e5089080f525d6a334b2	MRS_Toolchain_MAC_V240/Toolchain/RISC-V Embedded GCC/riscv-none-embed/lib/rv32imac/ilp32/libprintfloat.a	gcc8-mrs24	xw-version-undeclared	false	0	0	0	0	0
2	mrs-2.4	881ca4e1c22ac6b147a89ed75fe0c966152dca92d1c105b6b87ea75320e3ea1e	MRS_Toolchain_MAC_V240/Toolchain/RISC-V Embedded GCC12/riscv-wch-elf/lib/rv32ec_zmmul_xw/ilp32e/libIQmath_RV32.a	gcc12-mrs24	xw2p2	true	13	9	13	0	0
2	mrs-2.4	896e78a048716fcec8c4819a0b80a86da1f1c5efbe157c55f1ef926fed4ef77c	MRS_Toolchain_MAC_V240/Toolchain/RISC-V Embedded GCC15/riscv32-wch-elf/lib/rv32imc_zba_zbb_zbc_zbs_xw/ilp32/libprintfloat.a	gcc15-macos	xw2p2	true	6	3	6	0	0
2	mrs-2.4	89ba7db7531d2e5af704e79aee4015b96a1617a54725a88632b8c5b2d885de7a	MRS_Toolchain_MAC_V240/Toolchain/RISC-V Embedded GCC12/riscv-wch-elf/lib/rv32ec_zmmul_xw/ilp32e/libprintf.a	gcc12-mrs24	xw2p2	true	4	3	4	0	0
2	mrs-2.4	8cdcea3953975d5ecb83c6cfd4242b21e523176d7aad4ba425a9445bf51418fe	MRS_Toolchain_MAC_V240/Toolchain/RISC-V Embedded GCC15/riscv32-wch-elf/lib/rv32imafc_zaamo_zalrsc/ilp32f/libprintf.a	gcc15-macos	xw-version-undeclared	true	0	0	0	0	0
2	mrs-2.4	8d6b6f47a9b3bd48967838c8775193489185ea5e745c75835199d769cf6b79c8	MRS_Toolchain_MAC_V240/Toolchain/RISC-V Embedded GCC15/riscv32-wch-elf/lib/rv32ec_zmmul_xw/ilp32e/libprintf.a	gcc15-macos	xw2p2	true	4	3	4	0	0
2	mrs-2.4	8eb90a9c3fe4882ad6c316356b166193501cfed0aab8136dd7ab00730ec5d6d5	MRS_Toolchain_MAC_V240/Toolchain/RISC-V Embedded GCC15/riscv32-wch-elf/lib/rv32imac_zaamo_zalrsc_zba_zbb_zbc_zbs_zvbb_zve32x_zve64x_zvkb_zvl32b_zvl64b/ilp32/libshlib.a	gcc15-macos	xw-version-undeclared	true	0	0	0	0	0
2	mrs-2.4	90cc2705650204e3679cbda1095a0c24413cae2d4171de5eb722fd56804d1067	MRS_Toolchain_MAC_V240/Toolchain/RISC-V Embedded GCC15/riscv32-wch-elf/lib/rv32imafc_zaamo_zalrsc_zba_zbb_zbc_zbs_xw/ilp32f/libprintf.a	gcc15-macos	xw2p2	true	5	4	5	0	0
2	mrs-2.4	91043cc2cf897118c784c01e84bc88f3985caf4b1184ff40cc46e11bd8abe3a1	MRS_Toolchain_MAC_V240/Toolchain/RISC-V Embedded GCC/riscv-none-embed/lib/rv32ecxw/ilp32e/libprintfloat.a	gcc8-mrs24	xw-version-undeclared	false	7	5	0	3	0
2	mrs-2.4	929e57b84a207eb1f8debd3c5a4588e1314a907087623891c7ebb53be93d9388	MRS_Toolchain_MAC_V240/Toolchain/RISC-V Embedded GCC12/riscv-wch-elf/lib/rv32imac_zba_zbb_zbc_zbs/ilp32/libprintfloat.a	gcc12-mrs24	xw-version-undeclared	true	0	0	0	0	0
2	mrs-2.4	937abb985b9dcf4aa2d44903622146de6a4c75e0a1b01c72bb9ec7758e3ec4f4	MRS_Toolchain_MAC_V240/Toolchain/RISC-V Embedded GCC/riscv-none-embed/lib/rv32ecxw/ilp32e/libIQMath_RV32.a	gcc8-mrs24	xw-version-undeclared	false	11	8	0	11	0
2	mrs-2.4	9b874871223df1072aad7440864c60018b111e4fc7044dbfec5712b106ecb774	MRS_Toolchain_MAC_V240/Toolchain/RISC-V Embedded GCC/riscv-none-embed/lib/rv32imac/ilp32/libprintf.a	gcc8-mrs24	xw-version-undeclared	false	0	0	0	0	0
2	mrs-2.4	9c2a7eab3789101551fd88ca3540cf2d77401df115737c3927c2b5e921bbea5d	MRS_Toolchain_MAC_V240/Toolchain/RISC-V Embedded GCC15/riscv32-wch-elf/lib/rv32imafc_zaamo_zalrsc_zba_zbb_zbc_zbs/ilp32f/libprintf.a	gcc15-macos	xw-version-undeclared	true	0	0	0	0	0
2	mrs-2.4	9c98a6952e5f7308ea8ca919ad53543a4be2ac7263bb4540782c64b967de7643	MRS_Toolchain_MAC_V240/Toolchain/RISC-V Embedded GCC15/riscv32-wch-elf/lib/rv32imac_zaamo_zalrsc_zba_zbb_zbc_zbs_zvbb_zve32x_zve64x_zvkb_zvl32b_zvl64b_xw/ilp32/libprintfloat.a	gcc15-macos	xw2p0	true	6	4	6	0	0
2	mrs-2.4	9cb7d3c14159d9810abaeb232a01a7d0b23a93f968f5e4bdd4aa780edcc7faab	MRS_Toolchain_MAC_V240/Toolchain/RISC-V Embedded GCC15/riscv32-wch-elf/lib/rv32imc_zba_zbb_zbc_zbs/ilp32/libprintf.a	gcc15-macos	xw-version-undeclared	true	0	0	0	0	0
2	mrs-2.4	a1178329ce0f44f4696b23972f837b2f175656429568f4e1fd5d023eff7a8c24	MRS_Toolchain_MAC_V240/Toolchain/RISC-V Embedded GCC12/riscv-wch-elf/lib/rv32ec_zmmul_xw/ilp32e/libprintfloat.a	gcc12-mrs24	xw2p2	true	4	3	4	0	0
2	mrs-2.4	aae596e24457c1ec1f39bd8516158a49afb175bc300607a24caf21687d6332cb	MRS_Toolchain_MAC_V240/Toolchain/RISC-V Embedded GCC15/riscv32-wch-elf/lib/rv32imac_zaamo_zalrsc_zba_zbb_zbc_zbs_zvbb_zve32x_zve64x_zvkb_zvl32b_zvl64b/ilp32/libprintfloat.a	gcc15-macos	xw-version-undeclared	true	0	0	0	0	0
2	mrs-2.4	ad2c8b4208d71e81f612c988a77ba3ec8108bd0d9d8bd63e7ba128492310e8ac	MRS_Toolchain_MAC_V240/Toolchain/RISC-V Embedded GCC12/riscv-wch-elf/lib/rv32imc_zba_zbb_zbc_zbs/ilp32/libprintf.a	gcc12-mrs24	xw-version-undeclared	true	0	0	0	0	0
2	mrs-2.4	add26e9cb0fdb84abba080fc685510cccb60b2d1c121c43f74aecee3d2759e50	MRS_Toolchain_MAC_V240/Toolchain/RISC-V Embedded GCC15/riscv32-wch-elf/lib/rv32ec_xw/ilp32e/libprintf.a	gcc15-macos	xw-version-undeclared	false	7	5	4	3	0
2	mrs-2.4	aff70eb890fc78be0b82a498200924fb6b8e88b73c6e92e0eda9047582854f75	MRS_Toolchain_MAC_V240/Toolchain/RISC-V Embedded GCC/riscv-none-embed/lib/rv32imafcxw/ilp32f/libprintfloat.a	gcc8-mrs24	xw-version-undeclared	false	9	6	0	3	0
2	mrs-2.4	b2f7887352b73ef5524d63a8013bc8291eb784ad32bc8abc910fb700b7c4fab9	MRS_Toolchain_MAC_V240/Toolchain/RISC-V Embedded GCC12/riscv-wch-elf/lib/rv32imc_zba_zbb_zbc_zbs/ilp32/libshlib.a	gcc12-mrs24	xw-version-undeclared	true	0	0	0	0	0
2	mrs-2.4	b43e03bfcdc3ce63753d3d5ef6540a4e4d06e79fb96ee5153812d89e9d5bb374	MRS_Toolchain_MAC_V240/Toolchain/RISC-V Embedded GCC15/riscv32-wch-elf/lib/rv32imafc_zaamo_zalrsc_zba_zbb_zbc_zbs_xw/ilp32f/libprintfloat.a	gcc15-macos	xw2p2	true	6	3	6	0	0
2	mrs-2.4	b611103c355696dcaa912659f1d29881994f9674a55ad530776e7472ce130939	MRS_Toolchain_MAC_V240/Toolchain/RISC-V Embedded GCC15/riscv32-wch-elf/lib/rv32imac_zaamo_zalrsc/ilp32/libprintfloat.a	gcc15-macos	xw-version-undeclared	true	0	0	0	0	0
2	mrs-2.4	b7e826d478747f99ddd6e9acf3761fa2174253546b3f7ac30b726ef84a5a8a43	MRS_Toolchain_MAC_V240/Toolchain/RISC-V Embedded GCC15/riscv32-wch-elf/lib/rv32imac_zaamo_zalrsc_zba_zbb_zbc_zbs_xw/ilp32/libprintfloat.a	gcc15-macos	xw2p2	true	6	3	6	0	0
2	mrs-2.4	b8a3b54a8695739218668b5a487fa719b5a1083828d0bf091f28b22dbbd5ab4a	MRS_Toolchain_MAC_V240/Toolchain/RISC-V Embedded GCC/riscv-none-embed/lib/rv32ec/ilp32e/libshlib.a	gcc8-mrs24	xw-version-undeclared	false	0	0	0	0	0
2	mrs-2.4	b92f978b5813253f10b1222f12b4281d48025a05a0f33e1db9a149a9694b3108	MRS_Toolchain_MAC_V240/Toolchain/RISC-V Embedded GCC15/riscv32-wch-elf/lib/rv32ec_zmmul_xw/ilp32e/libprintfloat.a	gcc15-macos	xw2p2	true	4	3	4	0	0
2	mrs-2.4	bc00c4be3dc1562932611a60005e8639e4ded58d0679a7f3d82906ffe0b3cf7c	MRS_Toolchain_MAC_V240/Toolchain/RISC-V Embedded GCC/riscv-none-embed/lib/rv32ec/ilp32e/libprintf.a	gcc8-mrs24	xw-version-undeclared	false	0	0	0	0	0
2	mrs-2.4	bc7c7ecf5b407f560e41abdde3098a64b30979b246559ce4c550d8b219c77bcb	MRS_Toolchain_MAC_V240/Toolchain/RISC-V Embedded GCC12/riscv-wch-elf/lib/rv32ec_zmmul_xw/ilp32e/libshflib.a	gcc12-mrs24	xw2p2	true	7	6	7	0	0
2	mrs-2.4	bec4fbd6d075153b097603fc3b5026c6277f2b076fa15cd4b9fd7d3db8cd9407	MRS_Toolchain_MAC_V240/Toolchain/RISC-V Embedded GCC15/riscv32-wch-elf/lib/rv32imac_zaamo_zalrsc_zba_zbb_zbc_zbs_zvbb_zve32x_zve64x_zvkb_zvl32b_zvl64b_xw/ilp32/libshlib.a	gcc15-macos	xw2p0	true	8	6	8	0	0
2	mrs-2.4	bfc27fb7a9875d90d3db65e9e750b81889de6bc185142c89ffcbe3e3e5664b32	MRS_Toolchain_MAC_V240/Toolchain/RISC-V Embedded GCC12/riscv-wch-elf/lib/rv32imc_zba_zbb_zbc_zbs_xw/ilp32/libprintf.a	gcc12-mrs24	xw2p2	true	5	4	5	0	0
2	mrs-2.4	c163dac0d61c66d52e3a543689b5bc044ea4ab840251fd618ba99dfc73068af5	MRS_Toolchain_MAC_V240/Toolchain/RISC-V Embedded GCC/riscv-none-embed/lib/rv32ec/ilp32e/libprintfloat.a	gcc8-mrs24	xw-version-undeclared	false	0	0	0	0	0
2	mrs-2.4	c5d87a19f282b0a4170ba0d1173d7df60ddc3a2ad7916c8921c5a4b54d191cec	MRS_Toolchain_MAC_V240/Toolchain/RISC-V Embedded GCC15/riscv32-wch-elf/lib/rv32ec_zmmul/ilp32e/libprintfloat.a	gcc15-macos	xw-version-undeclared	true	0	0	0	0	0
2	mrs-2.4	c62292f75054ae8316bbc3dfee7b049b0788146e538733b25327e483cd4b36b6	MRS_Toolchain_MAC_V240/Toolchain/RISC-V Embedded GCC15/riscv32-wch-elf/lib/rv32imac_zaamo_zalrsc_zba_zbb_zbc_zbs_zvbb_zve32x_zve64x_zvkb_zvl32b_zvl64b_xw/ilp32/libshflib.a	gcc15-macos	xw2p0	true	9	6	9	0	0
2	mrs-2.4	c69ba612d264244fb9bc19cc4a8713cfb155c418fc6801ba8954fa5f6bd4d6ea	MRS_Toolchain_MAC_V240/Toolchain/RISC-V Embedded GCC15/riscv32-wch-elf/lib/rv32imac_zaamo_zalrsc_zba_zbb_zbc_zbs/ilp32/libprintf.a	gcc15-macos	xw-version-undeclared	true	0	0	0	0	0
2	mrs-2.4	c9b7272513eadc4bb74b379d0ce39a4218047a96ecae31b53edf3147c1cb303e	MRS_Toolchain_MAC_V240/Toolchain/RISC-V Embedded GCC12/riscv-wch-elf/lib/rv32imac_zba_zbb_zbc_zbs_xw/ilp32/libprintf.a	gcc12-mrs24	xw2p2	true	5	4	5	0	0
2	mrs-2.4	cb96401493edef19da273a999431339f8a23aefb46c4b51af723281ea4ad3470	MRS_Toolchain_MAC_V240/Toolchain/RISC-V Embedded GCC12/riscv-wch-elf/lib/rv32imac_zba_zbb_zbc_zbs/ilp32/libIQmath_RV32.a	gcc12-mrs24	xw-version-undeclared	true	0	0	0	0	0
2	mrs-2.4	cf543505c146ae4294205e201acf0d6ab7e7f9d11edf88fdf9e024f6c4a1c881	MRS_Toolchain_MAC_V240/Toolchain/RISC-V Embedded GCC12/riscv-wch-elf/lib/rv32imc_zba_zbb_zbc_zbs/ilp32/libshflib.a	gcc12-mrs24	xw-version-undeclared	true	0	0	0	0	0
2	mrs-2.4	d00472e408b2f80b44c1e50a681a980d5a60f4e340bcdede12f474567d55359b	MRS_Toolchain_MAC_V240/Toolchain/RISC-V Embedded GCC12/riscv-wch-elf/lib/rv32imc_zba_zbb_zbc_zbs_xw/ilp32/libprintfloat.a	gcc12-mrs24	xw2p2	true	6	3	6	0	0
2	mrs-2.4	d2715b286a4f0e8119698735fb2c86209b169c716be9702a7a0040b241655be9	MRS_Toolchain_MAC_V240/Toolchain/RISC-V Embedded GCC/riscv-none-embed/lib/rv32ec/ilp32e/libIQMath_RV32.a	gcc8-mrs24	xw-version-undeclared	false	0	0	0	0	0
2	mrs-2.4	d55b557d794997ab0c4f07d90e40c98c7e60738305b759d9fef3e6c6a18b1133	MRS_Toolchain_MAC_V240/Toolchain/RISC-V Embedded GCC15/riscv32-wch-elf/lib/rv32imc_zba_zbb_zbc_zbs_xw/ilp32/libprintf.a	gcc15-macos	xw2p2	true	5	4	5	0	0
2	mrs-2.4	d7ae4fa539b44b09a5bce4d3264e2c129edbba50fefa0df6c2ac4c8f86ef04f0	MRS_Toolchain_MAC_V240/Toolchain/RISC-V Embedded GCC/riscv-none-embed/lib/rv32imafcxw/ilp32f/libprintf.a	gcc8-mrs24	xw-version-undeclared	false	8	6	0	3	0
2	mrs-2.4	d9213c09bfd25d1c43cabae05b83cabc7d47204409e74000cfb75896efa4fe29	MRS_Toolchain_MAC_V240/Toolchain/RISC-V Embedded GCC12/riscv-wch-elf/lib/rv32imafc_zba_zbb_zbc_zbs_xw/ilp32f/libprintf.a	gcc12-mrs24	xw2p2	true	5	4	5	0	0
2	mrs-2.4	dde7d239c4c97c953eb37221e5301dc41ecd7b59fcbc3cbca7330955caa305ee	MRS_Toolchain_MAC_V240/Toolchain/RISC-V Embedded GCC15/riscv32-wch-elf/lib/rv32imac_zaamo_zalrsc_zba_zbb_zbc_zbs_xw/ilp32/libprintf.a	gcc15-macos	xw2p2	true	5	4	5	0	0
2	mrs-2.4	e10031dcaab69e7dd785c37abfc411cbf9b0ed3faf812d39f144dfe0e2c1250c	MRS_Toolchain_MAC_V240/Toolchain/RISC-V Embedded GCC/riscv-none-embed/lib/rv32imafc/ilp32f/libshlib.a	gcc8-mrs24	xw-version-undeclared	false	0	0	0	0	0
2	mrs-2.4	e4d37be39bab7ee5eb9bc376826238fb809ecd706d8d6d410d0ab9d84a88543f	MRS_Toolchain_MAC_V240/Toolchain/RISC-V Embedded GCC/riscv-none-embed/lib/rv32imafc/ilp32f/libprintf.a	gcc8-mrs24	xw-version-undeclared	false	0	0	0	0	0
2	mrs-2.4	e85f439ead8eee611d6e01966bf15e6edc614a8745fa69b61a154bde6cdbf2b5	MRS_Toolchain_MAC_V240/Toolchain/RISC-V Embedded GCC15/riscv32-wch-elf/lib/rv32imafc_zaamo_zalrsc/ilp32f/libprintfloat.a	gcc15-macos	xw-version-undeclared	true	0	0	0	0	0
2	mrs-2.4	eaa98b8f1679126e15d23c9ac1f395b14381f659a0e0d4164daa5d269b658f15	MRS_Toolchain_MAC_V240/Toolchain/RISC-V Embedded GCC/riscv-none-embed/lib/rv32ec/ilp32e/libshflib.a	gcc8-mrs24	xw-version-undeclared	false	0	0	0	0	0
2	mrs-2.4	edf3dbfe0b87ecc21fc1837d16d02c2bd61992dd68766ce0567d6b2270e40ade	MRS_Toolchain_MAC_V240/Toolchain/RISC-V Embedded GCC/riscv-none-embed/lib/rv32imacxw/ilp32/libshlib.a	gcc8-mrs24	xw-version-undeclared	false	8	7	0	5	0
2	mrs-2.4	ee0cf3cb93e2aa698d8b28ef79dbdc5b48f7c39c9cc8fe69959f85a277131ff5	MRS_Toolchain_MAC_V240/Toolchain/RISC-V Embedded GCC12/riscv-wch-elf/lib/rv32imac_zba_zbb_zbc_zbs_xw/ilp32/libshlib.a	gcc12-mrs24	xw2p2	true	5	5	5	0	0
2	mrs-2.4	ef7d5da94047e7267dbe149fa1b8f9601a7a50d22b876eab8cf27a817e0b7172	MRS_Toolchain_MAC_V240/Toolchain/RISC-V Embedded GCC/riscv-none-embed/lib/rv32imac/ilp32/libshlib.a	gcc8-mrs24	xw-version-undeclared	false	0	0	0	0	0
2	mrs-2.4	f3d4e59fd684e00d357fef3a0e720cc3332cf6cd7596a98f8b468a8a8e43c3a1	MRS_Toolchain_MAC_V240/Toolchain/RISC-V Embedded GCC12/riscv-wch-elf/lib/rv32imac_zba_zbb_zbc_zbs_xw/ilp32/libshflib.a	gcc12-mrs24	xw2p2	true	6	4	6	0	0
2	mrs-2.4	faf8a5b888a6ee3f3e0d7d56c475c7b4b7ef97f6a78c84269cfbef640e103f63	MRS_Toolchain_MAC_V240/Toolchain/RISC-V Embedded GCC/riscv-none-embed/lib/rv32ecxw/ilp32e/libshlib.a	gcc8-mrs24	xw-version-undeclared	false	7	6	0	5	0
2	mrs-2.4	fc48785c3be234c9add9a673c7e70356f0b4ae3c033cc6380d8aecdf2bf59469	MRS_Toolchain_MAC_V240/Toolchain/RISC-V Embedded GCC15/riscv32-wch-elf/lib/rv32imac_zaamo_zalrsc_xw/ilp32/libprintfloat.a	gcc15-macos	xw2p2	true	6	3	6	0	0
2	mrs-2.5-linux	0415c4c20001668f642a7686147cea8f98f5a7e4d2c34118d02d619cde21291d	MRS_Toolchain_Linux_X64_V250/Toolchain/RISC-V Embedded GCC15/riscv32-wch-elf/lib/rv32imac_zaamo_zalrsc/ilp32/libprintf.a	gcc15-macos	xw-version-undeclared	true	0	0	0	0	0
2	mrs-2.5-linux	0d678ac7338c5730df14e73b879fe2d42314404239b531fee39c58826e0f57b9	MRS_Toolchain_Linux_X64_V250/Toolchain/RISC-V Embedded GCC15/riscv32-wch-elf/lib/rv32imac_zaamo_zalrsc_zba_zbb_zbc_zbs_zvbb_zve32x_zve64x_zvkb_zvl32b_zvl64b_xw/ilp32/libprintf.a	gcc15-macos	xw2p0	true	5	4	5	0	0
2	mrs-2.5-linux	0d693f8e5997c5dd75dcd50b95e6237e5f529907cbf5bbede00d3d633ed0696a	MRS_Toolchain_Linux_X64_V250/Toolchain/RISC-V Embedded GCC15/riscv32-wch-elf/lib/rv32ec/ilp32e/libprintf.a	gcc15-macos	xw-version-undeclared	false	0	0	0	0	0
2	mrs-2.5-linux	13590f485903d5fa2a1a3079a5a78824b2d0aaf4af471efcd78ff60bf156f42e	MRS_Toolchain_Linux_X64_V250/Toolchain/RISC-V Embedded GCC15/riscv32-wch-elf/lib/rv32imafc_zaamo_zalrsc_zba_zbb_zbc_zbs_xw/ilp32f/libshlib.a	gcc15-macos	xw2p2	true	5	5	5	0	0
2	mrs-2.5-linux	16ad5e8810829d15f8f3ac87cad44db368e25cd1a647dbca6080e5fe350b4b31	MRS_Toolchain_Linux_X64_V250/Toolchain/RISC-V Embedded GCC15/riscv32-wch-elf/lib/rv32imafc_zaamo_zalrsc_xw/ilp32f/libprintfloat.a	gcc15-macos	xw2p2	true	6	3	6	0	0
2	mrs-2.5-linux	1cf4fb05263b5c2f423127b7e58b496fdddb22e8d0de939cee67262b7e9ed5ce	MRS_Toolchain_Linux_X64_V250/Toolchain/RISC-V Embedded GCC15/riscv32-wch-elf/lib/rv32imac_zaamo_zalrsc_zba_zbb_zbc_zbs_zvbb_zve32x_zve64x_zvkb_zvl32b_zvl64b/ilp32/libprintf.a	gcc15-macos	xw-version-undeclared	true	0	0	0	0	0
2	mrs-2.5-linux	1f88b599cb9914d22366bbf98c196ac1ad539327cfaaef3992858c83c627823b	MRS_Toolchain_Linux_X64_V250/Toolchain/RISC-V Embedded GCC15/riscv32-wch-elf/lib/rv32ec_zmmul/ilp32e/libshlib.a	gcc15-macos	xw-version-undeclared	true	0	0	0	0	0
2	mrs-2.5-linux	22278d17da27a6d33a25986b618b2135340250a26e4f828ee7b99ff7bdff5653	MRS_Toolchain_Linux_X64_V250/Toolchain/RISC-V Embedded GCC15/riscv32-wch-elf/lib/rv32imafc_zaamo_zalrsc_xw/ilp32f/libshflib.a	gcc15-macos	xw-version-undeclared	false	9	7	4	5	0
2	mrs-2.5-linux	245f9f62618ac19121885e7e8a1c0ffa51f240b0131ae42476987d499223a94c	MRS_Toolchain_Linux_X64_V250/Toolchain/RISC-V Embedded GCC15/riscv32-wch-elf/lib/rv32imafc_zaamo_zalrsc/ilp32f/libshflib.a	gcc15-macos	xw-version-undeclared	false	0	0	0	0	0
2	mrs-2.5-linux	2c5d11e5275f50eb32de8122e720b78bb3976fa768c0f6571c0a36db5d7dafe3	MRS_Toolchain_Linux_X64_V250/Toolchain/RISC-V Embedded GCC15/riscv32-wch-elf/lib/rv32ec_xw/ilp32e/libshflib.a	gcc15-macos	xw-version-undeclared	false	7	6	2	5	0
2	mrs-2.5-linux	34f1d4c2084ff5727f7b4592de392776cb24f510b5dbdd172f8193c0a538dc76	MRS_Toolchain_Linux_X64_V250/Toolchain/RISC-V Embedded GCC15/riscv32-wch-elf/lib/rv32imac_zaamo_zalrsc_zba_zbb_zbc_zbs_xw/ilp32/libIQmath_RV32.a	gcc15-macos	xw2p2	true	8	5	8	0	0
2	mrs-2.5-linux	44204c0f90a99a1804cfe938d19333d89a50837a9429eb79f85edef046d4fcd1	MRS_Toolchain_Linux_X64_V250/Toolchain/RISC-V Embedded GCC15/riscv32-wch-elf/lib/rv32imac_zaamo_zalrsc_zba_zbb_zbc_zbs/ilp32/libshflib.a	gcc15-macos	xw-version-undeclared	true	0	0	0	0	0
2	mrs-2.5-linux	45b3c18050abc30c71ab4c6172e9a2010f2412e2240f6c3aafe35525a28c1446	MRS_Toolchain_Linux_X64_V250/Toolchain/RISC-V Embedded GCC15/riscv32-wch-elf/lib/rv32imac_zaamo_zalrsc_zba_zbb_zbc_zbs/ilp32/libshlib.a	gcc15-macos	xw-version-undeclared	true	0	0	0	0	0
2	mrs-2.5-linux	470e7734545fe01ac0295284f1a8b76e20631242e4331acedec64c40eadf40cf	MRS_Toolchain_Linux_X64_V250/Toolchain/RISC-V Embedded GCC15/riscv32-wch-elf/lib/rv32imac_zaamo_zalrsc_xw/ilp32/libIQmath_RV32.a	gcc15-macos	xw-version-undeclared	false	10	8	0	10	0
2	mrs-2.5-linux	4956118b52213fcc44743052c69bb643103030c079931679f0ccb5e5a18c52e2	MRS_Toolchain_Linux_X64_V250/Toolchain/RISC-V Embedded GCC15/riscv32-wch-elf/lib/rv32imc_zba_zbb_zbc_zbs/ilp32/libprintfloat.a	gcc15-macos	xw-version-undeclared	true	0	0	0	0	0
2	mrs-2.5-linux	4a98453582cf85230091748d4065495e86483a2c7831d803f355d878bcb48dde	MRS_Toolchain_Linux_X64_V250/Toolchain/RISC-V Embedded GCC15/riscv32-wch-elf/lib/rv32imafc_zaamo_zalrsc_zba_zbb_zbc_zbs/ilp32f/libshflib.a	gcc15-macos	xw-version-undeclared	true	0	0	0	0	0
2	mrs-2.5-linux	4df0370b6fcd9092e39d4e39574465f7710aeb4f07696a01ca18bbf6715376c1	MRS_Toolchain_Linux_X64_V250/Toolchain/RISC-V Embedded GCC15/riscv32-wch-elf/lib/rv32imac_zaamo_zalrsc/ilp32/libshflib.a	gcc15-macos	xw-version-undeclared	false	0	0	0	0	0
2	mrs-2.5-linux	4f55b0cf67065a27bded41ef7fc9425b3246df057892cf6a8b3a974d6c7d119d	MRS_Toolchain_Linux_X64_V250/Toolchain/RISC-V Embedded GCC15/riscv32-wch-elf/lib/rv32ec_zmmul/ilp32e/libprintf.a	gcc15-macos	xw-version-undeclared	true	0	0	0	0	0
2	mrs-2.5-linux	4f6f70f63f736096f7e56d406baa914d5cd39f0f26867858e872b8d88d9f0a56	MRS_Toolchain_Linux_X64_V250/Toolchain/RISC-V Embedded GCC15/riscv32-wch-elf/lib/rv32imafc_zaamo_zalrsc_xw/ilp32f/libshlib.a	gcc15-macos	xw-version-undeclared	false	8	7	3	5	0
2	mrs-2.5-linux	505c345a8b95d52b5b53c10e989291d603fccc33d0ad886615b7739f6cfbf458	MRS_Toolchain_Linux_X64_V250/Toolchain/RISC-V Embedded GCC15/riscv32-wch-elf/lib/rv32ec_xw/ilp32e/libprintfloat.a	gcc15-macos	xw-version-undeclared	false	7	5	4	3	0
2	mrs-2.5-linux	508be181f272a1016fc9d49577f92c87dda35dc5bad1318a3b629145e6b210dc	MRS_Toolchain_Linux_X64_V250/Toolchain/RISC-V Embedded GCC15/riscv32-wch-elf/lib/rv32imac_zaamo_zalrsc_xw/ilp32/libshflib.a	gcc15-macos	xw-version-undeclared	false	9	7	4	5	0
2	mrs-2.5-linux	54ebf2bb989512e4dadd5af7c6263f800d463226095697141d4b3f872705b7e8	MRS_Toolchain_Linux_X64_V250/Toolchain/RISC-V Embedded GCC15/riscv32-wch-elf/lib/rv32ec/ilp32e/libprintfloat.a	gcc15-macos	xw-version-undeclared	false	0	0	0	0	0
2	mrs-2.5-linux	572b6fe3e29e4b9ee9cabecc9e1fd1a6067928aa16170e91953179ab4d9779bf	MRS_Toolchain_Linux_X64_V250/Toolchain/RISC-V Embedded GCC15/riscv32-wch-elf/lib/rv32ec_zmmul/ilp32e/libshflib.a	gcc15-macos	xw-version-undeclared	true	0	0	0	0	0
2	mrs-2.5-linux	59cb0bfadfbacf194c33706686e1da3fe3039c9f6ff1ec9e3ac5600b8b40bd5e	MRS_Toolchain_Linux_X64_V250/Toolchain/RISC-V Embedded GCC15/riscv32-wch-elf/lib/rv32imc_zba_zbb_zbc_zbs_xw/ilp32/libshflib.a	gcc15-macos	xw2p2	true	6	4	6	0	0
2	mrs-2.5-linux	5c8cedcbcdab3d79e1f582645b4b4af4eae4b60dfa7c8a20ebca67396cc8d371	MRS_Toolchain_Linux_X64_V250/Toolchain/RISC-V Embedded GCC15/riscv32-wch-elf/lib/rv32imac_zaamo_zalrsc_zba_zbb_zbc_zbs/ilp32/libprintfloat.a	gcc15-macos	xw-version-undeclared	true	0	0	0	0	0
2	mrs-2.5-linux	5da756ddc3b30b2875a25a7877e47d47f91a686c1836482cf8eae20a3e05cec8	MRS_Toolchain_Linux_X64_V250/Toolchain/RISC-V Embedded GCC15/riscv32-wch-elf/lib/rv32ec_zmmul/ilp32e/libIQmath_RV32.a	gcc15-macos	xw-version-undeclared	true	0	0	0	0	0
2	mrs-2.5-linux	62dcc5a34c5add7b29e53ad3f1bd761388e09b27cb365b74cde8aa09b92b6413	MRS_Toolchain_Linux_X64_V250/Toolchain/RISC-V Embedded GCC15/riscv32-wch-elf/lib/rv32ec_zmmul_xw/ilp32e/libshlib.a	gcc15-macos	xw2p2	true	7	6	7	0	0
2	mrs-2.5-linux	69380b7f097405c7fa056d7ada53b9f522b42afd611c5904e780b9111b384c72	MRS_Toolchain_Linux_X64_V250/Toolchain/RISC-V Embedded GCC15/riscv32-wch-elf/lib/rv32imac_zaamo_zalrsc_zba_zbb_zbc_zbs_zvbb_zve32x_zve64x_zvkb_zvl32b_zvl64b/ilp32/libshflib.a	gcc15-macos	xw-version-undeclared	true	0	0	0	0	0
2	mrs-2.5-linux	6cf9cdb216bf7d1302309ba8a6c6289962dad5a58326a339b116397e01adb9a8	MRS_Toolchain_Linux_X64_V250/Toolchain/RISC-V Embedded GCC15/riscv32-wch-elf/lib/rv32imafc_zaamo_zalrsc_zba_zbb_zbc_zbs/ilp32f/libprintfloat.a	gcc15-macos	xw-version-undeclared	true	0	0	0	0	0
2	mrs-2.5-linux	70e9fccfbe6b7e4da7cf22aa320a017da1258bb067bf61d961537ca97192444e	MRS_Toolchain_Linux_X64_V250/Toolchain/RISC-V Embedded GCC15/riscv32-wch-elf/lib/rv32imc_zba_zbb_zbc_zbs_xw/ilp32/libshlib.a	gcc15-macos	xw2p2	true	5	5	5	0	0
2	mrs-2.5-linux	73bc78ffe027baf1f8fc1fb1d164b20c2f003a0df190ddbb744c9efdf9695980	MRS_Toolchain_Linux_X64_V250/Toolchain/RISC-V Embedded GCC15/riscv32-wch-elf/lib/rv32imafc_zaamo_zalrsc_zba_zbb_zbc_zbs_xw/ilp32f/libshflib.a	gcc15-macos	xw2p2	true	6	4	6	0	0
2	mrs-2.5-linux	73d32a3d7216ae88df457bcbdf76f54fff2bf5fa7dbb16d5a0b6bcede04b78bb	MRS_Toolchain_Linux_X64_V250/Toolchain/RISC-V Embedded GCC15/riscv32-wch-elf/lib/rv32imac_zaamo_zalrsc/ilp32/libIQmath_RV32.a	gcc15-macos	xw-version-undeclared	false	0	0	0	0	0
2	mrs-2.5-linux	785372190e87243e91e6f5470e202df3f78af30222d2e4773fe91550a0026bb7	MRS_Toolchain_Linux_X64_V250/Toolchain/RISC-V Embedded GCC15/riscv32-wch-elf/lib/rv32imafc_zaamo_zalrsc_xw/ilp32f/libprintf.a	gcc15-macos	xw2p2	true	5	4	5	0	0
2	mrs-2.5-linux	80b0efe3d01ae6eaa58aaa20d8241067e68cf41f5237c43f388f3e71da7d83f0	MRS_Toolchain_Linux_X64_V250/Toolchain/RISC-V Embedded GCC15/riscv32-wch-elf/lib/rv32imac_zaamo_zalrsc_xw/ilp32/libprintf.a	gcc15-macos	xw2p2	true	5	4	5	0	0
2	mrs-2.5-linux	80ed363582c4fefc55cacb14fd8bfcde86018cd21bcceb1d84ace15259066ce4	MRS_Toolchain_Linux_X64_V250/Toolchain/RISC-V Embedded GCC15/riscv32-wch-elf/lib/rv32imafc_zaamo_zalrsc_zba_zbb_zbc_zbs/ilp32f/libshlib.a	gcc15-macos	xw-version-undeclared	true	0	0	0	0	0
2	mrs-2.5-linux	881ca4e1c22ac6b147a89ed75fe0c966152dca92d1c105b6b87ea75320e3ea1e	MRS_Toolchain_Linux_X64_V250/Toolchain/RISC-V Embedded GCC15/riscv32-wch-elf/lib/rv32ec_zmmul_xw/ilp32e/libIQmath_RV32.a	gcc15-macos	xw2p2	true	13	9	13	0	0
2	mrs-2.5-linux	896e78a048716fcec8c4819a0b80a86da1f1c5efbe157c55f1ef926fed4ef77c	MRS_Toolchain_Linux_X64_V250/Toolchain/RISC-V Embedded GCC15/riscv32-wch-elf/lib/rv32imc_zba_zbb_zbc_zbs_xw/ilp32/libprintfloat.a	gcc15-macos	xw2p2	true	6	3	6	0	0
2	mrs-2.5-linux	8cdcea3953975d5ecb83c6cfd4242b21e523176d7aad4ba425a9445bf51418fe	MRS_Toolchain_Linux_X64_V250/Toolchain/RISC-V Embedded GCC15/riscv32-wch-elf/lib/rv32imafc_zaamo_zalrsc/ilp32f/libprintf.a	gcc15-macos	xw-version-undeclared	true	0	0	0	0	0
2	mrs-2.5-linux	8d6b6f47a9b3bd48967838c8775193489185ea5e745c75835199d769cf6b79c8	MRS_Toolchain_Linux_X64_V250/Toolchain/RISC-V Embedded GCC15/riscv32-wch-elf/lib/rv32ec_zmmul_xw/ilp32e/libprintf.a	gcc15-macos	xw2p2	true	4	3	4	0	0
2	mrs-2.5-linux	8eb90a9c3fe4882ad6c316356b166193501cfed0aab8136dd7ab00730ec5d6d5	MRS_Toolchain_Linux_X64_V250/Toolchain/RISC-V Embedded GCC15/riscv32-wch-elf/lib/rv32imac_zaamo_zalrsc_zba_zbb_zbc_zbs_zvbb_zve32x_zve64x_zvkb_zvl32b_zvl64b/ilp32/libshlib.a	gcc15-macos	xw-version-undeclared	true	0	0	0	0	0
2	mrs-2.5-linux	90cc2705650204e3679cbda1095a0c24413cae2d4171de5eb722fd56804d1067	MRS_Toolchain_Linux_X64_V250/Toolchain/RISC-V Embedded GCC15/riscv32-wch-elf/lib/rv32imafc_zaamo_zalrsc_zba_zbb_zbc_zbs_xw/ilp32f/libprintf.a	gcc15-macos	xw2p2	true	5	4	5	0	0
2	mrs-2.5-linux	937abb985b9dcf4aa2d44903622146de6a4c75e0a1b01c72bb9ec7758e3ec4f4	MRS_Toolchain_Linux_X64_V250/Toolchain/RISC-V Embedded GCC15/riscv32-wch-elf/lib/rv32ec_xw/ilp32e/libIQmath_RV32.a	gcc15-macos	xw-version-undeclared	false	11	8	0	11	0
2	mrs-2.5-linux	9c2a7eab3789101551fd88ca3540cf2d77401df115737c3927c2b5e921bbea5d	MRS_Toolchain_Linux_X64_V250/Toolchain/RISC-V Embedded GCC15/riscv32-wch-elf/lib/rv32imafc_zaamo_zalrsc_zba_zbb_zbc_zbs/ilp32f/libprintf.a	gcc15-macos	xw-version-undeclared	true	0	0	0	0	0
2	mrs-2.5-linux	9c98a6952e5f7308ea8ca919ad53543a4be2ac7263bb4540782c64b967de7643	MRS_Toolchain_Linux_X64_V250/Toolchain/RISC-V Embedded GCC15/riscv32-wch-elf/lib/rv32imac_zaamo_zalrsc_zba_zbb_zbc_zbs_zvbb_zve32x_zve64x_zvkb_zvl32b_zvl64b_xw/ilp32/libprintfloat.a	gcc15-macos	xw2p0	true	6	4	6	0	0
2	mrs-2.5-linux	9cb7d3c14159d9810abaeb232a01a7d0b23a93f968f5e4bdd4aa780edcc7faab	MRS_Toolchain_Linux_X64_V250/Toolchain/RISC-V Embedded GCC15/riscv32-wch-elf/lib/rv32imc_zba_zbb_zbc_zbs/ilp32/libprintf.a	gcc15-macos	xw-version-undeclared	true	0	0	0	0	0
2	mrs-2.5-linux	aae596e24457c1ec1f39bd8516158a49afb175bc300607a24caf21687d6332cb	MRS_Toolchain_Linux_X64_V250/Toolchain/RISC-V Embedded GCC15/riscv32-wch-elf/lib/rv32imac_zaamo_zalrsc_zba_zbb_zbc_zbs_zvbb_zve32x_zve64x_zvkb_zvl32b_zvl64b/ilp32/libprintfloat.a	gcc15-macos	xw-version-undeclared	true	0	0	0	0	0
2	mrs-2.5-linux	add26e9cb0fdb84abba080fc685510cccb60b2d1c121c43f74aecee3d2759e50	MRS_Toolchain_Linux_X64_V250/Toolchain/RISC-V Embedded GCC15/riscv32-wch-elf/lib/rv32ec_xw/ilp32e/libprintf.a	gcc15-macos	xw-version-undeclared	false	7	5	4	3	0
2	mrs-2.5-linux	b2f7887352b73ef5524d63a8013bc8291eb784ad32bc8abc910fb700b7c4fab9	MRS_Toolchain_Linux_X64_V250/Toolchain/RISC-V Embedded GCC15/riscv32-wch-elf/lib/rv32imc_zba_zbb_zbc_zbs/ilp32/libshlib.a	gcc15-macos	xw-version-undeclared	true	0	0	0	0	0
2	mrs-2.5-linux	b43e03bfcdc3ce63753d3d5ef6540a4e4d06e79fb96ee5153812d89e9d5bb374	MRS_Toolchain_Linux_X64_V250/Toolchain/RISC-V Embedded GCC15/riscv32-wch-elf/lib/rv32imafc_zaamo_zalrsc_zba_zbb_zbc_zbs_xw/ilp32f/libprintfloat.a	gcc15-macos	xw2p2	true	6	3	6	0	0
2	mrs-2.5-linux	b611103c355696dcaa912659f1d29881994f9674a55ad530776e7472ce130939	MRS_Toolchain_Linux_X64_V250/Toolchain/RISC-V Embedded GCC15/riscv32-wch-elf/lib/rv32imac_zaamo_zalrsc/ilp32/libprintfloat.a	gcc15-macos	xw-version-undeclared	true	0	0	0	0	0
2	mrs-2.5-linux	b7e826d478747f99ddd6e9acf3761fa2174253546b3f7ac30b726ef84a5a8a43	MRS_Toolchain_Linux_X64_V250/Toolchain/RISC-V Embedded GCC15/riscv32-wch-elf/lib/rv32imac_zaamo_zalrsc_zba_zbb_zbc_zbs_xw/ilp32/libprintfloat.a	gcc15-macos	xw2p2	true	6	3	6	0	0
2	mrs-2.5-linux	b8a3b54a8695739218668b5a487fa719b5a1083828d0bf091f28b22dbbd5ab4a	MRS_Toolchain_Linux_X64_V250/Toolchain/RISC-V Embedded GCC15/riscv32-wch-elf/lib/rv32ec/ilp32e/libshlib.a	gcc15-macos	xw-version-undeclared	false	0	0	0	0	0
2	mrs-2.5-linux	b92f978b5813253f10b1222f12b4281d48025a05a0f33e1db9a149a9694b3108	MRS_Toolchain_Linux_X64_V250/Toolchain/RISC-V Embedded GCC15/riscv32-wch-elf/lib/rv32ec_zmmul_xw/ilp32e/libprintfloat.a	gcc15-macos	xw2p2	true	4	3	4	0	0
2	mrs-2.5-linux	bc7c7ecf5b407f560e41abdde3098a64b30979b246559ce4c550d8b219c77bcb	MRS_Toolchain_Linux_X64_V250/Toolchain/RISC-V Embedded GCC15/riscv32-wch-elf/lib/rv32ec_zmmul_xw/ilp32e/libshflib.a	gcc15-macos	xw2p2	true	7	6	7	0	0
2	mrs-2.5-linux	bec4fbd6d075153b097603fc3b5026c6277f2b076fa15cd4b9fd7d3db8cd9407	MRS_Toolchain_Linux_X64_V250/Toolchain/RISC-V Embedded GCC15/riscv32-wch-elf/lib/rv32imac_zaamo_zalrsc_zba_zbb_zbc_zbs_zvbb_zve32x_zve64x_zvkb_zvl32b_zvl64b_xw/ilp32/libshlib.a	gcc15-macos	xw2p0	true	8	6	8	0	0
2	mrs-2.5-linux	c5d87a19f282b0a4170ba0d1173d7df60ddc3a2ad7916c8921c5a4b54d191cec	MRS_Toolchain_Linux_X64_V250/Toolchain/RISC-V Embedded GCC15/riscv32-wch-elf/lib/rv32ec_zmmul/ilp32e/libprintfloat.a	gcc15-macos	xw-version-undeclared	true	0	0	0	0	0
2	mrs-2.5-linux	c62292f75054ae8316bbc3dfee7b049b0788146e538733b25327e483cd4b36b6	MRS_Toolchain_Linux_X64_V250/Toolchain/RISC-V Embedded GCC15/riscv32-wch-elf/lib/rv32imac_zaamo_zalrsc_zba_zbb_zbc_zbs_zvbb_zve32x_zve64x_zvkb_zvl32b_zvl64b_xw/ilp32/libshflib.a	gcc15-macos	xw2p0	true	9	6	9	0	0
2	mrs-2.5-linux	c69ba612d264244fb9bc19cc4a8713cfb155c418fc6801ba8954fa5f6bd4d6ea	MRS_Toolchain_Linux_X64_V250/Toolchain/RISC-V Embedded GCC15/riscv32-wch-elf/lib/rv32imac_zaamo_zalrsc_zba_zbb_zbc_zbs/ilp32/libprintf.a	gcc15-macos	xw-version-undeclared	true	0	0	0	0	0
2	mrs-2.5-linux	cb96401493edef19da273a999431339f8a23aefb46c4b51af723281ea4ad3470	MRS_Toolchain_Linux_X64_V250/Toolchain/RISC-V Embedded GCC15/riscv32-wch-elf/lib/rv32imac_zaamo_zalrsc_zba_zbb_zbc_zbs/ilp32/libIQmath_RV32.a	gcc15-macos	xw-version-undeclared	true	0	0	0	0	0
2	mrs-2.5-linux	cf543505c146ae4294205e201acf0d6ab7e7f9d11edf88fdf9e024f6c4a1c881	MRS_Toolchain_Linux_X64_V250/Toolchain/RISC-V Embedded GCC15/riscv32-wch-elf/lib/rv32imc_zba_zbb_zbc_zbs/ilp32/libshflib.a	gcc15-macos	xw-version-undeclared	true	0	0	0	0	0
2	mrs-2.5-linux	d2715b286a4f0e8119698735fb2c86209b169c716be9702a7a0040b241655be9	MRS_Toolchain_Linux_X64_V250/Toolchain/RISC-V Embedded GCC15/riscv32-wch-elf/lib/rv32ec/ilp32e/libIQmath_RV32.a	gcc15-macos	xw-version-undeclared	false	0	0	0	0	0
2	mrs-2.5-linux	d55b557d794997ab0c4f07d90e40c98c7e60738305b759d9fef3e6c6a18b1133	MRS_Toolchain_Linux_X64_V250/Toolchain/RISC-V Embedded GCC15/riscv32-wch-elf/lib/rv32imc_zba_zbb_zbc_zbs_xw/ilp32/libprintf.a	gcc15-macos	xw2p2	true	5	4	5	0	0
2	mrs-2.5-linux	dde7d239c4c97c953eb37221e5301dc41ecd7b59fcbc3cbca7330955caa305ee	MRS_Toolchain_Linux_X64_V250/Toolchain/RISC-V Embedded GCC15/riscv32-wch-elf/lib/rv32imac_zaamo_zalrsc_zba_zbb_zbc_zbs_xw/ilp32/libprintf.a	gcc15-macos	xw2p2	true	5	4	5	0	0
2	mrs-2.5-linux	e10031dcaab69e7dd785c37abfc411cbf9b0ed3faf812d39f144dfe0e2c1250c	MRS_Toolchain_Linux_X64_V250/Toolchain/RISC-V Embedded GCC15/riscv32-wch-elf/lib/rv32imafc_zaamo_zalrsc/ilp32f/libshlib.a	gcc15-macos	xw-version-undeclared	false	0	0	0	0	0
2	mrs-2.5-linux	e85f439ead8eee611d6e01966bf15e6edc614a8745fa69b61a154bde6cdbf2b5	MRS_Toolchain_Linux_X64_V250/Toolchain/RISC-V Embedded GCC15/riscv32-wch-elf/lib/rv32imafc_zaamo_zalrsc/ilp32f/libprintfloat.a	gcc15-macos	xw-version-undeclared	true	0	0	0	0	0
2	mrs-2.5-linux	eaa98b8f1679126e15d23c9ac1f395b14381f659a0e0d4164daa5d269b658f15	MRS_Toolchain_Linux_X64_V250/Toolchain/RISC-V Embedded GCC15/riscv32-wch-elf/lib/rv32ec/ilp32e/libshflib.a	gcc15-macos	xw-version-undeclared	false	0	0	0	0	0
2	mrs-2.5-linux	edf3dbfe0b87ecc21fc1837d16d02c2bd61992dd68766ce0567d6b2270e40ade	MRS_Toolchain_Linux_X64_V250/Toolchain/RISC-V Embedded GCC15/riscv32-wch-elf/lib/rv32imac_zaamo_zalrsc_xw/ilp32/libshlib.a	gcc15-macos	xw-version-undeclared	false	8	7	3	5	0
2	mrs-2.5-linux	ee0cf3cb93e2aa698d8b28ef79dbdc5b48f7c39c9cc8fe69959f85a277131ff5	MRS_Toolchain_Linux_X64_V250/Toolchain/RISC-V Embedded GCC15/riscv32-wch-elf/lib/rv32imac_zaamo_zalrsc_zba_zbb_zbc_zbs_xw/ilp32/libshlib.a	gcc15-macos	xw2p2	true	5	5	5	0	0
2	mrs-2.5-linux	ef7d5da94047e7267dbe149fa1b8f9601a7a50d22b876eab8cf27a817e0b7172	MRS_Toolchain_Linux_X64_V250/Toolchain/RISC-V Embedded GCC15/riscv32-wch-elf/lib/rv32imac_zaamo_zalrsc/ilp32/libshlib.a	gcc15-macos	xw-version-undeclared	false	0	0	0	0	0
2	mrs-2.5-linux	f3d4e59fd684e00d357fef3a0e720cc3332cf6cd7596a98f8b468a8a8e43c3a1	MRS_Toolchain_Linux_X64_V250/Toolchain/RISC-V Embedded GCC15/riscv32-wch-elf/lib/rv32imac_zaamo_zalrsc_zba_zbb_zbc_zbs_xw/ilp32/libshflib.a	gcc15-macos	xw2p2	true	6	4	6	0	0
2	mrs-2.5-linux	faf8a5b888a6ee3f3e0d7d56c475c7b4b7ef97f6a78c84269cfbef640e103f63	MRS_Toolchain_Linux_X64_V250/Toolchain/RISC-V Embedded GCC15/riscv32-wch-elf/lib/rv32ec_xw/ilp32e/libshlib.a	gcc15-macos	xw-version-undeclared	false	7	6	2	5	0
2	mrs-2.5-linux	fc48785c3be234c9add9a673c7e70356f0b4ae3c033cc6380d8aecdf2bf59469	MRS_Toolchain_Linux_X64_V250/Toolchain/RISC-V Embedded GCC15/riscv32-wch-elf/lib/rv32imac_zaamo_zalrsc_xw/ilp32/libprintfloat.a	gcc15-macos	xw2p2	true	6	3	6	0	0
2	mrs-2.5-macos	0e2096fa2cadb82b286154416902f48d25e111855309e31e1e2eff7f562fd951	tmp/mrs-2.5/WCH/Toolchain/RISC-V Embedded GCC/riscv-none-embed/lib/rv32ecxw/ilp32e/libprintf.a	gcc8-mrs25	xw-version-undeclared	false	7	5	0	3	0
2	mrs-2.5-macos	105c306a2bde1a1e5fe5d19619af895f8dfd5bd4d59163500b14e7d3df11ca0e	tmp/mrs-2.5/WCH/Toolchain/RISC-V Embedded GCC12/riscv-wch-elf/lib/rv32imac_zba_zbb_zbc_zbs_xw/ilp32/libprintfloat.a	gcc12-mrs25	xw2p2	true	6	3	6	0	0
2	mrs-2.5-macos	11673c81e051ae4f49234c2e9ced26fce3a8cdc8b5a1cc650455c443aee8ac75	tmp/mrs-2.5/WCH/Toolchain/RISC-V Embedded GCC12/riscv-wch-elf/lib/rv32imafc_zba_zbb_zbc_zbs_xw/ilp32f/libprintfloat.a	gcc12-mrs25	xw2p2	true	6	3	6	0	0
2	mrs-2.5-macos	13590f485903d5fa2a1a3079a5a78824b2d0aaf4af471efcd78ff60bf156f42e	tmp/mrs-2.5/WCH/Toolchain/RISC-V Embedded GCC12/riscv-wch-elf/lib/rv32imafc_zba_zbb_zbc_zbs_xw/ilp32f/libshlib.a	gcc12-mrs25	xw2p2	true	5	5	5	0	0
2	mrs-2.5-macos	1f88b599cb9914d22366bbf98c196ac1ad539327cfaaef3992858c83c627823b	tmp/mrs-2.5/WCH/Toolchain/RISC-V Embedded GCC12/riscv-wch-elf/lib/rv32ec_zmmul/ilp32e/libshlib.a	gcc12-mrs25	xw-version-undeclared	true	0	0	0	0	0
2	mrs-2.5-macos	22278d17da27a6d33a25986b618b2135340250a26e4f828ee7b99ff7bdff5653	tmp/mrs-2.5/WCH/Toolchain/RISC-V Embedded GCC/riscv-none-embed/lib/rv32imafcxw/ilp32f/libshflib.a	gcc8-mrs25	xw-version-undeclared	false	9	7	0	5	0
2	mrs-2.5-macos	245f9f62618ac19121885e7e8a1c0ffa51f240b0131ae42476987d499223a94c	tmp/mrs-2.5/WCH/Toolchain/RISC-V Embedded GCC/riscv-none-embed/lib/rv32imafc/ilp32f/libshflib.a	gcc8-mrs25	xw-version-undeclared	false	0	0	0	0	0
2	mrs-2.5-macos	2c5d11e5275f50eb32de8122e720b78bb3976fa768c0f6571c0a36db5d7dafe3	tmp/mrs-2.5/WCH/Toolchain/RISC-V Embedded GCC/riscv-none-embed/lib/rv32ecxw/ilp32e/libshflib.a	gcc8-mrs25	xw-version-undeclared	false	7	6	0	5	0
2	mrs-2.5-macos	34f1d4c2084ff5727f7b4592de392776cb24f510b5dbdd172f8193c0a538dc76	tmp/mrs-2.5/WCH/Toolchain/RISC-V Embedded GCC12/riscv-wch-elf/lib/rv32imac_zba_zbb_zbc_zbs_xw/ilp32/libIQmath_RV32.a	gcc12-mrs25	xw2p2	true	8	5	8	0	0
2	mrs-2.5-macos	3c5a7c94334230905f944437c198ab0988cd389f8067f09f8f52750707b2d371	tmp/mrs-2.5/WCH/Toolchain/RISC-V Embedded GCC12/riscv-wch-elf/lib/rv32imac_zba_zbb_zbc_zbs/ilp32/libprintf.a	gcc12-mrs25	xw-version-undeclared	true	0	0	0	0	0
2	mrs-2.5-macos	3e8c5b022e1b76d449131397de2260f73c24837564971a5295c9b9deb9b84c47	tmp/mrs-2.5/WCH/Toolchain/RISC-V Embedded GCC12/riscv-wch-elf/lib/rv32imc_zba_zbb_zbc_zbs/ilp32/libprintfloat.a	gcc12-mrs25	xw2p2	true	6	3	6	0	0
2	mrs-2.5-macos	44204c0f90a99a1804cfe938d19333d89a50837a9429eb79f85edef046d4fcd1	tmp/mrs-2.5/WCH/Toolchain/RISC-V Embedded GCC12/riscv-wch-elf/lib/rv32imac_zba_zbb_zbc_zbs/ilp32/libshflib.a	gcc12-mrs25	xw-version-undeclared	true	0	0	0	0	0
2	mrs-2.5-macos	45823bad9d5b4bf00ac088509d241d77ad3544ab487e23e1dbbcbbb89fdb50a2	tmp/mrs-2.5/WCH/Toolchain/RISC-V Embedded GCC12/riscv-wch-elf/lib/rv32ec_zmmul/ilp32e/libprintfloat.a	gcc12-mrs25	xw-version-undeclared	true	0	0	0	0	0
2	mrs-2.5-macos	45b3c18050abc30c71ab4c6172e9a2010f2412e2240f6c3aafe35525a28c1446	tmp/mrs-2.5/WCH/Toolchain/RISC-V Embedded GCC12/riscv-wch-elf/lib/rv32imac_zba_zbb_zbc_zbs/ilp32/libshlib.a	gcc12-mrs25	xw-version-undeclared	true	0	0	0	0	0
2	mrs-2.5-macos	470e7734545fe01ac0295284f1a8b76e20631242e4331acedec64c40eadf40cf	tmp/mrs-2.5/WCH/Toolchain/RISC-V Embedded GCC/riscv-none-embed/lib/rv32imacxw/ilp32/libIQMath_RV32.a	gcc8-mrs25	xw-version-undeclared	false	10	8	0	10	0
2	mrs-2.5-macos	4a98453582cf85230091748d4065495e86483a2c7831d803f355d878bcb48dde	tmp/mrs-2.5/WCH/Toolchain/RISC-V Embedded GCC12/riscv-wch-elf/lib/rv32imafc_zba_zbb_zbc_zbs/ilp32f/libshflib.a	gcc12-mrs25	xw-version-undeclared	true	0	0	0	0	0
2	mrs-2.5-macos	4df0370b6fcd9092e39d4e39574465f7710aeb4f07696a01ca18bbf6715376c1	tmp/mrs-2.5/WCH/Toolchain/RISC-V Embedded GCC/riscv-none-embed/lib/rv32imac/ilp32/libshflib.a	gcc8-mrs25	xw-version-undeclared	false	0	0	0	0	0
2	mrs-2.5-macos	4f6f70f63f736096f7e56d406baa914d5cd39f0f26867858e872b8d88d9f0a56	tmp/mrs-2.5/WCH/Toolchain/RISC-V Embedded GCC/riscv-none-embed/lib/rv32imafcxw/ilp32f/libshlib.a	gcc8-mrs25	xw-version-undeclared	false	8	7	0	5	0
2	mrs-2.5-macos	508be181f272a1016fc9d49577f92c87dda35dc5bad1318a3b629145e6b210dc	tmp/mrs-2.5/WCH/Toolchain/RISC-V Embedded GCC/riscv-none-embed/lib/rv32imacxw/ilp32/libshflib.a	gcc8-mrs25	xw-version-undeclared	false	9	7	0	5	0
2	mrs-2.5-macos	509a70c34f40845fc1d8fb9deeea7ca8e546f9bd2f181ad1bdfd6b05428fea84	tmp/mrs-2.5/WCH/Toolchain/RISC-V Embedded GCC/riscv-none-embed/lib/rv32imacxw/ilp32/libprintf.a	gcc8-mrs25	xw-version-undeclared	false	8	6	0	3	0
2	mrs-2.5-macos	572b6fe3e29e4b9ee9cabecc9e1fd1a6067928aa16170e91953179ab4d9779bf	tmp/mrs-2.5/WCH/Toolchain/RISC-V Embedded GCC12/riscv-wch-elf/lib/rv32ec_zmmul/ilp32e/libshflib.a	gcc12-mrs25	xw-version-undeclared	true	0	0	0	0	0
2	mrs-2.5-macos	59cb0bfadfbacf194c33706686e1da3fe3039c9f6ff1ec9e3ac5600b8b40bd5e	tmp/mrs-2.5/WCH/Toolchain/RISC-V Embedded GCC12/riscv-wch-elf/lib/rv32imc_zba_zbb_zbc_zbs_xw/ilp32/libshflib.a	gcc12-mrs25	xw2p2	true	6	4	6	0	0
2	mrs-2.5-macos	5a72c52d3a17750c4d9ab170a2c44b6bd5b17a80870107f277f084f55d0231dc	tmp/mrs-2.5/WCH/Toolchain/RISC-V Embedded GCC12/riscv-wch-elf/lib/rv32ec_zmmul/ilp32e/libprintf.a	gcc12-mrs25	xw-version-undeclared	true	0	0	0	0	0
2	mrs-2.5-macos	5da756ddc3b30b2875a25a7877e47d47f91a686c1836482cf8eae20a3e05cec8	tmp/mrs-2.5/WCH/Toolchain/RISC-V Embedded GCC12/riscv-wch-elf/lib/rv32ec_zmmul/ilp32e/libIQmath_RV32.a	gcc12-mrs25	xw-version-undeclared	true	0	0	0	0	0
2	mrs-2.5-macos	6283186f34b0ba626f3bf590a35ab2ef844e90c4ecf2da529e07be43c63c80be	tmp/mrs-2.5/WCH/Toolchain/RISC-V Embedded GCC12/riscv-wch-elf/lib/rv32imafc_zba_zbb_zbc_zbs/ilp32f/libprintf.a	gcc12-mrs25	xw-version-undeclared	true	0	0	0	0	0
2	mrs-2.5-macos	62dcc5a34c5add7b29e53ad3f1bd761388e09b27cb365b74cde8aa09b92b6413	tmp/mrs-2.5/WCH/Toolchain/RISC-V Embedded GCC12/riscv-wch-elf/lib/rv32ec_zmmul_xw/ilp32e/libshlib.a	gcc12-mrs25	xw2p2	true	7	6	7	0	0
2	mrs-2.5-macos	68b268c84319c746530e60c31a9ea630dbcd85a1ab7f120a978d0f5b7578742b	tmp/mrs-2.5/WCH/Toolchain/RISC-V Embedded GCC/riscv-none-embed/lib/rv32imafc/ilp32f/libprintfloat.a	gcc8-mrs25	xw-version-undeclared	false	0	0	0	0	0
2	mrs-2.5-macos	6e7414fa6c83da45e3b4f5d0fc8e4fbf0311c4f0beedeeb56a07ff701d6d4041	tmp/mrs-2.5/WCH/Toolchain/RISC-V Embedded GCC/riscv-none-embed/lib/rv32imacxw/ilp32/libprintfloat.a	gcc8-mrs25	xw-version-undeclared	false	9	6	0	3	0
2	mrs-2.5-macos	70e9fccfbe6b7e4da7cf22aa320a017da1258bb067bf61d961537ca97192444e	tmp/mrs-2.5/WCH/Toolchain/RISC-V Embedded GCC12/riscv-wch-elf/lib/rv32imc_zba_zbb_zbc_zbs_xw/ilp32/libshlib.a	gcc12-mrs25	xw2p2	true	5	5	5	0	0
2	mrs-2.5-macos	73bc78ffe027baf1f8fc1fb1d164b20c2f003a0df190ddbb744c9efdf9695980	tmp/mrs-2.5/WCH/Toolchain/RISC-V Embedded GCC12/riscv-wch-elf/lib/rv32imafc_zba_zbb_zbc_zbs_xw/ilp32f/libshflib.a	gcc12-mrs25	xw2p2	true	6	4	6	0	0
2	mrs-2.5-macos	73d32a3d7216ae88df457bcbdf76f54fff2bf5fa7dbb16d5a0b6bcede04b78bb	tmp/mrs-2.5/WCH/Toolchain/RISC-V Embedded GCC/riscv-none-embed/lib/rv32imac/ilp32/libIQmath_RV32.a	gcc8-mrs25	xw-version-undeclared	false	0	0	0	0	0
2	mrs-2.5-macos	778e52cfb23bfb1dfc4313555ea14d5549805316ac4056b623e02d0fc9be88f1	tmp/mrs-2.5/WCH/Toolchain/RISC-V Embedded GCC12/riscv-wch-elf/lib/rv32imafc_zba_zbb_zbc_zbs/ilp32f/libprintfloat.a	gcc12-mrs25	xw-version-undeclared	true	0	0	0	0	0
2	mrs-2.5-macos	80ed363582c4fefc55cacb14fd8bfcde86018cd21bcceb1d84ace15259066ce4	tmp/mrs-2.5/WCH/Toolchain/RISC-V Embedded GCC12/riscv-wch-elf/lib/rv32imafc_zba_zbb_zbc_zbs/ilp32f/libshlib.a	gcc12-mrs25	xw-version-undeclared	true	0	0	0	0	0
2	mrs-2.5-macos	871cee3626ca59f77a0ae30feef27eee4c8b0e84f773e5089080f525d6a334b2	tmp/mrs-2.5/WCH/Toolchain/RISC-V Embedded GCC/riscv-none-embed/lib/rv32imac/ilp32/libprintfloat.a	gcc8-mrs25	xw-version-undeclared	false	0	0	0	0	0
2	mrs-2.5-macos	881ca4e1c22ac6b147a89ed75fe0c966152dca92d1c105b6b87ea75320e3ea1e	tmp/mrs-2.5/WCH/Toolchain/RISC-V Embedded GCC12/riscv-wch-elf/lib/rv32ec_zmmul_xw/ilp32e/libIQmath_RV32.a	gcc12-mrs25	xw2p2	true	13	9	13	0	0
2	mrs-2.5-macos	89ba7db7531d2e5af704e79aee4015b96a1617a54725a88632b8c5b2d885de7a	tmp/mrs-2.5/WCH/Toolchain/RISC-V Embedded GCC12/riscv-wch-elf/lib/rv32ec_zmmul_xw/ilp32e/libprintf.a	gcc12-mrs25	xw2p2	true	4	3	4	0	0
2	mrs-2.5-macos	91043cc2cf897118c784c01e84bc88f3985caf4b1184ff40cc46e11bd8abe3a1	tmp/mrs-2.5/WCH/Toolchain/RISC-V Embedded GCC/riscv-none-embed/lib/rv32ecxw/ilp32e/libprintfloat.a	gcc8-mrs25	xw-version-undeclared	false	7	5	0	3	0
2	mrs-2.5-macos	929e57b84a207eb1f8debd3c5a4588e1314a907087623891c7ebb53be93d9388	tmp/mrs-2.5/WCH/Toolchain/RISC-V Embedded GCC12/riscv-wch-elf/lib/rv32imac_zba_zbb_zbc_zbs/ilp32/libprintfloat.a	gcc12-mrs25	xw-version-undeclared	true	0	0	0	0	0
2	mrs-2.5-macos	937abb985b9dcf4aa2d44903622146de6a4c75e0a1b01c72bb9ec7758e3ec4f4	tmp/mrs-2.5/WCH/Toolchain/RISC-V Embedded GCC/riscv-none-embed/lib/rv32ecxw/ilp32e/libIQMath_RV32.a	gcc8-mrs25	xw-version-undeclared	false	11	8	0	11	0
2	mrs-2.5-macos	9b874871223df1072aad7440864c60018b111e4fc7044dbfec5712b106ecb774	tmp/mrs-2.5/WCH/Toolchain/RISC-V Embedded GCC/riscv-none-embed/lib/rv32imac/ilp32/libprintf.a	gcc8-mrs25	xw-version-undeclared	false	0	0	0	0	0
2	mrs-2.5-macos	a1178329ce0f44f4696b23972f837b2f175656429568f4e1fd5d023eff7a8c24	tmp/mrs-2.5/WCH/Toolchain/RISC-V Embedded GCC12/riscv-wch-elf/lib/rv32ec_zmmul_xw/ilp32e/libprintfloat.a	gcc12-mrs25	xw2p2	true	4	3	4	0	0
2	mrs-2.5-macos	ad2c8b4208d71e81f612c988a77ba3ec8108bd0d9d8bd63e7ba128492310e8ac	tmp/mrs-2.5/WCH/Toolchain/RISC-V Embedded GCC12/riscv-wch-elf/lib/rv32imc_zba_zbb_zbc_zbs/ilp32/libprintf.a	gcc12-mrs25	xw-version-undeclared	true	0	0	0	0	0
2	mrs-2.5-macos	aff70eb890fc78be0b82a498200924fb6b8e88b73c6e92e0eda9047582854f75	tmp/mrs-2.5/WCH/Toolchain/RISC-V Embedded GCC/riscv-none-embed/lib/rv32imafcxw/ilp32f/libprintfloat.a	gcc8-mrs25	xw-version-undeclared	false	9	6	0	3	0
2	mrs-2.5-macos	b2f7887352b73ef5524d63a8013bc8291eb784ad32bc8abc910fb700b7c4fab9	tmp/mrs-2.5/WCH/Toolchain/RISC-V Embedded GCC12/riscv-wch-elf/lib/rv32imc_zba_zbb_zbc_zbs/ilp32/libshlib.a	gcc12-mrs25	xw-version-undeclared	true	0	0	0	0	0
2	mrs-2.5-macos	b8a3b54a8695739218668b5a487fa719b5a1083828d0bf091f28b22dbbd5ab4a	tmp/mrs-2.5/WCH/Toolchain/RISC-V Embedded GCC/riscv-none-embed/lib/rv32ec/ilp32e/libshlib.a	gcc8-mrs25	xw-version-undeclared	false	0	0	0	0	0
2	mrs-2.5-macos	bc00c4be3dc1562932611a60005e8639e4ded58d0679a7f3d82906ffe0b3cf7c	tmp/mrs-2.5/WCH/Toolchain/RISC-V Embedded GCC/riscv-none-embed/lib/rv32ec/ilp32e/libprintf.a	gcc8-mrs25	xw-version-undeclared	false	0	0	0	0	0
2	mrs-2.5-macos	bc7c7ecf5b407f560e41abdde3098a64b30979b246559ce4c550d8b219c77bcb	tmp/mrs-2.5/WCH/Toolchain/RISC-V Embedded GCC12/riscv-wch-elf/lib/rv32ec_zmmul_xw/ilp32e/libshflib.a	gcc12-mrs25	xw2p2	true	7	6	7	0	0
2	mrs-2.5-macos	bfc27fb7a9875d90d3db65e9e750b81889de6bc185142c89ffcbe3e3e5664b32	tmp/mrs-2.5/WCH/Toolchain/RISC-V Embedded GCC12/riscv-wch-elf/lib/rv32imc_zba_zbb_zbc_zbs_xw/ilp32/libprintf.a	gcc12-mrs25	xw2p2	true	5	4	5	0	0
2	mrs-2.5-macos	c163dac0d61c66d52e3a543689b5bc044ea4ab840251fd618ba99dfc73068af5	tmp/mrs-2.5/WCH/Toolchain/RISC-V Embedded GCC/riscv-none-embed/lib/rv32ec/ilp32e/libprintfloat.a	gcc8-mrs25	xw-version-undeclared	false	0	0	0	0	0
2	mrs-2.5-macos	c9b7272513eadc4bb74b379d0ce39a4218047a96ecae31b53edf3147c1cb303e	tmp/mrs-2.5/WCH/Toolchain/RISC-V Embedded GCC12/riscv-wch-elf/lib/rv32imac_zba_zbb_zbc_zbs_xw/ilp32/libprintf.a	gcc12-mrs25	xw2p2	true	5	4	5	0	0
2	mrs-2.5-macos	cb96401493edef19da273a999431339f8a23aefb46c4b51af723281ea4ad3470	tmp/mrs-2.5/WCH/Toolchain/RISC-V Embedded GCC12/riscv-wch-elf/lib/rv32imac_zba_zbb_zbc_zbs/ilp32/libIQmath_RV32.a	gcc12-mrs25	xw-version-undeclared	true	0	0	0	0	0
2	mrs-2.5-macos	cf543505c146ae4294205e201acf0d6ab7e7f9d11edf88fdf9e024f6c4a1c881	tmp/mrs-2.5/WCH/Toolchain/RISC-V Embedded GCC12/riscv-wch-elf/lib/rv32imc_zba_zbb_zbc_zbs/ilp32/libshflib.a	gcc12-mrs25	xw-version-undeclared	true	0	0	0	0	0
2	mrs-2.5-macos	d00472e408b2f80b44c1e50a681a980d5a60f4e340bcdede12f474567d55359b	tmp/mrs-2.5/WCH/Toolchain/RISC-V Embedded GCC12/riscv-wch-elf/lib/rv32imc_zba_zbb_zbc_zbs_xw/ilp32/libprintfloat.a	gcc12-mrs25	xw2p2	true	6	3	6	0	0
2	mrs-2.5-macos	d2715b286a4f0e8119698735fb2c86209b169c716be9702a7a0040b241655be9	tmp/mrs-2.5/WCH/Toolchain/RISC-V Embedded GCC/riscv-none-embed/lib/rv32ec/ilp32e/libIQMath_RV32.a	gcc8-mrs25	xw-version-undeclared	false	0	0	0	0	0
2	mrs-2.5-macos	d7ae4fa539b44b09a5bce4d3264e2c129edbba50fefa0df6c2ac4c8f86ef04f0	tmp/mrs-2.5/WCH/Toolchain/RISC-V Embedded GCC/riscv-none-embed/lib/rv32imafcxw/ilp32f/libprintf.a	gcc8-mrs25	xw-version-undeclared	false	8	6	0	3	0
2	mrs-2.5-macos	d9213c09bfd25d1c43cabae05b83cabc7d47204409e74000cfb75896efa4fe29	tmp/mrs-2.5/WCH/Toolchain/RISC-V Embedded GCC12/riscv-wch-elf/lib/rv32imafc_zba_zbb_zbc_zbs_xw/ilp32f/libprintf.a	gcc12-mrs25	xw2p2	true	5	4	5	0	0
2	mrs-2.5-macos	e10031dcaab69e7dd785c37abfc411cbf9b0ed3faf812d39f144dfe0e2c1250c	tmp/mrs-2.5/WCH/Toolchain/RISC-V Embedded GCC/riscv-none-embed/lib/rv32imafc/ilp32f/libshlib.a	gcc8-mrs25	xw-version-undeclared	false	0	0	0	0	0
2	mrs-2.5-macos	e4d37be39bab7ee5eb9bc376826238fb809ecd706d8d6d410d0ab9d84a88543f	tmp/mrs-2.5/WCH/Toolchain/RISC-V Embedded GCC/riscv-none-embed/lib/rv32imafc/ilp32f/libprintf.a	gcc8-mrs25	xw-version-undeclared	false	0	0	0	0	0
2	mrs-2.5-macos	eaa98b8f1679126e15d23c9ac1f395b14381f659a0e0d4164daa5d269b658f15	tmp/mrs-2.5/WCH/Toolchain/RISC-V Embedded GCC/riscv-none-embed/lib/rv32ec/ilp32e/libshflib.a	gcc8-mrs25	xw-version-undeclared	false	0	0	0	0	0
2	mrs-2.5-macos	edf3dbfe0b87ecc21fc1837d16d02c2bd61992dd68766ce0567d6b2270e40ade	tmp/mrs-2.5/WCH/Toolchain/RISC-V Embedded GCC/riscv-none-embed/lib/rv32imacxw/ilp32/libshlib.a	gcc8-mrs25	xw-version-undeclared	false	8	7	0	5	0
2	mrs-2.5-macos	ee0cf3cb93e2aa698d8b28ef79dbdc5b48f7c39c9cc8fe69959f85a277131ff5	tmp/mrs-2.5/WCH/Toolchain/RISC-V Embedded GCC12/riscv-wch-elf/lib/rv32imac_zba_zbb_zbc_zbs_xw/ilp32/libshlib.a	gcc12-mrs25	xw2p2	true	5	5	5	0	0
2	mrs-2.5-macos	ef7d5da94047e7267dbe149fa1b8f9601a7a50d22b876eab8cf27a817e0b7172	tmp/mrs-2.5/WCH/Toolchain/RISC-V Embedded GCC/riscv-none-embed/lib/rv32imac/ilp32/libshlib.a	gcc8-mrs25	xw-version-undeclared	false	0	0	0	0	0
2	mrs-2.5-macos	f3d4e59fd684e00d357fef3a0e720cc3332cf6cd7596a98f8b468a8a8e43c3a1	tmp/mrs-2.5/WCH/Toolchain/RISC-V Embedded GCC12/riscv-wch-elf/lib/rv32imac_zba_zbb_zbc_zbs_xw/ilp32/libshflib.a	gcc12-mrs25	xw2p2	true	6	4	6	0	0
2	mrs-2.5-macos	faf8a5b888a6ee3f3e0d7d56c475c7b4b7ef97f6a78c84269cfbef640e103f63	tmp/mrs-2.5/WCH/Toolchain/RISC-V Embedded GCC/riscv-none-embed/lib/rv32ecxw/ilp32e/libshlib.a	gcc8-mrs25	xw-version-undeclared	false	7	6	0	5	0
