audit_id	semantic_finding_id	source_family	source_row_ids	mcu_scope	revision_or_lot_scope	original_strength	hardware_causality_confirmed	workaround_location	wch_static_hook_or_table	static_evidence	minimal_input	dynamic_probe_ids	wch_behavior	upstream_p2_behavior	upstream_matched_behavior	ours_behavior	classification	confidence	positive_evidence	negative_evidence	uncovered_conditions	evidence_ids
L2-ERR-007	SEM-06B-0dee7cb0f6caf3be94fe30dc2782a02879de8bd2afce023b5170488715e840a1	06B	finding-c4e0f0033598572435c414ac8ca9cb8b2132db0ba95d83592ded01dddeadf442,finding-70c1587d833ae875d2fc5754022a9c0878c616a7f8ff20a740e049636ecb0c4a	tmp/wch-evt/evt/QingkeV5F_CH32H417_EVT/EXAM/ETH/NetLib/libwchnet.a	selector/variant context in 06b row	WORKAROUND-CANDIDATE	false	RUNTIME-LIBRARY-OR-BINUTILS	NONE-FOUND	target option/source search found no finding-specific GCC hook	tmp/phase3c-backend/fixtures/errata_clean.c	errata_clean_O0,errata_clean_O2,errata_clean_Os,L2-087-errata-clean-gimple	no finding-specific automatic transform observed in bounded clean-C corpus	direct cc1 O2 output equals WCH for bounded clean-C corpus	NOT-RUN-LATE-AVAILABLE	equals WCH for bounded clean-C corpus	NO-GCC-EVIDENCE	MEDIUM	source/manual/runtime behavior retained in frozen lead ledger	no target option, source hook, selector, or inserted sequence in bounded probes	finding-specific clean input and affected silicon runtime not executed	T0-067,T0-068,L2-087-errata-clean-gimple,L2-088-target-option-surface
L2-ERR-004	SEM-06B-107494dcffed82f21b5d7d5f214f1a29750e98a126df8706be890dd6e4a2efc3	06B	finding-94aa6ae2f928a1168bc3f0e7a2fac6c3e94525cae76495c554daf1e90c0d898f	tmp/wch-evt/evt/QingkeV4C_CH32V20x_EVT/EXAM/ETH/NetLib/libwchnet.a	selector/variant context in 06b row	WORKAROUND-CANDIDATE	false	RUNTIME-LIBRARY-OR-BINUTILS	NONE-FOUND	target option/source search found no finding-specific GCC hook	tmp/phase3c-backend/fixtures/errata_clean.c	errata_clean_O0,errata_clean_O2,errata_clean_Os,L2-087-errata-clean-gimple	no finding-specific automatic transform observed in bounded clean-C corpus	direct cc1 O2 output equals WCH for bounded clean-C corpus	NOT-RUN-LATE-AVAILABLE	equals WCH for bounded clean-C corpus	NO-GCC-EVIDENCE	MEDIUM	source/manual/runtime behavior retained in frozen lead ledger	no target option, source hook, selector, or inserted sequence in bounded probes	finding-specific clean input and affected silicon runtime not executed	T0-067,T0-068,L2-087-errata-clean-gimple,L2-088-target-option-surface
L2-ERR-002	SEM-06B-276b329206d3cd35c58d56d21e5876fc2af09628d0da37978c2592eb821b373e	06B	finding-d323a323f4cbc6485a0ec710cebfe904edf514dd336f9c1ff7a902abf4ddf4ff,finding-2492699325863f6a68860df2dffb559d444963d7613f919587d59485bb785b46	tmp/wch-evt/evt/QingkeV3V_CH32V407_EVT/EXAM/ETH/NetLib/libwchnet.a	selector/variant context in 06b row	WORKAROUND-CANDIDATE	false	RUNTIME-LIBRARY-OR-BINUTILS	NONE-FOUND	target option/source search found no finding-specific GCC hook	tmp/phase3c-backend/fixtures/errata_clean.c	errata_clean_O0,errata_clean_O2,errata_clean_Os,L2-087-errata-clean-gimple	no finding-specific automatic transform observed in bounded clean-C corpus	direct cc1 O2 output equals WCH for bounded clean-C corpus	NOT-RUN-LATE-AVAILABLE	equals WCH for bounded clean-C corpus	NO-GCC-EVIDENCE	MEDIUM	source/manual/runtime behavior retained in frozen lead ledger	no target option, source hook, selector, or inserted sequence in bounded probes	finding-specific clean input and affected silicon runtime not executed	T0-067,T0-068,L2-087-errata-clean-gimple,L2-088-target-option-surface
L2-ERR-001	SEM-06B-503004cc5846ebf38e91fb1e79ecd5a69689ab37a90d5b7dc4ee20ce147902b7	06B	finding-c51d5b1f0c90c024d17bc06b1d7b026d81ce5884aad95bd7c65242924530e98d	tmp/wch-evt/evt/QingkeV5F_CH32H417_EVT/EXAM/ETH/IoCHub/Lib/libwchiochub.a	selector/variant context in 06b row	ID-FLOW	false	RUNTIME-LIBRARY-OR-BINUTILS	NONE-FOUND	target option/source search found no finding-specific GCC hook	tmp/phase3c-backend/fixtures/errata_clean.c	errata_clean_O0,errata_clean_O2,errata_clean_Os,L2-087-errata-clean-gimple	no finding-specific automatic transform observed in bounded clean-C corpus	direct cc1 O2 output equals WCH for bounded clean-C corpus	NOT-RUN-LATE-AVAILABLE	equals WCH for bounded clean-C corpus	NO-GCC-EVIDENCE	MEDIUM	source/manual/runtime behavior retained in frozen lead ledger	no target option, source hook, selector, or inserted sequence in bounded probes	finding-specific clean input and affected silicon runtime not executed	T0-067,T0-068,L2-087-errata-clean-gimple,L2-088-target-option-surface
L2-ERR-005	SEM-06B-5ef1529bf33e7e5247284d9bc564c88b46be7baaae40c9bbe8e74ecbcdc1d9d1	06B	finding-c4fce475574c925eb5c9af17d420115e62fe497a4d0f89cb0a978c44b6ad4dd4,finding-22238eac3424f597b145b0695ee8c60572e0e591935f5031d706138e40ee64ae	tmp/wch-evt/evt/QingkeV4F_CH32V317_EVT/EXAM/ETH/NetLib/libwchnet.a	selector/variant context in 06b row	WORKAROUND-CANDIDATE	false	RUNTIME-LIBRARY-OR-BINUTILS	NONE-FOUND	target option/source search found no finding-specific GCC hook	tmp/phase3c-backend/fixtures/errata_clean.c	errata_clean_O0,errata_clean_O2,errata_clean_Os,L2-087-errata-clean-gimple	no finding-specific automatic transform observed in bounded clean-C corpus	direct cc1 O2 output equals WCH for bounded clean-C corpus	NOT-RUN-LATE-AVAILABLE	equals WCH for bounded clean-C corpus	NO-GCC-EVIDENCE	MEDIUM	source/manual/runtime behavior retained in frozen lead ledger	no target option, source hook, selector, or inserted sequence in bounded probes	finding-specific clean input and affected silicon runtime not executed	T0-067,T0-068,L2-087-errata-clean-gimple,L2-088-target-option-surface
L2-ERR-009	SEM-06B-7b9940dcc3f054623605b1c16df371876ae79b148db5ef7c2bb33638b3329ec0	06B	finding-5002b8134b8973244cfcfb9306b83c94d025228a12df5c06c1a367081021af4c	tmp/wch-evt/evt/QingkeV3C_CH587_EVT/EXAM/BLE/LIB/CH587BLE_ROMx.hex	selector/variant context in 06b row	DOCUMENT-ERRATUM-CANDIDATE	false	RUNTIME-LIBRARY-OR-BINUTILS	NONE-FOUND	target option/source search found no finding-specific GCC hook	tmp/phase3c-backend/fixtures/errata_clean.c	errata_clean_O0,errata_clean_O2,errata_clean_Os,L2-087-errata-clean-gimple	no finding-specific automatic transform observed in bounded clean-C corpus	direct cc1 O2 output equals WCH for bounded clean-C corpus	NOT-RUN-LATE-AVAILABLE	equals WCH for bounded clean-C corpus	NO-GCC-EVIDENCE	MEDIUM	source/manual/runtime behavior retained in frozen lead ledger	no target option, source hook, selector, or inserted sequence in bounded probes	finding-specific clean input and affected silicon runtime not executed	T0-067,T0-068,L2-087-errata-clean-gimple,L2-088-target-option-surface
L2-ERR-003	SEM-06B-b92c157b7b932652373c86d4f9c74c41c2aed6ce54c905c15a748ce475d4c9d4	06B	finding-fe2310f8888570eced39c5e097e741140037e8f6f6beac2c5a778585b5438519,finding-a20c2039623e688c7eb9b14d7808cc7d069dbda8211eef51390479f851950f08	tmp/wch-evt/evt/QingkeV4F_CH32V317_EVT/EXAM/ETH/NetLib/libwchnet_float.a	selector/variant context in 06b row	STATIC-VARIANT-SPECIALIZATION	false	RUNTIME-LIBRARY-OR-BINUTILS	NONE-FOUND	target option/source search found no finding-specific GCC hook	tmp/phase3c-backend/fixtures/errata_clean.c	errata_clean_O0,errata_clean_O2,errata_clean_Os,L2-087-errata-clean-gimple	no finding-specific automatic transform observed in bounded clean-C corpus	direct cc1 O2 output equals WCH for bounded clean-C corpus	NOT-RUN-LATE-AVAILABLE	equals WCH for bounded clean-C corpus	NO-GCC-EVIDENCE	MEDIUM	source/manual/runtime behavior retained in frozen lead ledger	no target option, source hook, selector, or inserted sequence in bounded probes	finding-specific clean input and affected silicon runtime not executed	T0-067,T0-068,L2-087-errata-clean-gimple,L2-088-target-option-surface
L2-ERR-006	SEM-06B-be91aceb9d418da683e52459d81ff514632cc3a8e16ba6aad144e1ccaf9ee223	06B	finding-90a3b4e3521918bc21eaca6d8f9ac68921fb36b7662a1f12a552401d699820a1	tmp/wch-evt/evt/QingkeV4B_CH32V203_EVT/EXAM/ETH/NetLib/libwchnet.a	selector/variant context in 06b row	WORKAROUND-CANDIDATE	false	RUNTIME-LIBRARY-OR-BINUTILS	NONE-FOUND	target option/source search found no finding-specific GCC hook	tmp/phase3c-backend/fixtures/errata_clean.c	errata_clean_O0,errata_clean_O2,errata_clean_Os,L2-087-errata-clean-gimple	no finding-specific automatic transform observed in bounded clean-C corpus	direct cc1 O2 output equals WCH for bounded clean-C corpus	NOT-RUN-LATE-AVAILABLE	equals WCH for bounded clean-C corpus	NO-GCC-EVIDENCE	MEDIUM	source/manual/runtime behavior retained in frozen lead ledger	no target option, source hook, selector, or inserted sequence in bounded probes	finding-specific clean input and affected silicon runtime not executed	T0-067,T0-068,L2-087-errata-clean-gimple,L2-088-target-option-surface
L2-ERR-010	SEM-06B-c776f4a0ea67ccaddb81a6ab938f9a622b6068996405b13d3b1f46b43e1e8dd3	06B	finding-4a9723ea8c183e7044171fe06a9920c907dad4fce31e0822eb383a5524e7093e	tmp/wch-evt/evt/QingkeV4F_CH32V317_EVT/EXAM/ETH/IoCHub/Lib/libwchiochub.a	selector/variant context in 06b row	ID-FLOW	false	RUNTIME-LIBRARY-OR-BINUTILS	NONE-FOUND	target option/source search found no finding-specific GCC hook	tmp/phase3c-backend/fixtures/errata_clean.c	errata_clean_O0,errata_clean_O2,errata_clean_Os,L2-087-errata-clean-gimple	no finding-specific automatic transform observed in bounded clean-C corpus	direct cc1 O2 output equals WCH for bounded clean-C corpus	NOT-RUN-LATE-AVAILABLE	equals WCH for bounded clean-C corpus	NO-GCC-EVIDENCE	MEDIUM	source/manual/runtime behavior retained in frozen lead ledger	no target option, source hook, selector, or inserted sequence in bounded probes	finding-specific clean input and affected silicon runtime not executed	T0-067,T0-068,L2-087-errata-clean-gimple,L2-088-target-option-surface
L2-ERR-008	SEM-06B-ecede964f2071d1ad8ec9099db612c39059d2d91daae2dbe37335003832780ed	06B	finding-f75e43454ba5fc4bfc6dda696645afba313d3d4a538be6c25086ea81b5278145	tmp/wch-evt/evt/QingkeV3V_CH32V407_EVT/EXAM/ETH/IoCHub/Lib/libwchiochub.a	selector/variant context in 06b row	ID-FLOW	false	RUNTIME-LIBRARY-OR-BINUTILS	NONE-FOUND	target option/source search found no finding-specific GCC hook	tmp/phase3c-backend/fixtures/errata_clean.c	errata_clean_O0,errata_clean_O2,errata_clean_Os,L2-087-errata-clean-gimple	no finding-specific automatic transform observed in bounded clean-C corpus	direct cc1 O2 output equals WCH for bounded clean-C corpus	NOT-RUN-LATE-AVAILABLE	equals WCH for bounded clean-C corpus	NO-GCC-EVIDENCE	MEDIUM	source/manual/runtime behavior retained in frozen lead ledger	no target option, source hook, selector, or inserted sequence in bounded probes	finding-specific clean input and affected silicon runtime not executed	T0-067,T0-068,L2-087-errata-clean-gimple,L2-088-target-option-surface
L2-ERR-017	SEM-DOC-029FAD647617FFC29C1B	06C-DOCUMENT	LOT-V407-002	tmp/wch-evt/application_notes/CH32V407RM.PDF	documented revision/lot condition in source row	LOT-GATED-CAPABILITY	false	HARDWARE-DOCUMENT	NONE-FOUND	target option/source search found no finding-specific GCC hook	tmp/phase3c-backend/fixtures/errata_clean.c	errata_clean_O0,errata_clean_O2,errata_clean_Os,L2-087-errata-clean-gimple	no finding-specific automatic transform observed in bounded clean-C corpus	direct cc1 O2 output equals WCH for bounded clean-C corpus	NOT-RUN-LATE-AVAILABLE	equals WCH for bounded clean-C corpus	HARDWARE/DOCUMENT-ONLY	MEDIUM	source/manual/runtime behavior retained in frozen lead ledger	no target option, source hook, selector, or inserted sequence in bounded probes	finding-specific clean input and affected silicon runtime not executed	T0-067,T0-068,L2-087-errata-clean-gimple,L2-088-target-option-surface
L2-ERR-014	SEM-DOC-0445F8987FDF04A32FCE	06C-DOCUMENT	LOT-V407-001	tmp/wch-evt/application_notes/CH32V407RM.PDF	documented revision/lot condition in source row	DOCUMENTED-LOT-REQUIREMENT	false	HARDWARE-DOCUMENT	NONE-FOUND	target option/source search found no finding-specific GCC hook	tmp/phase3c-backend/fixtures/errata_clean.c	errata_clean_O0,errata_clean_O2,errata_clean_Os,L2-087-errata-clean-gimple	no finding-specific automatic transform observed in bounded clean-C corpus	direct cc1 O2 output equals WCH for bounded clean-C corpus	NOT-RUN-LATE-AVAILABLE	equals WCH for bounded clean-C corpus	HARDWARE/DOCUMENT-ONLY	MEDIUM	source/manual/runtime behavior retained in frozen lead ledger	no target option, source hook, selector, or inserted sequence in bounded probes	finding-specific clean input and affected silicon runtime not executed	T0-067,T0-068,L2-087-errata-clean-gimple,L2-088-target-option-surface
L2-ERR-018	SEM-DOC-0E7F21069095DDE6CCF4	06C-DOCUMENT	LOT-X315-001	tmp/wch-evt/application_notes/CH32X315RM.PDF	documented revision/lot condition in source row	LOT-GATED-CAPABILITY	false	HARDWARE-DOCUMENT	NONE-FOUND	target option/source search found no finding-specific GCC hook	tmp/phase3c-backend/fixtures/errata_clean.c	errata_clean_O0,errata_clean_O2,errata_clean_Os,L2-087-errata-clean-gimple	no finding-specific automatic transform observed in bounded clean-C corpus	direct cc1 O2 output equals WCH for bounded clean-C corpus	NOT-RUN-LATE-AVAILABLE	equals WCH for bounded clean-C corpus	HARDWARE/DOCUMENT-ONLY	MEDIUM	source/manual/runtime behavior retained in frozen lead ledger	no target option, source hook, selector, or inserted sequence in bounded probes	finding-specific clean input and affected silicon runtime not executed	T0-067,T0-068,L2-087-errata-clean-gimple,L2-088-target-option-surface
L2-ERR-015	SEM-DOC-273BE0CCE8834FC9182B	06C-DOCUMENT	LOT-H417-003	tmp/wch-evt/application_notes/CH32H417RM.PDF	documented revision/lot condition in source row	DOCUMENTED-LOT-LIMITATION	false	HARDWARE-DOCUMENT	NONE-FOUND	target option/source search found no finding-specific GCC hook	tmp/phase3c-backend/fixtures/errata_clean.c	errata_clean_O0,errata_clean_O2,errata_clean_Os,L2-087-errata-clean-gimple	no finding-specific automatic transform observed in bounded clean-C corpus	direct cc1 O2 output equals WCH for bounded clean-C corpus	NOT-RUN-LATE-AVAILABLE	equals WCH for bounded clean-C corpus	HARDWARE/DOCUMENT-ONLY	MEDIUM	source/manual/runtime behavior retained in frozen lead ledger	no target option, source hook, selector, or inserted sequence in bounded probes	finding-specific clean input and affected silicon runtime not executed	T0-067,T0-068,L2-087-errata-clean-gimple,L2-088-target-option-surface
L2-ERR-011	SEM-DOC-5005077C54BE225420A2	06C-DOCUMENT	LOT-H417-002	tmp/wch-evt/application_notes/CH32H417RM.PDF	documented revision/lot condition in source row	LOT-GATED-CAPABILITY	false	HARDWARE-DOCUMENT	NONE-FOUND	target option/source search found no finding-specific GCC hook	tmp/phase3c-backend/fixtures/errata_clean.c	errata_clean_O0,errata_clean_O2,errata_clean_Os,L2-087-errata-clean-gimple	no finding-specific automatic transform observed in bounded clean-C corpus	direct cc1 O2 output equals WCH for bounded clean-C corpus	NOT-RUN-LATE-AVAILABLE	equals WCH for bounded clean-C corpus	HARDWARE/DOCUMENT-ONLY	MEDIUM	source/manual/runtime behavior retained in frozen lead ledger	no target option, source hook, selector, or inserted sequence in bounded probes	finding-specific clean input and affected silicon runtime not executed	T0-067,T0-068,L2-087-errata-clean-gimple,L2-088-target-option-surface
L2-ERR-021	SEM-DOC-5F868C97ECF5BC84B3C3	06C-DOCUMENT	LOT-H417-001	tmp/wch-evt/application_notes/CH32H417RM.PDF	documented revision/lot condition in source row	DOCUMENTED-LOT-ERRATUM	documented-lot-erratum-only	HARDWARE-DOCUMENT	NONE-FOUND	target option/source search found no finding-specific GCC hook	tmp/phase3c-backend/fixtures/errata_clean.c	errata_clean_O0,errata_clean_O2,errata_clean_Os,L2-087-errata-clean-gimple	no finding-specific automatic transform observed in bounded clean-C corpus	direct cc1 O2 output equals WCH for bounded clean-C corpus	NOT-RUN-LATE-AVAILABLE	equals WCH for bounded clean-C corpus	HARDWARE/DOCUMENT-ONLY	MEDIUM	source/manual/runtime behavior retained in frozen lead ledger	no target option, source hook, selector, or inserted sequence in bounded probes	finding-specific clean input and affected silicon runtime not executed	T0-067,T0-068,L2-087-errata-clean-gimple,L2-088-target-option-surface
L2-ERR-022	SEM-DOC-628D4278C3B0DD149214	06C-DOCUMENT	LOT-FV3X-001	tmp/wch-evt/application_notes/CH32FV2x_V3xRM.PDF	documented revision/lot condition in source row	DOCUMENTED-LOT-LIMITATION	false	HARDWARE-DOCUMENT	NONE-FOUND	target option/source search found no finding-specific GCC hook	tmp/phase3c-backend/fixtures/errata_clean.c	errata_clean_O0,errata_clean_O2,errata_clean_Os,L2-087-errata-clean-gimple	no finding-specific automatic transform observed in bounded clean-C corpus	direct cc1 O2 output equals WCH for bounded clean-C corpus	NOT-RUN-LATE-AVAILABLE	equals WCH for bounded clean-C corpus	HARDWARE/DOCUMENT-ONLY	MEDIUM	source/manual/runtime behavior retained in frozen lead ledger	no target option, source hook, selector, or inserted sequence in bounded probes	finding-specific clean input and affected silicon runtime not executed	T0-067,T0-068,L2-087-errata-clean-gimple,L2-088-target-option-surface
L2-ERR-019	SEM-DOC-8E2735B43BA74C6E6E3A	06C-DOCUMENT	LOT-H417-GUIDE-001	tmp/wch-evt/evt/QingkeV5F_CH32H417_EVT/PUB/CH32H417∆¿π¿∞ÂÀµ√˜ È.pdf	documented revision/lot condition in source row	LOT-GATED-CAPABILITY	false	HARDWARE-DOCUMENT	NONE-FOUND	target option/source search found no finding-specific GCC hook	tmp/phase3c-backend/fixtures/errata_clean.c	errata_clean_O0,errata_clean_O2,errata_clean_Os,L2-087-errata-clean-gimple	no finding-specific automatic transform observed in bounded clean-C corpus	direct cc1 O2 output equals WCH for bounded clean-C corpus	NOT-RUN-LATE-AVAILABLE	equals WCH for bounded clean-C corpus	HARDWARE/DOCUMENT-ONLY	MEDIUM	source/manual/runtime behavior retained in frozen lead ledger	no target option, source hook, selector, or inserted sequence in bounded probes	finding-specific clean input and affected silicon runtime not executed	T0-067,T0-068,L2-087-errata-clean-gimple,L2-088-target-option-surface
L2-ERR-016	SEM-DOC-A77B9EA94FAD32E2B62D	06C-DOCUMENT	LOT-V003-001,LOT-X103-001	tmp/wch-evt/application_notes/CH32V003RM.PDF	documented revision/lot condition in source row	DOCUMENTED-LOT-LIMITATION	false	HARDWARE-DOCUMENT	NONE-FOUND	target option/source search found no finding-specific GCC hook	tmp/phase3c-backend/fixtures/errata_clean.c	errata_clean_O0,errata_clean_O2,errata_clean_Os,L2-087-errata-clean-gimple	no finding-specific automatic transform observed in bounded clean-C corpus	direct cc1 O2 output equals WCH for bounded clean-C corpus	NOT-RUN-LATE-AVAILABLE	equals WCH for bounded clean-C corpus	HARDWARE/DOCUMENT-ONLY	MEDIUM	source/manual/runtime behavior retained in frozen lead ledger	no target option, source hook, selector, or inserted sequence in bounded probes	finding-specific clean input and affected silicon runtime not executed	T0-067,T0-068,L2-087-errata-clean-gimple,L2-088-target-option-surface
L2-ERR-012	SEM-DOC-D51C4EA4BFF602D757DB	06C-DOCUMENT	LOT-H417-004	tmp/wch-evt/application_notes/CH32H417RM.PDF	documented revision/lot condition in source row	DOCUMENTED-LOT-LIMITATION	false	HARDWARE-DOCUMENT	NONE-FOUND	target option/source search found no finding-specific GCC hook	tmp/phase3c-backend/fixtures/errata_clean.c	errata_clean_O0,errata_clean_O2,errata_clean_Os,L2-087-errata-clean-gimple	no finding-specific automatic transform observed in bounded clean-C corpus	direct cc1 O2 output equals WCH for bounded clean-C corpus	NOT-RUN-LATE-AVAILABLE	equals WCH for bounded clean-C corpus	HARDWARE/DOCUMENT-ONLY	MEDIUM	source/manual/runtime behavior retained in frozen lead ledger	no target option, source hook, selector, or inserted sequence in bounded probes	finding-specific clean input and affected silicon runtime not executed	T0-067,T0-068,L2-087-errata-clean-gimple,L2-088-target-option-surface
L2-ERR-013	SEM-DOC-E8AE55B8922C5EF977C6	06C-DOCUMENT	LOT-H417-005	tmp/wch-evt/application_notes/CH32H417RM.PDF	documented revision/lot condition in source row	DOCUMENTED-LOT-LIMITATION	false	HARDWARE-DOCUMENT	NONE-FOUND	target option/source search found no finding-specific GCC hook	tmp/phase3c-backend/fixtures/errata_clean.c	errata_clean_O0,errata_clean_O2,errata_clean_Os,L2-087-errata-clean-gimple	no finding-specific automatic transform observed in bounded clean-C corpus	direct cc1 O2 output equals WCH for bounded clean-C corpus	NOT-RUN-LATE-AVAILABLE	equals WCH for bounded clean-C corpus	HARDWARE/DOCUMENT-ONLY	MEDIUM	source/manual/runtime behavior retained in frozen lead ledger	no target option, source hook, selector, or inserted sequence in bounded probes	finding-specific clean input and affected silicon runtime not executed	T0-067,T0-068,L2-087-errata-clean-gimple,L2-088-target-option-surface
L2-ERR-020	SEM-DOC-F2F11E1CEB0DBCC8AF4B	06C-DOCUMENT	DOC-REV-001,DOC-REV-002	tmp/wch-evt/application_notes/CH32V205RM.PDF	documented revision/lot condition in source row	DOCUMENTED-REVISION-REQUIREMENT	false	HARDWARE-DOCUMENT	NONE-FOUND	target option/source search found no finding-specific GCC hook	tmp/phase3c-backend/fixtures/errata_clean.c	errata_clean_O0,errata_clean_O2,errata_clean_Os,L2-087-errata-clean-gimple	no finding-specific automatic transform observed in bounded clean-C corpus	direct cc1 O2 output equals WCH for bounded clean-C corpus	NOT-RUN-LATE-AVAILABLE	equals WCH for bounded clean-C corpus	HARDWARE/DOCUMENT-ONLY	MEDIUM	source/manual/runtime behavior retained in frozen lead ledger	no target option, source hook, selector, or inserted sequence in bounded probes	finding-specific clean input and affected silicon runtime not executed	T0-067,T0-068,L2-087-errata-clean-gimple,L2-088-target-option-surface
L2-ERR-041	SEM-ISA-CUSTOM-CSR	RESEARCH	ISA-CUSTOM-CSR	V2;V3;V4;V5 device-specific	processor/ISA condition in research row	MANUAL+TOOLCHAIN-OBSERVATION	false	NONE-PROVEN-IN-GCC	NONE-FOUND	target option/source search found no finding-specific GCC hook	tmp/phase3c-backend/fixtures/csr.c	inline_csr_delay_wfe	numeric CSR inline asm compiles	direct cc1 equal	NOT-RUN-LATE-AVAILABLE	byte-equal target object	BINUTILS-ONLY	HIGH	source/manual/runtime behavior retained in frozen lead ledger	no target option, source hook, selector, or inserted sequence in bounded probes	finding-specific clean input and affected silicon runtime not executed	T0-067,T0-068,L2-087-errata-clean-gimple,L2-088-target-option-surface
L2-ERR-035	SEM-ISA-MCPY	RESEARCH	ISA-MCPY	V2C;V3B/C;V3V;V5F evidence scopes	processor/ISA condition in research row	MANUAL+SDK+TOOLCHAIN	false	NONE-PROVEN-IN-GCC	NONE-FOUND	target option/source search found no finding-specific GCC hook	tmp/phase3c-backend/fixtures/core.c	core_O0..core_Oz	no finding-specific automatic transform observed in bounded clean-C corpus	direct cc1 O2 output equals WCH for bounded clean-C corpus	NOT-RUN-LATE-AVAILABLE	equals WCH for bounded clean-C corpus	NO-GCC-EVIDENCE	MEDIUM	source/manual/runtime behavior retained in frozen lead ledger	no target option, source hook, selector, or inserted sequence in bounded probes	finding-specific clean input and affected silicon runtime not executed	T0-067,T0-068,L2-087-errata-clean-gimple,L2-088-target-option-surface
L2-ERR-043	SEM-ISA-MRS	RESEARCH	ISA-MRS	V2C/V3B evidence scopes	processor/ISA condition in research row	SDK+TOOLCHAIN+LIMITED-MANUAL	false	NONE-PROVEN-IN-GCC	NONE-FOUND	target option/source search found no finding-specific GCC hook	tmp/phase3c-backend/fixtures/core.c	core_O0..core_Oz	no finding-specific automatic transform observed in bounded clean-C corpus	direct cc1 O2 output equals WCH for bounded clean-C corpus	NOT-RUN-LATE-AVAILABLE	equals WCH for bounded clean-C corpus	NO-GCC-EVIDENCE	MEDIUM	source/manual/runtime behavior retained in frozen lead ledger	no target option, source hook, selector, or inserted sequence in bounded probes	finding-specific clean input and affected silicon runtime not executed	T0-067,T0-068,L2-087-errata-clean-gimple,L2-088-target-option-surface
L2-ERR-037	SEM-ISA-XW-CONFLICT	RESEARCH	ISA-XW-CONFLICT	XW-capable cores	processor/ISA condition in research row	ENCODING+TOOLCHAIN-OBSERVATION	false	NONE-PROVEN-IN-GCC	NONE-FOUND	target option/source search found no finding-specific GCC hook	tmp/phase3c-backend/fixtures/core.c	xw_bare,xw_2p0,xw_2p2,xw_with_d	XW versions accepted	rejects XW	NOT-RUN-LATE-AVAILABLE	byte-equal to WCH	GCC-FEATURE-NOT-ERRATUM	HIGH	source/manual/runtime behavior retained in frozen lead ledger	no target option, source hook, selector, or inserted sequence in bounded probes	finding-specific clean input and affected silicon runtime not executed	T0-067,T0-068,L2-087-errata-clean-gimple,L2-088-target-option-surface
L2-ERR-036	SEM-PROC-DELAY	RESEARCH	PROC-DELAY	V3 mimpid>=3	processor/ISA condition in research row	MANUAL+TOOLCHAIN-OBSERVATION	false	NONE-PROVEN-IN-GCC	NONE-FOUND	target option/source search found no finding-specific GCC hook	tmp/phase3c-backend/fixtures/csr.c	inline_csr_delay_wfe	delay accepted only through explicit .insn in fixture	delay accepted only through explicit .insn in fixture	NOT-RUN-LATE-AVAILABLE	delay accepted only through explicit .insn in fixture	BINUTILS-ONLY	HIGH	source/manual/runtime behavior retained in frozen lead ledger	no delay option or backend hook found	finding-specific clean input and affected silicon runtime not executed	L2-088-target-option-surface,L2-089-mimpid-fence-source
L2-ERR-039	SEM-PROC-FAST-IRQ	RESEARCH	PROC-FAST-IRQ	V2;V3;V4;V5	processor/ISA condition in research row	MANUAL+COMPILER-FIXTURE	false	GCC-BACKEND-FEATURE	WCH-Interrupt-fast attribute/frame paths	riscv.cc attribute, save, FCSR, rename mechanisms	interrupt_* fixtures	21 interrupt matrix cases	exact attribute and tested HPE frames	warns and lowers as ordinary function	NOT-RUN-LATE-AVAILABLE	byte-equal to WCH for 21 artifact rows	GCC-FEATURE-NOT-ERRATUM	HIGH	WCH/OURS exact outputs and source patch	no causal silicon erratum asserted	on-device HPE generation matrix	L2-050-static-patch-diff,L2-078-fast-interrupt-representatives,L2-080-direct-cc1-controls
L2-ERR-042	SEM-PROC-FENCEI	RESEARCH	PROC-FENCEI	CH32FV2x/V3x;CH32L103;CH32M030;CH32V003	processor/ISA condition in research row	DOCUMENTED-REQUIREMENT	false	NONE-PROVEN-IN-GCC	generic clear_cache expansion under Zifencei	riscv.md clear_cache emits fence.i only for explicit cache-clear request	errata_clean.c mask sequence	errata_clean_O0,errata_clean_O2,errata_clean_Os	no finding-specific automatic transform observed in bounded clean-C corpus	direct cc1 O2 output equals WCH for bounded clean-C corpus	NOT-RUN-LATE-AVAILABLE	equals WCH for bounded clean-C corpus	NO-GCC-EVIDENCE	HIGH	generic fence.i MD pattern exists	clean interrupt masking did not acquire fence.i	finding-specific clean input and affected silicon runtime not executed	L2-087-errata-clean-gimple,L2-089-mimpid-fence-source
L2-ERR-044	SEM-PROC-LRSC	RESEARCH	PROC-LRSC	V3A;V4	processor/ISA condition in research row	DOCUMENTED-CORE-BEHAVIOR	false	NONE-PROVEN-IN-GCC	NONE-FOUND	target option/source search found no finding-specific GCC hook	tmp/phase3c-backend/fixtures/atomic.c	arch_a_lrsc	standard A/Zaamo/Zalrsc lowering	direct cc1 output equals WCH	NOT-RUN-LATE-AVAILABLE	byte-equal target object	GCC-FEATURE-NOT-ERRATUM	HIGH	source/manual/runtime behavior retained in frozen lead ledger	no QingKe LR/SC selector or option	finding-specific clean input and affected silicon runtime not executed	T0-067,T0-068,L2-087-errata-clean-gimple,L2-088-target-option-surface
L2-ERR-038	SEM-PROC-VECTOR	RESEARCH	PROC-VECTOR	V3V	processor/ISA condition in research row	MANUAL+UNRESOLVED-ABI	false	NONE-PROVEN-IN-GCC	NONE-FOUND	target option/source search found no finding-specific GCC hook	tmp/phase3c-backend/fixtures/vector.c	arch_vector	configured Zve profile compiles	direct cc1 output equals WCH	NOT-RUN-LATE-AVAILABLE	byte-equal target object	UNRESOLVED	MEDIUM	source/manual/runtime behavior retained in frozen lead ledger	no target option, source hook, selector, or inserted sequence in bounded probes	nested interrupt/calling ABI/on-device vector state	T0-067,T0-068,L2-087-errata-clean-gimple,L2-088-target-option-surface
L2-ERR-040	SEM-PROC-WFI-WFE	RESEARCH	PROC-WFI-WFE	documented QingKe devices	processor/ISA condition in research row	MANUAL+NEGATIVE-TOOLCHAIN	false	NONE-PROVEN-IN-GCC	NONE-FOUND	target option/source search found no finding-specific GCC hook	tmp/phase3c-backend/fixtures/csr.c	inline_csr_delay_wfe	explicit CSR bit plus wfi only	explicit CSR bit plus wfi only	NOT-RUN-LATE-AVAILABLE	explicit CSR bit plus wfi only	NO-GCC-EVIDENCE	HIGH	source/manual/runtime behavior retained in frozen lead ledger	no WFE transform observed	finding-specific clean input and affected silicon runtime not executed	T0-067,T0-068,L2-087-errata-clean-gimple,L2-088-target-option-surface
L2-ERR-030	SEM-REV-WCH-001	06C-RUNTIME	REV-WCH-001	CH32V30x/V31x	full CHIPID[7:4] conditions in source row	REVISION-WORKAROUND-CANDIDATE	false	SDK-SOURCE	NONE-FOUND	target option/source search found no finding-specific GCC hook	tmp/phase3c-backend/fixtures/errata_clean.c	errata_clean_O0,errata_clean_O2,errata_clean_Os,L2-087-errata-clean-gimple	no finding-specific automatic transform observed in bounded clean-C corpus	direct cc1 O2 output equals WCH for bounded clean-C corpus	NOT-RUN-LATE-AVAILABLE	equals WCH for bounded clean-C corpus	NO-GCC-EVIDENCE	MEDIUM	source/manual/runtime behavior retained in frozen lead ledger	no target option, source hook, selector, or inserted sequence in bounded probes	finding-specific clean input and affected silicon runtime not executed	T0-067,T0-068,L2-087-errata-clean-gimple,L2-088-target-option-surface
L2-ERR-031	SEM-REV-WCH-002	06C-RUNTIME	REV-WCH-002	CH32V30x/V31x	full CHIPID[7:4] conditions in source row	REVISION-WORKAROUND-CANDIDATE	false	SDK-SOURCE	NONE-FOUND	target option/source search found no finding-specific GCC hook	tmp/phase3c-backend/fixtures/errata_clean.c	errata_clean_O0,errata_clean_O2,errata_clean_Os,L2-087-errata-clean-gimple	no finding-specific automatic transform observed in bounded clean-C corpus	direct cc1 O2 output equals WCH for bounded clean-C corpus	NOT-RUN-LATE-AVAILABLE	equals WCH for bounded clean-C corpus	NO-GCC-EVIDENCE	MEDIUM	source/manual/runtime behavior retained in frozen lead ledger	no target option, source hook, selector, or inserted sequence in bounded probes	finding-specific clean input and affected silicon runtime not executed	T0-067,T0-068,L2-087-errata-clean-gimple,L2-088-target-option-surface
L2-ERR-034	SEM-REV-WCH-003	06C-RUNTIME	REV-WCH-003	CH32V30x/V31x Ethernet RMII/MII/RGMII	full CHIPID[7:4] conditions in source row	REVISION-WORKAROUND-CANDIDATE	false	SDK-SOURCE	NONE-FOUND	target option/source search found no finding-specific GCC hook	tmp/phase3c-backend/fixtures/errata_clean.c	errata_clean_O0,errata_clean_O2,errata_clean_Os,L2-087-errata-clean-gimple	no finding-specific automatic transform observed in bounded clean-C corpus	direct cc1 O2 output equals WCH for bounded clean-C corpus	NOT-RUN-LATE-AVAILABLE	equals WCH for bounded clean-C corpus	NO-GCC-EVIDENCE	MEDIUM	source/manual/runtime behavior retained in frozen lead ledger	no target option, source hook, selector, or inserted sequence in bounded probes	finding-specific clean input and affected silicon runtime not executed	T0-067,T0-068,L2-087-errata-clean-gimple,L2-088-target-option-surface
L2-ERR-029	SEM-REV-WCH-004	06C-RUNTIME	REV-WCH-004	CH32V30x/V31x Ethernet RGMII	full CHIPID[7:4] conditions in source row	REVISION-COMPATIBILITY	false	SDK-SOURCE	NONE-FOUND	target option/source search found no finding-specific GCC hook	tmp/phase3c-backend/fixtures/errata_clean.c	errata_clean_O0,errata_clean_O2,errata_clean_Os,L2-087-errata-clean-gimple	no finding-specific automatic transform observed in bounded clean-C corpus	direct cc1 O2 output equals WCH for bounded clean-C corpus	NOT-RUN-LATE-AVAILABLE	equals WCH for bounded clean-C corpus	NO-GCC-EVIDENCE	MEDIUM	source/manual/runtime behavior retained in frozen lead ledger	no target option, source hook, selector, or inserted sequence in bounded probes	finding-specific clean input and affected silicon runtime not executed	T0-067,T0-068,L2-087-errata-clean-gimple,L2-088-target-option-surface
L2-ERR-023	SEM-REV-WCH-005	06C-RUNTIME	REV-WCH-005	CH32V30x/V31x internal 10M PHY	full CHIPID[7:4] conditions in source row	REVISION-WORKAROUND-CANDIDATE	false	SDK-SOURCE	NONE-FOUND	target option/source search found no finding-specific GCC hook	tmp/phase3c-backend/fixtures/errata_clean.c	errata_clean_O0,errata_clean_O2,errata_clean_Os,L2-087-errata-clean-gimple	no finding-specific automatic transform observed in bounded clean-C corpus	direct cc1 O2 output equals WCH for bounded clean-C corpus	NOT-RUN-LATE-AVAILABLE	equals WCH for bounded clean-C corpus	NO-GCC-EVIDENCE	MEDIUM	source/manual/runtime behavior retained in frozen lead ledger	no target option, source hook, selector, or inserted sequence in bounded probes	finding-specific clean input and affected silicon runtime not executed	T0-067,T0-068,L2-087-errata-clean-gimple,L2-088-target-option-surface
L2-ERR-025	SEM-REV-WCH-006	06C-RUNTIME	REV-WCH-006	CH32V30x/V31x internal 10M PHY	full CHIPID[7:4] conditions in source row	REVISION-WORKAROUND-CANDIDATE	false	SDK-SOURCE	NONE-FOUND	target option/source search found no finding-specific GCC hook	tmp/phase3c-backend/fixtures/errata_clean.c	errata_clean_O0,errata_clean_O2,errata_clean_Os,L2-087-errata-clean-gimple	no finding-specific automatic transform observed in bounded clean-C corpus	direct cc1 O2 output equals WCH for bounded clean-C corpus	NOT-RUN-LATE-AVAILABLE	equals WCH for bounded clean-C corpus	NO-GCC-EVIDENCE	MEDIUM	source/manual/runtime behavior retained in frozen lead ledger	no target option, source hook, selector, or inserted sequence in bounded probes	finding-specific clean input and affected silicon runtime not executed	T0-067,T0-068,L2-087-errata-clean-gimple,L2-088-target-option-surface
L2-ERR-032	SEM-REV-WCH-007	06C-RUNTIME	REV-WCH-007	CH32H415/H416/H417	full CHIPID[7:4] conditions in source row	REVISION-WORKAROUND-CANDIDATE	false	SDK-SOURCE	NONE-FOUND	target option/source search found no finding-specific GCC hook	tmp/phase3c-backend/fixtures/errata_clean.c	errata_clean_O0,errata_clean_O2,errata_clean_Os,L2-087-errata-clean-gimple	no finding-specific automatic transform observed in bounded clean-C corpus	direct cc1 O2 output equals WCH for bounded clean-C corpus	NOT-RUN-LATE-AVAILABLE	equals WCH for bounded clean-C corpus	NO-GCC-EVIDENCE	MEDIUM	source/manual/runtime behavior retained in frozen lead ledger	no target option, source hook, selector, or inserted sequence in bounded probes	finding-specific clean input and affected silicon runtime not executed	T0-067,T0-068,L2-087-errata-clean-gimple,L2-088-target-option-surface
L2-ERR-033	SEM-REV-WCH-008	06C-RUNTIME	REV-WCH-008	CH32H415/H416/H417	full CHIPID[7:4] conditions in source row	REVISION-WORKAROUND-CANDIDATE	false	SDK-SOURCE	NONE-FOUND	target option/source search found no finding-specific GCC hook	tmp/phase3c-backend/fixtures/errata_clean.c	errata_clean_O0,errata_clean_O2,errata_clean_Os,L2-087-errata-clean-gimple	no finding-specific automatic transform observed in bounded clean-C corpus	direct cc1 O2 output equals WCH for bounded clean-C corpus	NOT-RUN-LATE-AVAILABLE	equals WCH for bounded clean-C corpus	NO-GCC-EVIDENCE	MEDIUM	source/manual/runtime behavior retained in frozen lead ledger	no target option, source hook, selector, or inserted sequence in bounded probes	finding-specific clean input and affected silicon runtime not executed	T0-067,T0-068,L2-087-errata-clean-gimple,L2-088-target-option-surface
L2-ERR-026	SEM-REV-WCH-009	06C-RUNTIME	REV-WCH-009	CH32H415/H416/H417 ADC examples	full CHIPID[7:4] conditions in source row	REVISION-WORKAROUND-CANDIDATE	false	SDK-SOURCE	NONE-FOUND	target option/source search found no finding-specific GCC hook	tmp/phase3c-backend/fixtures/errata_clean.c	errata_clean_O0,errata_clean_O2,errata_clean_Os,L2-087-errata-clean-gimple	no finding-specific automatic transform observed in bounded clean-C corpus	direct cc1 O2 output equals WCH for bounded clean-C corpus	NOT-RUN-LATE-AVAILABLE	equals WCH for bounded clean-C corpus	NO-GCC-EVIDENCE	MEDIUM	source/manual/runtime behavior retained in frozen lead ledger	no target option, source hook, selector, or inserted sequence in bounded probes	finding-specific clean input and affected silicon runtime not executed	T0-067,T0-068,L2-087-errata-clean-gimple,L2-088-target-option-surface
L2-ERR-027	SEM-REV-WCH-010	06C-RUNTIME	REV-WCH-010	CH32H415/H416/H417 eMMC examples	full CHIPID[7:4] conditions in source row	REVISION-WORKAROUND-CANDIDATE	false	SDK-SOURCE	NONE-FOUND	target option/source search found no finding-specific GCC hook	tmp/phase3c-backend/fixtures/errata_clean.c	errata_clean_O0,errata_clean_O2,errata_clean_Os,L2-087-errata-clean-gimple	no finding-specific automatic transform observed in bounded clean-C corpus	direct cc1 O2 output equals WCH for bounded clean-C corpus	NOT-RUN-LATE-AVAILABLE	equals WCH for bounded clean-C corpus	NO-GCC-EVIDENCE	MEDIUM	source/manual/runtime behavior retained in frozen lead ledger	no target option, source hook, selector, or inserted sequence in bounded probes	finding-specific clean input and affected silicon runtime not executed	T0-067,T0-068,L2-087-errata-clean-gimple,L2-088-target-option-surface
L2-ERR-028	SEM-REV-WCH-011	06C-RUNTIME	REV-WCH-011	CH32H415/H416/H417 stop mode example	full CHIPID[7:4] conditions in source row	REVISION-COMPATIBILITY	false	SDK-SOURCE	NONE-FOUND	target option/source search found no finding-specific GCC hook	tmp/phase3c-backend/fixtures/errata_clean.c	errata_clean_O0,errata_clean_O2,errata_clean_Os,L2-087-errata-clean-gimple	no finding-specific automatic transform observed in bounded clean-C corpus	direct cc1 O2 output equals WCH for bounded clean-C corpus	NOT-RUN-LATE-AVAILABLE	equals WCH for bounded clean-C corpus	NO-GCC-EVIDENCE	MEDIUM	source/manual/runtime behavior retained in frozen lead ledger	no target option, source hook, selector, or inserted sequence in bounded probes	finding-specific clean input and affected silicon runtime not executed	T0-067,T0-068,L2-087-errata-clean-gimple,L2-088-target-option-surface
L2-ERR-024	SEM-REV-WCH-012	06C-RUNTIME	REV-WCH-012	CH32H415/H416/H417 USBSS/UHSIF	full CHIPID[7:4] conditions in source row	REVISION-COMPATIBILITY	false	SDK-SOURCE	NONE-FOUND	target option/source search found no finding-specific GCC hook	tmp/phase3c-backend/fixtures/errata_clean.c	errata_clean_O0,errata_clean_O2,errata_clean_Os,L2-087-errata-clean-gimple	no finding-specific automatic transform observed in bounded clean-C corpus	direct cc1 O2 output equals WCH for bounded clean-C corpus	NOT-RUN-LATE-AVAILABLE	equals WCH for bounded clean-C corpus	NO-GCC-EVIDENCE	MEDIUM	source/manual/runtime behavior retained in frozen lead ledger	no target option, source hook, selector, or inserted sequence in bounded probes	finding-specific clean input and affected silicon runtime not executed	T0-067,T0-068,L2-087-errata-clean-gimple,L2-088-target-option-surface
