file_id	denominator_id	path	implementation_group	component	artifact_role	wch_darwin_type	wch_darwin_mode	wch_darwin_size	wch_darwin_sha256	wch_linux_status	wch_linux_type	wch_linux_mode	wch_linux_size	wch_linux_sha256	upstream_release_status	upstream_release_type	upstream_release_mode	upstream_release_size	upstream_release_sha256	upstream_build_status	upstream_build_type	upstream_build_mode	upstream_build_size	upstream_build_sha256	darwin_linux_comparison	wch_upstream_release_comparison	wch_upstream_build_comparison	comparator_exists	classification	evidence_ids
P3E-FILE-001	WCH-GDBSIM-DARWIN-32	bin/riscv32-wch-elf-gdb	GDB-SIM	GDB	HOST-EXECUTABLE	FILE	777	8473840	36c2af43ea908208aa8616aeb710b0f8b6819537e51f0402c05c0c0e74d137ef	PRESENT	FILE	755	10994664	3b9ba1b694a8e73a43b6bbc5f360abca58203f224b8933d69f0dd1b2516163f1	SOURCE-BASELINE-NO-BINARY-ARTIFACT	N/A	-	-	-	PRESENT	FILE	755	11603296	c4c3d21880ebc0c2b3d4fc3173b6445d53e4f5a4f90c9c46b6e6bc712ee2be38	BYTE-DIFF	MATCHED-BUILD-COMPARATOR	BYTE-DIFF	true	FUNCTIONAL-XW-CUSTOM32+HOST-CONFIG/CODEGEN	LGDB-0049,LGDB-0104..0105,LGDBCLEAN-0014,LGDBCLEAN-0017,LGDBCLEAN-0021..0022
P3E-FILE-002	WCH-GDBSIM-DARWIN-32	bin/riscv32-wch-elf-gdb-add-index	GDB-SIM	GDB-AUX	AUXILIARY-SCRIPT	FILE	777	5712	426a845e2bd3f7e086f3fe64dffbc829f3ea0927e0576acd21836a4f24611b0c	PRESENT	FILE	755	5712	426a845e2bd3f7e086f3fe64dffbc829f3ea0927e0576acd21836a4f24611b0c	PRESENT	FILE	755	5723	f3d96b8580295862e598778a5510a7fb7666673394330bdf7f884162c1eb19ef	PRESENT	FILE	755	5712	426a845e2bd3f7e086f3fe64dffbc829f3ea0927e0576acd21836a4f24611b0c	BYTE-EXACT-MODE-DIFF	BYTE-DIFF	BYTE-EXACT-MODE-DIFF	true	UPSTREAM-BUILD-BYTE-EXACT;MODE-ONLY-PACKAGING	T1-004,LGDB-0120
P3E-FILE-003	WCH-GDBSIM-DARWIN-32	bin/riscv32-wch-elf-gstack	GDB-SIM	GDB-AUX	AUXILIARY-SCRIPT	FILE	777	3034	d5b26a26b10750e88da789c54b09bef3d9f85e84501c74865d8ec47cf7cd58a9	PRESENT	FILE	755	3034	d5b26a26b10750e88da789c54b09bef3d9f85e84501c74865d8ec47cf7cd58a9	PRESENT	FILE	755	3045	82b11c46da553a44e3fe3da8d7c207d8091205bb6fb25fbf27d26b58134f4ec5	PRESENT	FILE	755	3034	d5b26a26b10750e88da789c54b09bef3d9f85e84501c74865d8ec47cf7cd58a9	BYTE-EXACT-MODE-DIFF	BYTE-DIFF	BYTE-EXACT-MODE-DIFF	true	UPSTREAM-BUILD-BYTE-EXACT;MODE-ONLY-PACKAGING	T1-004,LGDB-0120
P3E-FILE-004	WCH-GDBSIM-DARWIN-32	bin/riscv32-wch-elf-run	GDB-SIM	SIM	HOST-EXECUTABLE	FILE	777	1498576	32e53fb278d4c784563f604568b2240e50134f543f29760ffcc974a9357eb96f	PRESENT	FILE	755	2095128	2257769265701ddce5a9f304a01b91364731126f6d21e7e30dbd1d660193bdc2	SOURCE-BASELINE-NO-BINARY-ARTIFACT	N/A	-	-	-	PRESENT	FILE	755	1762208	44df3af6daaf5021af69ab793dc724c63bdc069dc7466f177816d23622c6f22d	BYTE-DIFF	MATCHED-BUILD-COMPARATOR	BYTE-DIFF	true	FUNCTIONAL-DATA-TABLE+CONFIGURE/CAPABILITY+HOST-CODEGEN	LSIMC-0027..0028,LGDBCLEAN-0013,LGDBCLEAN-0026
P3E-FILE-005	WCH-GDBSIM-DARWIN-32	include/gdb	GDB-SIM	GDB	PUBLIC-HEADER-OR-DIRECTORY	DIR	755	0	-	PRESENT	DIR	755	0	-	PRESENT-SOURCE-DIRECTORY	DIR	755	0	-	PRESENT	DIR	755	0	-	DIRECTORY-BOTH	SOURCE-DIRECTORY-PRESENT	DIRECTORY-BOTH	false	PACKAGE-DIRECTORY	T1-002,T1-003,T1-004
P3E-FILE-006	WCH-GDBSIM-DARWIN-32	include/gdb/jit-reader.h	GDB-SIM	GDB	PUBLIC-HEADER-OR-DIRECTORY	FILE	777	12080	5d38290a8a961192c68a37304009172845bae8d79db93a39990f78029d8266e4	PRESENT	FILE	755	12080	5d38290a8a961192c68a37304009172845bae8d79db93a39990f78029d8266e4	PRESENT	FILE	644	12079	6559d78f64f4bcbb3d7847c48e1ced1f810cc97bd3f27c2a5c3f79c26b1a683e	PRESENT	FILE	644	12080	5d38290a8a961192c68a37304009172845bae8d79db93a39990f78029d8266e4	BYTE-EXACT-MODE-DIFF	BYTE-DIFF	BYTE-EXACT-MODE-DIFF	true	UPSTREAM-BUILD-BYTE-EXACT;MODE-ONLY-PACKAGING	T1-004,LGDB-0120
P3E-FILE-007	WCH-GDBSIM-DARWIN-32	include/sim/callback.h	GDB-SIM	SIM	PUBLIC-HEADER	FILE	777	12471	1ed5c0a5292eac093cc0d003b9978e2e5c6c8ffc9ec2d6d1649e1d47a6cece21	PRESENT	FILE	755	12471	1ed5c0a5292eac093cc0d003b9978e2e5c6c8ffc9ec2d6d1649e1d47a6cece21	PRESENT	FILE	644	12471	1ed5c0a5292eac093cc0d003b9978e2e5c6c8ffc9ec2d6d1649e1d47a6cece21	PRESENT	FILE	644	12471	1ed5c0a5292eac093cc0d003b9978e2e5c6c8ffc9ec2d6d1649e1d47a6cece21	BYTE-EXACT-MODE-DIFF	BYTE-EXACT	BYTE-EXACT-MODE-DIFF	true	UPSTREAM-BUILD-BYTE-EXACT;MODE-ONLY-PACKAGING	T1-004,LGDB-0120
P3E-FILE-008	WCH-GDBSIM-DARWIN-32	include/sim/sim.h	GDB-SIM	SIM	PUBLIC-HEADER	FILE	777	9971	e7a3b36068016d662cff0eec13e0dce06f54e91147883bf71d247cdc3852ba3f	PRESENT	FILE	755	9971	e7a3b36068016d662cff0eec13e0dce06f54e91147883bf71d247cdc3852ba3f	PRESENT	FILE	644	9971	e7a3b36068016d662cff0eec13e0dce06f54e91147883bf71d247cdc3852ba3f	PRESENT	FILE	644	9971	e7a3b36068016d662cff0eec13e0dce06f54e91147883bf71d247cdc3852ba3f	BYTE-EXACT-MODE-DIFF	BYTE-EXACT	BYTE-EXACT-MODE-DIFF	true	UPSTREAM-BUILD-BYTE-EXACT;MODE-ONLY-PACKAGING	T1-004,LGDB-0120
P3E-FILE-009	WCH-GDBSIM-DARWIN-32	lib/libriscv32-wch-elf-sim.a	GDB-SIM	SIM	STATIC-ARCHIVE	FILE	777	5873448	e29cfdb086cc1a95b51fa4e531999bbc5de8e2e08e9c36eb6ee2f719d203d5e3	PRESENT	FILE	755	13222344	3f061e99ada4ec1912e24597f17fbe77724720e0d91ac085bb9a40e8f715fb8c	SOURCE-BASELINE-NO-BINARY-ARTIFACT	N/A	-	-	-	PRESENT	FILE	644	5759216	a16174679be1bc01b2e8a025ffe92449cb5ca3aa7df0edd060ca9c4b392bd59c	BYTE-DIFF	MATCHED-BUILD-COMPARATOR	BYTE-DIFF	true	FUNCTIONAL-DATA-TABLE+PACKAGING/DEPENDENCY+HOST-CODEGEN	LSIMC-0027..0028,archive-r2
P3E-FILE-010	WCH-GDBSIM-DARWIN-32	share/gdb	GDB-SIM	GDB	SHARE-DATA-OR-DIRECTORY	DIR	755	0	-	PRESENT	DIR	755	0	-	PRESENT-SOURCE-DIRECTORY	DIR	755	0	-	PRESENT	DIR	755	0	-	DIRECTORY-BOTH	SOURCE-DIRECTORY-PRESENT	DIRECTORY-BOTH	false	PACKAGE-DIRECTORY	T1-002,T1-003,T1-004
P3E-FILE-011	WCH-GDBSIM-DARWIN-32	share/gdb/syscalls	GDB-SIM	GDB	SHARE-DATA-OR-DIRECTORY	DIR	755	0	-	PRESENT	DIR	755	0	-	PRESENT-SOURCE-DIRECTORY	DIR	755	0	-	PRESENT	DIR	755	0	-	DIRECTORY-BOTH	SOURCE-DIRECTORY-PRESENT	DIRECTORY-BOTH	false	PACKAGE-DIRECTORY	T1-002,T1-003,T1-004
P3E-FILE-012	WCH-GDBSIM-DARWIN-32	share/gdb/syscalls/aarch64-linux.xml	GDB-SIM	GDB	SHARE-DATA-OR-DIRECTORY	FILE	777	18415	e04f6cc89ad8e0a0f33a1bb866a89268f14a64d5f69107419005d7b373958db4	PRESENT	FILE	755	18415	e04f6cc89ad8e0a0f33a1bb866a89268f14a64d5f69107419005d7b373958db4	PRESENT	FILE	644	18415	e04f6cc89ad8e0a0f33a1bb866a89268f14a64d5f69107419005d7b373958db4	PRESENT	FILE	644	18415	e04f6cc89ad8e0a0f33a1bb866a89268f14a64d5f69107419005d7b373958db4	BYTE-EXACT-MODE-DIFF	BYTE-EXACT	BYTE-EXACT-MODE-DIFF	true	UPSTREAM-BUILD-BYTE-EXACT;MODE-ONLY-PACKAGING	T1-004,LGDB-0120
P3E-FILE-013	WCH-GDBSIM-DARWIN-32	share/gdb/syscalls/amd64-linux.xml	GDB-SIM	GDB	SHARE-DATA-OR-DIRECTORY	FILE	777	21397	a7a04515a1ad8bdf6d1cc2dbf3b5aba3063cfb76c6b8c5cbc0abc80b3a93d1bc	PRESENT	FILE	755	21397	a7a04515a1ad8bdf6d1cc2dbf3b5aba3063cfb76c6b8c5cbc0abc80b3a93d1bc	PRESENT	FILE	644	21397	a7a04515a1ad8bdf6d1cc2dbf3b5aba3063cfb76c6b8c5cbc0abc80b3a93d1bc	PRESENT	FILE	644	21397	a7a04515a1ad8bdf6d1cc2dbf3b5aba3063cfb76c6b8c5cbc0abc80b3a93d1bc	BYTE-EXACT-MODE-DIFF	BYTE-EXACT	BYTE-EXACT-MODE-DIFF	true	UPSTREAM-BUILD-BYTE-EXACT;MODE-ONLY-PACKAGING	T1-004,LGDB-0120
P3E-FILE-014	WCH-GDBSIM-DARWIN-32	share/gdb/syscalls/arm-linux.xml	GDB-SIM	GDB	SHARE-DATA-OR-DIRECTORY	FILE	777	26342	657500d00a632248c175b4910317e9b341a2b84c101d4e59c9c14d064da21d2a	PRESENT	FILE	755	26342	657500d00a632248c175b4910317e9b341a2b84c101d4e59c9c14d064da21d2a	PRESENT	FILE	644	26342	657500d00a632248c175b4910317e9b341a2b84c101d4e59c9c14d064da21d2a	PRESENT	FILE	644	26342	657500d00a632248c175b4910317e9b341a2b84c101d4e59c9c14d064da21d2a	BYTE-EXACT-MODE-DIFF	BYTE-EXACT	BYTE-EXACT-MODE-DIFF	true	UPSTREAM-BUILD-BYTE-EXACT;MODE-ONLY-PACKAGING	T1-004,LGDB-0120
P3E-FILE-015	WCH-GDBSIM-DARWIN-32	share/gdb/syscalls/freebsd.xml	GDB-SIM	GDB	SHARE-DATA-OR-DIRECTORY	FILE	777	22599	d784ac7342d7066567ab84cbe9201de8aaa3817e68c74162306dac8daddecc43	PRESENT	FILE	755	22599	d784ac7342d7066567ab84cbe9201de8aaa3817e68c74162306dac8daddecc43	PRESENT	FILE	644	22599	d784ac7342d7066567ab84cbe9201de8aaa3817e68c74162306dac8daddecc43	PRESENT	FILE	644	22599	d784ac7342d7066567ab84cbe9201de8aaa3817e68c74162306dac8daddecc43	BYTE-EXACT-MODE-DIFF	BYTE-EXACT	BYTE-EXACT-MODE-DIFF	true	UPSTREAM-BUILD-BYTE-EXACT;MODE-ONLY-PACKAGING	T1-004,LGDB-0120
P3E-FILE-016	WCH-GDBSIM-DARWIN-32	share/gdb/syscalls/gdb-syscalls.dtd	GDB-SIM	GDB	SHARE-DATA-OR-DIRECTORY	FILE	777	504	898cecb5324a176df9cd4ba0ddb3f7a4b10bcc030e79ccb0ce8f95634455829b	PRESENT	FILE	755	504	898cecb5324a176df9cd4ba0ddb3f7a4b10bcc030e79ccb0ce8f95634455829b	PRESENT	FILE	644	504	898cecb5324a176df9cd4ba0ddb3f7a4b10bcc030e79ccb0ce8f95634455829b	PRESENT	FILE	644	504	898cecb5324a176df9cd4ba0ddb3f7a4b10bcc030e79ccb0ce8f95634455829b	BYTE-EXACT-MODE-DIFF	BYTE-EXACT	BYTE-EXACT-MODE-DIFF	true	UPSTREAM-BUILD-BYTE-EXACT;MODE-ONLY-PACKAGING	T1-004,LGDB-0120
P3E-FILE-017	WCH-GDBSIM-DARWIN-32	share/gdb/syscalls/i386-linux.xml	GDB-SIM	GDB	SHARE-DATA-OR-DIRECTORY	FILE	777	25494	2f990bf36cc15c018af289117119dc2016c6c8906d92eeaa3e48c369495f9015	PRESENT	FILE	755	25494	2f990bf36cc15c018af289117119dc2016c6c8906d92eeaa3e48c369495f9015	PRESENT	FILE	644	25494	2f990bf36cc15c018af289117119dc2016c6c8906d92eeaa3e48c369495f9015	PRESENT	FILE	644	25494	2f990bf36cc15c018af289117119dc2016c6c8906d92eeaa3e48c369495f9015	BYTE-EXACT-MODE-DIFF	BYTE-EXACT	BYTE-EXACT-MODE-DIFF	true	UPSTREAM-BUILD-BYTE-EXACT;MODE-ONLY-PACKAGING	T1-004,LGDB-0120
P3E-FILE-018	WCH-GDBSIM-DARWIN-32	share/gdb/syscalls/loongarch-linux.xml	GDB-SIM	GDB	SHARE-DATA-OR-DIRECTORY	FILE	777	18266	2aabf459862bdd04ba370f8b60bb0d4b7e81c96240342ae375d2db6147caa90d	PRESENT	FILE	755	18266	2aabf459862bdd04ba370f8b60bb0d4b7e81c96240342ae375d2db6147caa90d	PRESENT	FILE	644	18266	2aabf459862bdd04ba370f8b60bb0d4b7e81c96240342ae375d2db6147caa90d	PRESENT	FILE	644	18266	2aabf459862bdd04ba370f8b60bb0d4b7e81c96240342ae375d2db6147caa90d	BYTE-EXACT-MODE-DIFF	BYTE-EXACT	BYTE-EXACT-MODE-DIFF	true	UPSTREAM-BUILD-BYTE-EXACT;MODE-ONLY-PACKAGING	T1-004,LGDB-0120
P3E-FILE-019	WCH-GDBSIM-DARWIN-32	share/gdb/syscalls/mips-n32-linux.xml	GDB-SIM	GDB	SHARE-DATA-OR-DIRECTORY	FILE	777	22862	e2b0df307cc7ae9184412a0e62abc8a993f0850880039ba0eb0e0eb91790db33	PRESENT	FILE	755	22862	e2b0df307cc7ae9184412a0e62abc8a993f0850880039ba0eb0e0eb91790db33	PRESENT	FILE	644	22862	e2b0df307cc7ae9184412a0e62abc8a993f0850880039ba0eb0e0eb91790db33	PRESENT	FILE	644	22862	e2b0df307cc7ae9184412a0e62abc8a993f0850880039ba0eb0e0eb91790db33	BYTE-EXACT-MODE-DIFF	BYTE-EXACT	BYTE-EXACT-MODE-DIFF	true	UPSTREAM-BUILD-BYTE-EXACT;MODE-ONLY-PACKAGING	T1-004,LGDB-0120
P3E-FILE-020	WCH-GDBSIM-DARWIN-32	share/gdb/syscalls/mips-n64-linux.xml	GDB-SIM	GDB	SHARE-DATA-OR-DIRECTORY	FILE	777	21293	d4065ec96b05b25cb0c96bae1b63fb9842565720dc8a81971c2844375cf0cba1	PRESENT	FILE	755	21293	d4065ec96b05b25cb0c96bae1b63fb9842565720dc8a81971c2844375cf0cba1	PRESENT	FILE	644	21293	d4065ec96b05b25cb0c96bae1b63fb9842565720dc8a81971c2844375cf0cba1	PRESENT	FILE	644	21293	d4065ec96b05b25cb0c96bae1b63fb9842565720dc8a81971c2844375cf0cba1	BYTE-EXACT-MODE-DIFF	BYTE-EXACT	BYTE-EXACT-MODE-DIFF	true	UPSTREAM-BUILD-BYTE-EXACT;MODE-ONLY-PACKAGING	T1-004,LGDB-0120
P3E-FILE-021	WCH-GDBSIM-DARWIN-32	share/gdb/syscalls/mips-o32-linux.xml	GDB-SIM	GDB	SHARE-DATA-OR-DIRECTORY	FILE	777	24892	659d3655fe5f11c302746e6fb12d8b3c77ed69454480b9669a9f98967155f201	PRESENT	FILE	755	24892	659d3655fe5f11c302746e6fb12d8b3c77ed69454480b9669a9f98967155f201	PRESENT	FILE	644	24892	659d3655fe5f11c302746e6fb12d8b3c77ed69454480b9669a9f98967155f201	PRESENT	FILE	644	24892	659d3655fe5f11c302746e6fb12d8b3c77ed69454480b9669a9f98967155f201	BYTE-EXACT-MODE-DIFF	BYTE-EXACT	BYTE-EXACT-MODE-DIFF	true	UPSTREAM-BUILD-BYTE-EXACT;MODE-ONLY-PACKAGING	T1-004,LGDB-0120
P3E-FILE-022	WCH-GDBSIM-DARWIN-32	share/gdb/syscalls/netbsd.xml	GDB-SIM	GDB	SHARE-DATA-OR-DIRECTORY	FILE	777	22063	e15b7da7b8dcb9258a087ef4b6a062e475a8bbf9d1ca9754dd504112aa7b5121	PRESENT	FILE	755	22063	e15b7da7b8dcb9258a087ef4b6a062e475a8bbf9d1ca9754dd504112aa7b5121	PRESENT	FILE	644	22063	e15b7da7b8dcb9258a087ef4b6a062e475a8bbf9d1ca9754dd504112aa7b5121	PRESENT	FILE	644	22063	e15b7da7b8dcb9258a087ef4b6a062e475a8bbf9d1ca9754dd504112aa7b5121	BYTE-EXACT-MODE-DIFF	BYTE-EXACT	BYTE-EXACT-MODE-DIFF	true	UPSTREAM-BUILD-BYTE-EXACT;MODE-ONLY-PACKAGING	T1-004,LGDB-0120
P3E-FILE-023	WCH-GDBSIM-DARWIN-32	share/gdb/syscalls/ppc-linux.xml	GDB-SIM	GDB	SHARE-DATA-OR-DIRECTORY	FILE	777	25118	18995148a69edf28ca9471c3d104e98e9069ed177d56d41022ed5dce81d2414c	PRESENT	FILE	755	25118	18995148a69edf28ca9471c3d104e98e9069ed177d56d41022ed5dce81d2414c	PRESENT	FILE	644	25118	18995148a69edf28ca9471c3d104e98e9069ed177d56d41022ed5dce81d2414c	PRESENT	FILE	644	25118	18995148a69edf28ca9471c3d104e98e9069ed177d56d41022ed5dce81d2414c	BYTE-EXACT-MODE-DIFF	BYTE-EXACT	BYTE-EXACT-MODE-DIFF	true	UPSTREAM-BUILD-BYTE-EXACT;MODE-ONLY-PACKAGING	T1-004,LGDB-0120
P3E-FILE-024	WCH-GDBSIM-DARWIN-32	share/gdb/syscalls/ppc64-linux.xml	GDB-SIM	GDB	SHARE-DATA-OR-DIRECTORY	FILE	777	23399	657c441da4c5297704511140bd07e149cb0142432a7258c81334b45df05c6ff5	PRESENT	FILE	755	23399	657c441da4c5297704511140bd07e149cb0142432a7258c81334b45df05c6ff5	PRESENT	FILE	644	23399	657c441da4c5297704511140bd07e149cb0142432a7258c81334b45df05c6ff5	PRESENT	FILE	644	23399	657c441da4c5297704511140bd07e149cb0142432a7258c81334b45df05c6ff5	BYTE-EXACT-MODE-DIFF	BYTE-EXACT	BYTE-EXACT-MODE-DIFF	true	UPSTREAM-BUILD-BYTE-EXACT;MODE-ONLY-PACKAGING	T1-004,LGDB-0120
P3E-FILE-025	WCH-GDBSIM-DARWIN-32	share/gdb/syscalls/s390-linux.xml	GDB-SIM	GDB	SHARE-DATA-OR-DIRECTORY	FILE	777	24695	b45f6a0c51e5cfe67e9d6f161a3c7352eea33b1cf5b4df45aca46cfcca53da76	PRESENT	FILE	755	24695	b45f6a0c51e5cfe67e9d6f161a3c7352eea33b1cf5b4df45aca46cfcca53da76	PRESENT	FILE	644	24695	b45f6a0c51e5cfe67e9d6f161a3c7352eea33b1cf5b4df45aca46cfcca53da76	PRESENT	FILE	644	24695	b45f6a0c51e5cfe67e9d6f161a3c7352eea33b1cf5b4df45aca46cfcca53da76	BYTE-EXACT-MODE-DIFF	BYTE-EXACT	BYTE-EXACT-MODE-DIFF	true	UPSTREAM-BUILD-BYTE-EXACT;MODE-ONLY-PACKAGING	T1-004,LGDB-0120
P3E-FILE-026	WCH-GDBSIM-DARWIN-32	share/gdb/syscalls/s390x-linux.xml	GDB-SIM	GDB	SHARE-DATA-OR-DIRECTORY	FILE	777	21892	f99079e0a32456d0411d806114438e038dcc4bcf162691ae7787e89936e4a103	PRESENT	FILE	755	21892	f99079e0a32456d0411d806114438e038dcc4bcf162691ae7787e89936e4a103	PRESENT	FILE	644	21892	f99079e0a32456d0411d806114438e038dcc4bcf162691ae7787e89936e4a103	PRESENT	FILE	644	21892	f99079e0a32456d0411d806114438e038dcc4bcf162691ae7787e89936e4a103	BYTE-EXACT-MODE-DIFF	BYTE-EXACT	BYTE-EXACT-MODE-DIFF	true	UPSTREAM-BUILD-BYTE-EXACT;MODE-ONLY-PACKAGING	T1-004,LGDB-0120
P3E-FILE-027	WCH-GDBSIM-DARWIN-32	share/gdb/syscalls/sparc-linux.xml	GDB-SIM	GDB	SHARE-DATA-OR-DIRECTORY	FILE	777	24591	0cc9ee453ad6acdd8642082afe5af7aa089e0c7f6b8b1b61920dacbed3741872	PRESENT	FILE	755	24591	0cc9ee453ad6acdd8642082afe5af7aa089e0c7f6b8b1b61920dacbed3741872	PRESENT	FILE	644	24591	0cc9ee453ad6acdd8642082afe5af7aa089e0c7f6b8b1b61920dacbed3741872	PRESENT	FILE	644	24591	0cc9ee453ad6acdd8642082afe5af7aa089e0c7f6b8b1b61920dacbed3741872	BYTE-EXACT-MODE-DIFF	BYTE-EXACT	BYTE-EXACT-MODE-DIFF	true	UPSTREAM-BUILD-BYTE-EXACT;MODE-ONLY-PACKAGING	T1-004,LGDB-0120
P3E-FILE-028	WCH-GDBSIM-DARWIN-32	share/gdb/syscalls/sparc64-linux.xml	GDB-SIM	GDB	SHARE-DATA-OR-DIRECTORY	FILE	777	22551	69fc254f34fb9ef1404c6c1264fdc0d87d917f8f71c4d5205434c7d17ed195bd	PRESENT	FILE	755	22551	69fc254f34fb9ef1404c6c1264fdc0d87d917f8f71c4d5205434c7d17ed195bd	PRESENT	FILE	644	22551	69fc254f34fb9ef1404c6c1264fdc0d87d917f8f71c4d5205434c7d17ed195bd	PRESENT	FILE	644	22551	69fc254f34fb9ef1404c6c1264fdc0d87d917f8f71c4d5205434c7d17ed195bd	BYTE-EXACT-MODE-DIFF	BYTE-EXACT	BYTE-EXACT-MODE-DIFF	true	UPSTREAM-BUILD-BYTE-EXACT;MODE-ONLY-PACKAGING	T1-004,LGDB-0120
P3E-FILE-029	WCH-GDBSIM-DARWIN-32	share/gdb/system-gdbinit	GDB-SIM	GDB	SHARE-DATA-OR-DIRECTORY	DIR	755	0	-	PRESENT	DIR	755	0	-	PRESENT-SOURCE-DIRECTORY	DIR	755	0	-	PRESENT	DIR	755	0	-	DIRECTORY-BOTH	SOURCE-DIRECTORY-PRESENT	DIRECTORY-BOTH	false	PACKAGE-DIRECTORY	T1-002,T1-003,T1-004
P3E-FILE-030	WCH-GDBSIM-DARWIN-32	share/gdb/system-gdbinit/elinos.py	GDB-SIM	GDB	SHARE-DATA-OR-DIRECTORY	FILE	777	3055	b35b8e02fcfed23c1696f061e5f0eeb4e14b2adc2f003fa82f590f2e2ce73bf6	PRESENT	FILE	755	3055	b35b8e02fcfed23c1696f061e5f0eeb4e14b2adc2f003fa82f590f2e2ce73bf6	PRESENT	FILE	644	3055	b35b8e02fcfed23c1696f061e5f0eeb4e14b2adc2f003fa82f590f2e2ce73bf6	PRESENT	FILE	644	3055	b35b8e02fcfed23c1696f061e5f0eeb4e14b2adc2f003fa82f590f2e2ce73bf6	BYTE-EXACT-MODE-DIFF	BYTE-EXACT	BYTE-EXACT-MODE-DIFF	true	UPSTREAM-BUILD-BYTE-EXACT;MODE-ONLY-PACKAGING	T1-004,LGDB-0120
P3E-FILE-031	WCH-GDBSIM-DARWIN-32	share/gdb/system-gdbinit/wrs-linux.py	GDB-SIM	GDB	SHARE-DATA-OR-DIRECTORY	FILE	777	1007	7bfc56e66cbdf2672748e8a6de86e5683484331397793f908b023b7e1d2f66c3	PRESENT	FILE	755	1007	7bfc56e66cbdf2672748e8a6de86e5683484331397793f908b023b7e1d2f66c3	PRESENT	FILE	644	1007	7bfc56e66cbdf2672748e8a6de86e5683484331397793f908b023b7e1d2f66c3	PRESENT	FILE	644	1007	7bfc56e66cbdf2672748e8a6de86e5683484331397793f908b023b7e1d2f66c3	BYTE-EXACT-MODE-DIFF	BYTE-EXACT	BYTE-EXACT-MODE-DIFF	true	UPSTREAM-BUILD-BYTE-EXACT;MODE-ONLY-PACKAGING	T1-004,LGDB-0120
P3E-FILE-032	WCH-GDBSIM-DARWIN-32	share/info/gdb.info	GDB-SIM	GDB	INFO-DOCUMENT	FILE	777	2925262	6c584624105a2676e42065420fb07f4e37d311ccec707bc3e48e5418deedd79d	PRESENT	FILE	755	2862541	aacff322376116e3ff9dd7fb3a41fdf9c0c0dba04b0d9ff245102ce15fd5a085	PRESENT-SPLIT-FILESET	FILESET-CONCAT	644	2878030	f37053d4607da57c74f031313f5ab3bdda2d363706956c6bed9b0fa881bc043a	PRESENT	FILE	644	29933	39c1f64b94536a44fe4a6d9abf982a3feae74f27b12684c6dd34d85a1f9ab7bc	BYTE-DIFF	BYTE-DIFF-SPLIT-REPRESENTATION	BYTE-DIFF	true	PACKAGING/DEPENDENCY	LGDB-0103,LGDB-0170..0172
