schema_version	source_set	path	sha256	size	exact_little_0f70b560	reverse_60b5700f	masked_any_operands_every_byte	lui_0x40000000_exec_start_candidates
2	mrs-2.5-linux-x64-gcc15	MRS_Toolchain_Linux_X64_V250/Toolchain/RISC-V Embedded GCC15/riscv32-wch-elf/lib/rv32ec/ilp32e/libIQmath_RV32.a	d2715b286a4f0e8119698735fb2c86209b169c716be9702a7a0040b241655be9	499452	0	0	0	178
2	mrs-2.5-linux-x64-gcc15	MRS_Toolchain_Linux_X64_V250/Toolchain/RISC-V Embedded GCC15/riscv32-wch-elf/lib/rv32ec_xw/ilp32e/libIQmath_RV32.a	937abb985b9dcf4aa2d44903622146de6a4c75e0a1b01c72bb9ec7758e3ec4f4	499428	0	0	0	178
2	mrs-2.5-linux-x64-gcc15	MRS_Toolchain_Linux_X64_V250/Toolchain/RISC-V Embedded GCC15/riscv32-wch-elf/lib/rv32ec_zmmul/ilp32e/libIQmath_RV32.a	5da756ddc3b30b2875a25a7877e47d47f91a686c1836482cf8eae20a3e05cec8	419548	0	0	0	237
2	mrs-2.5-linux-x64-gcc15	MRS_Toolchain_Linux_X64_V250/Toolchain/RISC-V Embedded GCC15/riscv32-wch-elf/lib/rv32ec_zmmul_xw/ilp32e/libIQmath_RV32.a	881ca4e1c22ac6b147a89ed75fe0c966152dca92d1c105b6b87ea75320e3ea1e	419720	0	0	0	237
2	mrs-2.5-linux-x64-gcc15	MRS_Toolchain_Linux_X64_V250/Toolchain/RISC-V Embedded GCC15/riscv32-wch-elf/lib/rv32imac_zaamo_zalrsc/ilp32/libIQmath_RV32.a	73d32a3d7216ae88df457bcbdf76f54fff2bf5fa7dbb16d5a0b6bcede04b78bb	384872	0	0	0	178
2	mrs-2.5-linux-x64-gcc15	MRS_Toolchain_Linux_X64_V250/Toolchain/RISC-V Embedded GCC15/riscv32-wch-elf/lib/rv32imac_zaamo_zalrsc_xw/ilp32/libIQmath_RV32.a	470e7734545fe01ac0295284f1a8b76e20631242e4331acedec64c40eadf40cf	384860	0	0	0	178
2	mrs-2.5-linux-x64-gcc15	MRS_Toolchain_Linux_X64_V250/Toolchain/RISC-V Embedded GCC15/riscv32-wch-elf/lib/rv32imac_zaamo_zalrsc_zba_zbb_zbc_zbs/ilp32/libIQmath_RV32.a	cb96401493edef19da273a999431339f8a23aefb46c4b51af723281ea4ad3470	411136	0	0	0	237
2	mrs-2.5-linux-x64-gcc15	MRS_Toolchain_Linux_X64_V250/Toolchain/RISC-V Embedded GCC15/riscv32-wch-elf/lib/rv32imac_zaamo_zalrsc_zba_zbb_zbc_zbs_xw/ilp32/libIQmath_RV32.a	34f1d4c2084ff5727f7b4592de392776cb24f510b5dbdd172f8193c0a538dc76	411288	0	0	0	237
2	mrs-2.5-linux-x64-gcc15	MRS_Toolchain_Linux_X64_V250/Toolchain/RISC-V Embedded GCC15/riscv32-wch-elf/lib/rv32imc_zba_zbb_zbc_zbs/ilp32/libIQmath_RV32.a	cb96401493edef19da273a999431339f8a23aefb46c4b51af723281ea4ad3470	411136	0	0	0	237
2	mrs-2.5-linux-x64-gcc15	MRS_Toolchain_Linux_X64_V250/Toolchain/RISC-V Embedded GCC15/riscv32-wch-elf/lib/rv32imc_zba_zbb_zbc_zbs_xw/ilp32/libIQmath_RV32.a	34f1d4c2084ff5727f7b4592de392776cb24f510b5dbdd172f8193c0a538dc76	411288	0	0	0	237
2	mrs-2.4-riscv-gcc8	MRS_Toolchain_MAC_V240/Toolchain/RISC-V Embedded GCC/riscv-none-embed/lib/rv32ec/ilp32e/libIQMath_RV32.a	d2715b286a4f0e8119698735fb2c86209b169c716be9702a7a0040b241655be9	499452	0	0	0	178
2	mrs-2.4-riscv-gcc8	MRS_Toolchain_MAC_V240/Toolchain/RISC-V Embedded GCC/riscv-none-embed/lib/rv32ecxw/ilp32e/libIQMath_RV32.a	937abb985b9dcf4aa2d44903622146de6a4c75e0a1b01c72bb9ec7758e3ec4f4	499428	0	0	0	178
2	mrs-2.4-riscv-gcc8	MRS_Toolchain_MAC_V240/Toolchain/RISC-V Embedded GCC/riscv-none-embed/lib/rv32imac/ilp32/libIQmath_RV32.a	73d32a3d7216ae88df457bcbdf76f54fff2bf5fa7dbb16d5a0b6bcede04b78bb	384872	0	0	0	178
2	mrs-2.4-riscv-gcc8	MRS_Toolchain_MAC_V240/Toolchain/RISC-V Embedded GCC/riscv-none-embed/lib/rv32imacxw/ilp32/libIQMath_RV32.a	470e7734545fe01ac0295284f1a8b76e20631242e4331acedec64c40eadf40cf	384860	0	0	0	178
2	mrs-2.4-riscv-gcc12	MRS_Toolchain_MAC_V240/Toolchain/RISC-V Embedded GCC12/riscv-wch-elf/lib/libIQmath_RV32.a	73d32a3d7216ae88df457bcbdf76f54fff2bf5fa7dbb16d5a0b6bcede04b78bb	384872	0	0	0	178
2	mrs-2.4-riscv-gcc12	MRS_Toolchain_MAC_V240/Toolchain/RISC-V Embedded GCC12/riscv-wch-elf/lib/rv32ec/ilp32e/libIQmath_RV32.a	d2715b286a4f0e8119698735fb2c86209b169c716be9702a7a0040b241655be9	499452	0	0	0	178
2	mrs-2.4-riscv-gcc12	MRS_Toolchain_MAC_V240/Toolchain/RISC-V Embedded GCC12/riscv-wch-elf/lib/rv32ec_xw/ilp32e/libIQmath_RV32.a	937abb985b9dcf4aa2d44903622146de6a4c75e0a1b01c72bb9ec7758e3ec4f4	499428	0	0	0	178
2	mrs-2.4-riscv-gcc12	MRS_Toolchain_MAC_V240/Toolchain/RISC-V Embedded GCC12/riscv-wch-elf/lib/rv32ec_zmmul/ilp32e/libIQmath_RV32.a	5da756ddc3b30b2875a25a7877e47d47f91a686c1836482cf8eae20a3e05cec8	419548	0	0	0	237
2	mrs-2.4-riscv-gcc12	MRS_Toolchain_MAC_V240/Toolchain/RISC-V Embedded GCC12/riscv-wch-elf/lib/rv32ec_zmmul_xw/ilp32e/libIQmath_RV32.a	881ca4e1c22ac6b147a89ed75fe0c966152dca92d1c105b6b87ea75320e3ea1e	419720	0	0	0	237
2	mrs-2.4-riscv-gcc12	MRS_Toolchain_MAC_V240/Toolchain/RISC-V Embedded GCC12/riscv-wch-elf/lib/rv32imac_xw/ilp32/libIQmath_RV32.a	470e7734545fe01ac0295284f1a8b76e20631242e4331acedec64c40eadf40cf	384860	0	0	0	178
2	mrs-2.4-riscv-gcc12	MRS_Toolchain_MAC_V240/Toolchain/RISC-V Embedded GCC12/riscv-wch-elf/lib/rv32imac_zba_zbb_zbc_zbs/ilp32/libIQmath_RV32.a	cb96401493edef19da273a999431339f8a23aefb46c4b51af723281ea4ad3470	411136	0	0	0	237
2	mrs-2.4-riscv-gcc12	MRS_Toolchain_MAC_V240/Toolchain/RISC-V Embedded GCC12/riscv-wch-elf/lib/rv32imac_zba_zbb_zbc_zbs_xw/ilp32/libIQmath_RV32.a	34f1d4c2084ff5727f7b4592de392776cb24f510b5dbdd172f8193c0a538dc76	411288	0	0	0	237
2	mrs-2.4-riscv-gcc12	MRS_Toolchain_MAC_V240/Toolchain/RISC-V Embedded GCC12/riscv-wch-elf/lib/rv32imc_zba_zbb_zbc_zbs/ilp32/libIQmath_RV32.a	cb96401493edef19da273a999431339f8a23aefb46c4b51af723281ea4ad3470	411136	0	0	0	237
2	mrs-2.4-riscv-gcc12	MRS_Toolchain_MAC_V240/Toolchain/RISC-V Embedded GCC12/riscv-wch-elf/lib/rv32imc_zba_zbb_zbc_zbs_xw/ilp32/libIQmath_RV32.a	34f1d4c2084ff5727f7b4592de392776cb24f510b5dbdd172f8193c0a538dc76	411288	0	0	0	237
2	mrs-2.4-riscv-gcc15	MRS_Toolchain_MAC_V240/Toolchain/RISC-V Embedded GCC15/riscv32-wch-elf/lib/rv32ec/ilp32e/libIQmath_RV32.a	d2715b286a4f0e8119698735fb2c86209b169c716be9702a7a0040b241655be9	499452	0	0	0	178
2	mrs-2.4-riscv-gcc15	MRS_Toolchain_MAC_V240/Toolchain/RISC-V Embedded GCC15/riscv32-wch-elf/lib/rv32ec_xw/ilp32e/libIQmath_RV32.a	937abb985b9dcf4aa2d44903622146de6a4c75e0a1b01c72bb9ec7758e3ec4f4	499428	0	0	0	178
2	mrs-2.4-riscv-gcc15	MRS_Toolchain_MAC_V240/Toolchain/RISC-V Embedded GCC15/riscv32-wch-elf/lib/rv32ec_zmmul/ilp32e/libIQmath_RV32.a	5da756ddc3b30b2875a25a7877e47d47f91a686c1836482cf8eae20a3e05cec8	419548	0	0	0	237
2	mrs-2.4-riscv-gcc15	MRS_Toolchain_MAC_V240/Toolchain/RISC-V Embedded GCC15/riscv32-wch-elf/lib/rv32ec_zmmul_xw/ilp32e/libIQmath_RV32.a	881ca4e1c22ac6b147a89ed75fe0c966152dca92d1c105b6b87ea75320e3ea1e	419720	0	0	0	237
2	mrs-2.4-riscv-gcc15	MRS_Toolchain_MAC_V240/Toolchain/RISC-V Embedded GCC15/riscv32-wch-elf/lib/rv32imac_zaamo_zalrsc/ilp32/libIQmath_RV32.a	73d32a3d7216ae88df457bcbdf76f54fff2bf5fa7dbb16d5a0b6bcede04b78bb	384872	0	0	0	178
2	mrs-2.4-riscv-gcc15	MRS_Toolchain_MAC_V240/Toolchain/RISC-V Embedded GCC15/riscv32-wch-elf/lib/rv32imac_zaamo_zalrsc_xw/ilp32/libIQmath_RV32.a	470e7734545fe01ac0295284f1a8b76e20631242e4331acedec64c40eadf40cf	384860	0	0	0	178
2	mrs-2.4-riscv-gcc15	MRS_Toolchain_MAC_V240/Toolchain/RISC-V Embedded GCC15/riscv32-wch-elf/lib/rv32imac_zaamo_zalrsc_zba_zbb_zbc_zbs/ilp32/libIQmath_RV32.a	cb96401493edef19da273a999431339f8a23aefb46c4b51af723281ea4ad3470	411136	0	0	0	237
2	mrs-2.4-riscv-gcc15	MRS_Toolchain_MAC_V240/Toolchain/RISC-V Embedded GCC15/riscv32-wch-elf/lib/rv32imac_zaamo_zalrsc_zba_zbb_zbc_zbs_xw/ilp32/libIQmath_RV32.a	34f1d4c2084ff5727f7b4592de392776cb24f510b5dbdd172f8193c0a538dc76	411288	0	0	0	237
2	mrs-2.4-riscv-gcc15	MRS_Toolchain_MAC_V240/Toolchain/RISC-V Embedded GCC15/riscv32-wch-elf/lib/rv32imc_zba_zbb_zbc_zbs/ilp32/libIQmath_RV32.a	cb96401493edef19da273a999431339f8a23aefb46c4b51af723281ea4ad3470	411136	0	0	0	237
2	mrs-2.4-riscv-gcc15	MRS_Toolchain_MAC_V240/Toolchain/RISC-V Embedded GCC15/riscv32-wch-elf/lib/rv32imc_zba_zbb_zbc_zbs_xw/ilp32/libIQmath_RV32.a	34f1d4c2084ff5727f7b4592de392776cb24f510b5dbdd172f8193c0a538dc76	411288	0	0	0	237
2	mrs-2.5-macos-arm64-gcc8	tmp/mrs-2.5/WCH/Toolchain/RISC-V Embedded GCC/riscv-none-embed/lib/rv32ec/ilp32e/libIQMath_RV32.a	d2715b286a4f0e8119698735fb2c86209b169c716be9702a7a0040b241655be9	499452	0	0	0	178
2	mrs-2.5-macos-arm64-gcc8	tmp/mrs-2.5/WCH/Toolchain/RISC-V Embedded GCC/riscv-none-embed/lib/rv32ecxw/ilp32e/libIQMath_RV32.a	937abb985b9dcf4aa2d44903622146de6a4c75e0a1b01c72bb9ec7758e3ec4f4	499428	0	0	0	178
2	mrs-2.5-macos-arm64-gcc8	tmp/mrs-2.5/WCH/Toolchain/RISC-V Embedded GCC/riscv-none-embed/lib/rv32imac/ilp32/libIQmath_RV32.a	73d32a3d7216ae88df457bcbdf76f54fff2bf5fa7dbb16d5a0b6bcede04b78bb	384872	0	0	0	178
2	mrs-2.5-macos-arm64-gcc8	tmp/mrs-2.5/WCH/Toolchain/RISC-V Embedded GCC/riscv-none-embed/lib/rv32imacxw/ilp32/libIQMath_RV32.a	470e7734545fe01ac0295284f1a8b76e20631242e4331acedec64c40eadf40cf	384860	0	0	0	178
2	mrs-2.5-macos-arm64-gcc12	tmp/mrs-2.5/WCH/Toolchain/RISC-V Embedded GCC12/riscv-wch-elf/lib/libIQmath_RV32.a	73d32a3d7216ae88df457bcbdf76f54fff2bf5fa7dbb16d5a0b6bcede04b78bb	384872	0	0	0	178
2	mrs-2.5-macos-arm64-gcc12	tmp/mrs-2.5/WCH/Toolchain/RISC-V Embedded GCC12/riscv-wch-elf/lib/rv32ec/ilp32e/libIQmath_RV32.a	d2715b286a4f0e8119698735fb2c86209b169c716be9702a7a0040b241655be9	499452	0	0	0	178
2	mrs-2.5-macos-arm64-gcc12	tmp/mrs-2.5/WCH/Toolchain/RISC-V Embedded GCC12/riscv-wch-elf/lib/rv32ec_xw/ilp32e/libIQmath_RV32.a	937abb985b9dcf4aa2d44903622146de6a4c75e0a1b01c72bb9ec7758e3ec4f4	499428	0	0	0	178
2	mrs-2.5-macos-arm64-gcc12	tmp/mrs-2.5/WCH/Toolchain/RISC-V Embedded GCC12/riscv-wch-elf/lib/rv32ec_zmmul/ilp32e/libIQmath_RV32.a	5da756ddc3b30b2875a25a7877e47d47f91a686c1836482cf8eae20a3e05cec8	419548	0	0	0	237
2	mrs-2.5-macos-arm64-gcc12	tmp/mrs-2.5/WCH/Toolchain/RISC-V Embedded GCC12/riscv-wch-elf/lib/rv32ec_zmmul_xw/ilp32e/libIQmath_RV32.a	881ca4e1c22ac6b147a89ed75fe0c966152dca92d1c105b6b87ea75320e3ea1e	419720	0	0	0	237
2	mrs-2.5-macos-arm64-gcc12	tmp/mrs-2.5/WCH/Toolchain/RISC-V Embedded GCC12/riscv-wch-elf/lib/rv32imac_xw/ilp32/libIQmath_RV32.a	470e7734545fe01ac0295284f1a8b76e20631242e4331acedec64c40eadf40cf	384860	0	0	0	178
2	mrs-2.5-macos-arm64-gcc12	tmp/mrs-2.5/WCH/Toolchain/RISC-V Embedded GCC12/riscv-wch-elf/lib/rv32imac_zba_zbb_zbc_zbs/ilp32/libIQmath_RV32.a	cb96401493edef19da273a999431339f8a23aefb46c4b51af723281ea4ad3470	411136	0	0	0	237
2	mrs-2.5-macos-arm64-gcc12	tmp/mrs-2.5/WCH/Toolchain/RISC-V Embedded GCC12/riscv-wch-elf/lib/rv32imac_zba_zbb_zbc_zbs_xw/ilp32/libIQmath_RV32.a	34f1d4c2084ff5727f7b4592de392776cb24f510b5dbdd172f8193c0a538dc76	411288	0	0	0	237
2	mrs-2.5-macos-arm64-gcc12	tmp/mrs-2.5/WCH/Toolchain/RISC-V Embedded GCC12/riscv-wch-elf/lib/rv32imc_zba_zbb_zbc_zbs/ilp32/libIQmath_RV32.a	cb96401493edef19da273a999431339f8a23aefb46c4b51af723281ea4ad3470	411136	0	0	0	237
2	mrs-2.5-macos-arm64-gcc12	tmp/mrs-2.5/WCH/Toolchain/RISC-V Embedded GCC12/riscv-wch-elf/lib/rv32imc_zba_zbb_zbc_zbs_xw/ilp32/libIQmath_RV32.a	34f1d4c2084ff5727f7b4592de392776cb24f510b5dbdd172f8193c0a538dc76	411288	0	0	0	237
2	evt	tmp/wch-evt/evt/QingkeV2C_CH32V006_EVT/EXAM/APPLICATION/Motor/Electric_Fan/User/libIQMath_RV32EC_ZMMUL_XW.a	881ca4e1c22ac6b147a89ed75fe0c966152dca92d1c105b6b87ea75320e3ea1e	419720	0	0	0	237
2	evt	tmp/wch-evt/evt/QingkeV2C_CH32V006_EVT/EXAM/APPLICATION/Motor/Voilent_Fan/User/IQmath_RV32.a	ba3d82229fb12d016153646d2df1d839a1c7c6b68fae7656e88c96274376a5d0	365932	0	0	0	178
