schema_version	image_path	slot	slot_address	value	classification	valid_seed
2	tmp/wch-evt/evt/QingkeV3C_CH587_EVT/EXAM/BLE/LIB/CH587BLE_ROMx.hex	0	0x00040034	0x0006704c	data-pointer	false
2	tmp/wch-evt/evt/QingkeV3C_CH587_EVT/EXAM/BLE/LIB/CH587BLE_ROMx.hex	1	0x00040038	0x20005e2a	function-pointer	false
2	tmp/wch-evt/evt/QingkeV3C_CH587_EVT/EXAM/BLE/LIB/CH587BLE_ROMx.hex	2	0x0004003c	0x200006e4	function-pointer	false
2	tmp/wch-evt/evt/QingkeV3C_CH587_EVT/EXAM/BLE/LIB/CH587BLE_ROMx.hex	3	0x00040040	0x2000072a	function-pointer	false
2	tmp/wch-evt/evt/QingkeV3C_CH587_EVT/EXAM/BLE/LIB/CH587BLE_ROMx.hex	4	0x00040044	0x200006d0	function-pointer	false
2	tmp/wch-evt/evt/QingkeV3C_CH587_EVT/EXAM/BLE/LIB/CH587BLE_ROMx.hex	5	0x00040048	0x200006be	function-pointer	false
2	tmp/wch-evt/evt/QingkeV3C_CH587_EVT/EXAM/BLE/LIB/CH587BLE_ROMx.hex	6	0x0004004c	0x200006b0	function-pointer	false
2	tmp/wch-evt/evt/QingkeV3C_CH587_EVT/EXAM/BLE/LIB/CH587BLE_ROMx.hex	7	0x00040050	0x20000786	function-pointer	false
2	tmp/wch-evt/evt/QingkeV3C_CH587_EVT/EXAM/BLE/LIB/CH587BLE_ROMx.hex	8	0x00040054	0x200008e6	function-pointer	false
2	tmp/wch-evt/evt/QingkeV3C_CH587_EVT/EXAM/BLE/LIB/CH587BLE_ROMx.hex	9	0x00040058	0x2000092a	function-pointer	false
2	tmp/wch-evt/evt/QingkeV3C_CH587_EVT/EXAM/BLE/LIB/CH587BLE_ROMx.hex	10	0x0004005c	0x20000aee	function-pointer	false
2	tmp/wch-evt/evt/QingkeV3C_CH587_EVT/EXAM/BLE/LIB/CH587BLE_ROMx.hex	11	0x00040060	0x0004a38e	function-pointer	true
2	tmp/wch-evt/evt/QingkeV3C_CH587_EVT/EXAM/BLE/LIB/CH587BLE_ROMx.hex	12	0x00040064	0x20000f8c	function-pointer	false
2	tmp/wch-evt/evt/QingkeV3C_CH587_EVT/EXAM/BLE/LIB/CH587BLE_ROMx.hex	13	0x00040068	0x20000e9e	function-pointer	false
2	tmp/wch-evt/evt/QingkeV3C_CH587_EVT/EXAM/BLE/LIB/CH587BLE_ROMx.hex	14	0x0004006c	0x20000f00	function-pointer	false
2	tmp/wch-evt/evt/QingkeV3C_CH587_EVT/EXAM/BLE/LIB/CH587BLE_ROMx.hex	15	0x00040070	0x20000ec4	function-pointer	false
2	tmp/wch-evt/evt/QingkeV3C_CH587_EVT/EXAM/BLE/LIB/CH587BLE_ROMx.hex	16	0x00040074	0x0004a300	function-pointer	true
2	tmp/wch-evt/evt/QingkeV3C_CH587_EVT/EXAM/BLE/LIB/CH587BLE_ROMx.hex	18	0x0004007c	0x0004a4dc	function-pointer	true
2	tmp/wch-evt/evt/QingkeV3C_CH587_EVT/EXAM/BLE/LIB/CH587BLE_ROMx.hex	19	0x00040080	0x0004a3f0	function-pointer	true
2	tmp/wch-evt/evt/QingkeV3C_CH587_EVT/EXAM/BLE/LIB/CH587BLE_ROMx.hex	20	0x00040084	0x0005de1e	function-pointer	true
2	tmp/wch-evt/evt/QingkeV3C_CH587_EVT/EXAM/BLE/LIB/CH587BLE_ROMx.hex	21	0x00040088	0x0005dfc0	function-pointer	true
2	tmp/wch-evt/evt/QingkeV3C_CH587_EVT/EXAM/BLE/LIB/CH587BLE_ROMx.hex	22	0x0004008c	0x0005e026	function-pointer	true
2	tmp/wch-evt/evt/QingkeV3C_CH587_EVT/EXAM/BLE/LIB/CH587BLE_ROMx.hex	23	0x00040090	0x0005d012	function-pointer	true
2	tmp/wch-evt/evt/QingkeV3C_CH587_EVT/EXAM/BLE/LIB/CH587BLE_ROMx.hex	24	0x00040094	0x0005d04e	function-pointer	true
2	tmp/wch-evt/evt/QingkeV3C_CH587_EVT/EXAM/BLE/LIB/CH587BLE_ROMx.hex	25	0x00040098	0x00059c88	function-pointer	true
2	tmp/wch-evt/evt/QingkeV3C_CH587_EVT/EXAM/BLE/LIB/CH587BLE_ROMx.hex	26	0x0004009c	0x00059aa4	function-pointer	true
2	tmp/wch-evt/evt/QingkeV3C_CH587_EVT/EXAM/BLE/LIB/CH587BLE_ROMx.hex	27	0x000400a0	0x0005d970	function-pointer	true
2	tmp/wch-evt/evt/QingkeV3C_CH587_EVT/EXAM/BLE/LIB/CH587BLE_ROMx.hex	28	0x000400a4	0x0005d2f6	function-pointer	true
2	tmp/wch-evt/evt/QingkeV3C_CH587_EVT/EXAM/BLE/LIB/CH587BLE_ROMx.hex	29	0x000400a8	0x0005d08a	function-pointer	true
2	tmp/wch-evt/evt/QingkeV3C_CH587_EVT/EXAM/BLE/LIB/CH587BLE_ROMx.hex	30	0x000400ac	0x00054e5e	function-pointer	true
2	tmp/wch-evt/evt/QingkeV3C_CH587_EVT/EXAM/BLE/LIB/CH587BLE_ROMx.hex	31	0x000400b0	0x00054ee4	function-pointer	true
2	tmp/wch-evt/evt/QingkeV3C_CH587_EVT/EXAM/BLE/LIB/CH587BLE_ROMx.hex	32	0x000400b4	0x00054f3a	function-pointer	true
2	tmp/wch-evt/evt/QingkeV3C_CH587_EVT/EXAM/BLE/LIB/CH587BLE_ROMx.hex	33	0x000400b8	0x0004aeba	function-pointer	true
2	tmp/wch-evt/evt/QingkeV3C_CH587_EVT/EXAM/BLE/LIB/CH587BLE_ROMx.hex	34	0x000400bc	0x0004aef8	function-pointer	true
2	tmp/wch-evt/evt/QingkeV3C_CH587_EVT/EXAM/BLE/LIB/CH587BLE_ROMx.hex	35	0x000400c0	0x0004ad6e	function-pointer	true
2	tmp/wch-evt/evt/QingkeV3C_CH587_EVT/EXAM/BLE/LIB/CH587BLE_ROMx.hex	36	0x000400c4	0x000511ee	function-pointer	true
2	tmp/wch-evt/evt/QingkeV3C_CH587_EVT/EXAM/BLE/LIB/CH587BLE_ROMx.hex	37	0x000400c8	0x00050ccc	function-pointer	true
2	tmp/wch-evt/evt/QingkeV3C_CH587_EVT/EXAM/BLE/LIB/CH587BLE_ROMx.hex	38	0x000400cc	0x00067512	function-pointer	true
2	tmp/wch-evt/evt/QingkeV3C_CH587_EVT/EXAM/BLE/LIB/CH587BLE_ROMx.hex	39	0x000400d0	0x00051dde	function-pointer	true
2	tmp/wch-evt/evt/QingkeV3C_CH587_EVT/EXAM/BLE/LIB/CH587BLE_ROMx.hex	40	0x000400d4	0x0006755c	function-pointer	true
2	tmp/wch-evt/evt/QingkeV3C_CH587_EVT/EXAM/BLE/LIB/CH587BLE_ROMx.hex	41	0x000400d8	0x0004ff86	function-pointer	true
2	tmp/wch-evt/evt/QingkeV3C_CH587_EVT/EXAM/BLE/LIB/CH587BLE_ROMx.hex	42	0x000400dc	0x0004ff28	function-pointer	true
2	tmp/wch-evt/evt/QingkeV3C_CH587_EVT/EXAM/BLE/LIB/CH587BLE_ROMx.hex	43	0x000400e0	0x000502e6	function-pointer	true
2	tmp/wch-evt/evt/QingkeV3C_CH587_EVT/EXAM/BLE/LIB/CH587BLE_ROMx.hex	44	0x000400e4	0x0004ffd2	function-pointer	true
2	tmp/wch-evt/evt/QingkeV3C_CH587_EVT/EXAM/BLE/LIB/CH587BLE_ROMx.hex	45	0x000400e8	0x0004ff08	function-pointer	true
2	tmp/wch-evt/evt/QingkeV3C_CH587_EVT/EXAM/BLE/LIB/CH587BLE_ROMx.hex	46	0x000400ec	0x0004ff7e	function-pointer	true
2	tmp/wch-evt/evt/QingkeV3C_CH587_EVT/EXAM/BLE/LIB/CH587BLE_ROMx.hex	47	0x000400f0	0x0004febe	function-pointer	true
2	tmp/wch-evt/evt/QingkeV3C_CH587_EVT/EXAM/BLE/LIB/CH587BLE_ROMx.hex	48	0x000400f4	0x00050050	function-pointer	true
2	tmp/wch-evt/evt/QingkeV3C_CH587_EVT/EXAM/BLE/LIB/CH587BLE_ROMx.hex	49	0x000400f8	0x000500a8	function-pointer	true
2	tmp/wch-evt/evt/QingkeV3C_CH587_EVT/EXAM/BLE/LIB/CH587BLE_ROMx.hex	50	0x000400fc	0x00050058	function-pointer	true
2	tmp/wch-evt/evt/QingkeV3C_CH587_EVT/EXAM/BLE/LIB/CH587BLE_ROMx.hex	51	0x00040100	0x0005005c	function-pointer	true
2	tmp/wch-evt/evt/QingkeV3C_CH587_EVT/EXAM/BLE/LIB/CH587BLE_ROMx.hex	52	0x00040104	0x000500e8	function-pointer	true
2	tmp/wch-evt/evt/QingkeV3C_CH587_EVT/EXAM/BLE/LIB/CH587BLE_ROMx.hex	53	0x00040108	0x000500b0	function-pointer	true
2	tmp/wch-evt/evt/QingkeV3C_CH587_EVT/EXAM/BLE/LIB/CH587BLE_ROMx.hex	54	0x0004010c	0x000500e0	function-pointer	true
2	tmp/wch-evt/evt/QingkeV3C_CH587_EVT/EXAM/BLE/LIB/CH587BLE_ROMx.hex	55	0x00040110	0x000505c2	function-pointer	true
2	tmp/wch-evt/evt/QingkeV3C_CH587_EVT/EXAM/BLE/LIB/CH587BLE_ROMx.hex	56	0x00040114	0x000505c6	function-pointer	true
2	tmp/wch-evt/evt/QingkeV3C_CH587_EVT/EXAM/BLE/LIB/CH587BLE_ROMx.hex	57	0x00040118	0x0005004c	function-pointer	true
2	tmp/wch-evt/evt/QingkeV3C_CH587_EVT/EXAM/BLE/LIB/CH587BLE_ROMx.hex	58	0x0004011c	0x00050054	function-pointer	true
2	tmp/wch-evt/evt/QingkeV3C_CH587_EVT/EXAM/BLE/LIB/CH587BLE_ROMx.hex	59	0x00040120	0x000500e6	function-pointer	true
2	tmp/wch-evt/evt/QingkeV3C_CH587_EVT/EXAM/BLE/LIB/CH587BLE_ROMx.hex	60	0x00040124	0x000505c4	function-pointer	true
2	tmp/wch-evt/evt/QingkeV3C_CH587_EVT/EXAM/BLE/LIB/CH587BLE_ROMx.hex	61	0x00040128	0x0005018c	function-pointer	true
2	tmp/wch-evt/evt/QingkeV3C_CH587_EVT/EXAM/BLE/LIB/CH587BLE_ROMx.hex	62	0x0004012c	0x00050722	function-pointer	true
2	tmp/wch-evt/evt/QingkeV3C_CH587_EVT/EXAM/BLE/LIB/CH587BLE_ROMx.hex	63	0x00040130	0x00052e3a	function-pointer	true
2	tmp/wch-evt/evt/QingkeV3C_CH587_EVT/EXAM/BLE/LIB/CH587BLE_ROMx.hex	64	0x00040134	0x00052eac	function-pointer	true
2	tmp/wch-evt/evt/QingkeV3C_CH587_EVT/EXAM/BLE/LIB/CH587BLE_ROMx.hex	65	0x00040138	0x00052ee6	function-pointer	true
2	tmp/wch-evt/evt/QingkeV3C_CH587_EVT/EXAM/BLE/LIB/CH587BLE_ROMx.hex	66	0x0004013c	0x00051434	function-pointer	true
2	tmp/wch-evt/evt/QingkeV3C_CH587_EVT/EXAM/BLE/LIB/CH587BLE_ROMx.hex	67	0x00040140	0x0005144a	function-pointer	true
2	tmp/wch-evt/evt/QingkeV3C_CH587_EVT/EXAM/BLE/LIB/CH587BLE_ROMx.hex	68	0x00040144	0x00051484	function-pointer	true
2	tmp/wch-evt/evt/QingkeV3C_CH587_EVT/EXAM/BLE/LIB/CH587BLE_ROMx.hex	69	0x00040148	0x0004f49a	function-pointer	true
2	tmp/wch-evt/evt/QingkeV3C_CH587_EVT/EXAM/BLE/LIB/CH587BLE_ROMx.hex	70	0x0004014c	0x0004f6a0	function-pointer	true
2	tmp/wch-evt/evt/QingkeV3C_CH587_EVT/EXAM/BLE/LIB/CH587BLE_ROMx.hex	71	0x00040150	0x0004f768	function-pointer	true
2	tmp/wch-evt/evt/QingkeV3C_CH587_EVT/EXAM/BLE/LIB/CH587BLE_ROMx.hex	72	0x00040154	0x0004c72e	function-pointer	true
2	tmp/wch-evt/evt/QingkeV3C_CH587_EVT/EXAM/BLE/LIB/CH587BLE_ROMx.hex	73	0x00040158	0x0004c19c	function-pointer	true
2	tmp/wch-evt/evt/QingkeV3C_CH587_EVT/EXAM/BLE/LIB/CH587BLE_ROMx.hex	74	0x0004015c	0x0004eb1c	function-pointer	true
2	tmp/wch-evt/evt/QingkeV3C_CH587_EVT/EXAM/BLE/LIB/CH587BLE_ROMx.hex	75	0x00040160	0x0004c214	function-pointer	true
2	tmp/wch-evt/evt/QingkeV3C_CH587_EVT/EXAM/BLE/LIB/CH587BLE_ROMx.hex	76	0x00040164	0x0004e6b6	function-pointer	true
2	tmp/wch-evt/evt/QingkeV3C_CH587_EVT/EXAM/BLE/LIB/CH587BLE_ROMx.hex	77	0x00040168	0x00061ab6	function-pointer	true
2	tmp/wch-evt/evt/QingkeV3C_CH587_EVT/EXAM/BLE/LIB/CH587BLE_ROMx.hex	78	0x0004016c	0x0006126e	function-pointer	true
2	tmp/wch-evt/evt/QingkeV3C_CH587_EVT/EXAM/BLE/LIB/CH587BLE_ROMx.hex	79	0x00040170	0x00061768	function-pointer	true
2	tmp/wch-evt/evt/QingkeV3C_CH587_EVT/EXAM/BLE/LIB/CH587BLE_ROMx.hex	80	0x00040174	0x00062ec2	function-pointer	true
2	tmp/wch-evt/evt/QingkeV3C_CH587_EVT/EXAM/BLE/LIB/CH587BLE_ROMx.hex	81	0x00040178	0x00062d96	function-pointer	true
2	tmp/wch-evt/evt/QingkeV3C_CH587_EVT/EXAM/BLE/LIB/CH587BLE_ROMx.hex	82	0x0004017c	0x000631ac	function-pointer	true
2	tmp/wch-evt/evt/QingkeV3C_CH587_EVT/EXAM/BLE/LIB/CH587BLE_ROMx.hex	83	0x00040180	0x00063168	function-pointer	true
2	tmp/wch-evt/evt/QingkeV3C_CH587_EVT/EXAM/BLE/LIB/CH587BLE_ROMx.hex	84	0x00040184	0x000631a4	function-pointer	true
2	tmp/wch-evt/evt/QingkeV3C_CH587_EVT/EXAM/BLE/LIB/CH587BLE_ROMx.hex	85	0x00040188	0x000632f0	function-pointer	true
2	tmp/wch-evt/evt/QingkeV3C_CH587_EVT/EXAM/BLE/LIB/CH587BLE_ROMx.hex	86	0x0004018c	0x00060126	function-pointer	true
2	tmp/wch-evt/evt/QingkeV3C_CH587_EVT/EXAM/BLE/LIB/CH587BLE_ROMx.hex	87	0x00040190	0x00063280	function-pointer	true
2	tmp/wch-evt/evt/QingkeV3C_CH587_EVT/EXAM/BLE/LIB/CH587BLE_ROMx.hex	88	0x00040194	0x000625e6	function-pointer	true
2	tmp/wch-evt/evt/QingkeV3C_CH587_EVT/EXAM/BLE/LIB/CH587BLE_ROMx.hex	89	0x00040198	0x0006260c	function-pointer	true
2	tmp/wch-evt/evt/QingkeV3C_CH587_EVT/EXAM/BLE/LIB/CH587BLE_ROMx.hex	90	0x0004019c	0x0006262c	function-pointer	true
2	tmp/wch-evt/evt/QingkeV3C_CH587_EVT/EXAM/BLE/LIB/CH587BLE_ROMx.hex	91	0x000401a0	0x00063360	function-pointer	true
2	tmp/wch-evt/evt/QingkeV3C_CH587_EVT/EXAM/BLE/LIB/CH587BLE_ROMx.hex	92	0x000401a4	0x00062b8c	function-pointer	true
2	tmp/wch-evt/evt/QingkeV3C_CH587_EVT/EXAM/BLE/LIB/CH587BLE_ROMx.hex	93	0x000401a8	0x00062b38	function-pointer	true
2	tmp/wch-evt/evt/QingkeV3C_CH587_EVT/EXAM/BLE/LIB/CH587BLE_ROMx.hex	94	0x000401ac	0x000633d0	function-pointer	true
2	tmp/wch-evt/evt/QingkeV3C_CH587_EVT/EXAM/BLE/LIB/CH587BLE_ROMx.hex	95	0x000401b0	0x000603aa	function-pointer	true
2	tmp/wch-evt/evt/QingkeV3C_CH587_EVT/EXAM/BLE/LIB/CH587BLE_ROMx.hex	96	0x000401b4	0x00060442	function-pointer	true
2	tmp/wch-evt/evt/QingkeV3C_CH587_EVT/EXAM/BLE/LIB/CH587BLE_ROMx.hex	97	0x000401b8	0x00060462	function-pointer	true
2	tmp/wch-evt/evt/QingkeV3C_CH587_EVT/EXAM/BLE/LIB/CH587BLE_ROMx.hex	98	0x000401bc	0x00060414	function-pointer	true
2	tmp/wch-evt/evt/QingkeV3C_CH587_EVT/EXAM/BLE/LIB/CH587BLE_ROMx.hex	99	0x000401c0	0x0005cfd0	function-pointer	true
2	tmp/wch-evt/evt/QingkeV3C_CH587_EVT/EXAM/BLE/LIB/CH587BLE_ROMx.hex	100	0x000401c4	0x0005c4ba	function-pointer	true
2	tmp/wch-evt/evt/QingkeV3C_CH587_EVT/EXAM/BLE/LIB/CH587BLE_ROMx.hex	101	0x000401c8	0x0005c836	function-pointer	true
2	tmp/wch-evt/evt/QingkeV3C_CH587_EVT/EXAM/BLE/LIB/CH587BLE_ROMx.hex	102	0x000401cc	0x0005c5f6	function-pointer	true
2	tmp/wch-evt/evt/QingkeV3C_CH587_EVT/EXAM/BLE/LIB/CH587BLE_ROMx.hex	103	0x000401d0	0x0005ce2e	function-pointer	true
2	tmp/wch-evt/evt/QingkeV3C_CH587_EVT/EXAM/BLE/LIB/CH587BLE_ROMx.hex	106	0x000401dc	0x0006015a	function-pointer	true
2	tmp/wch-evt/evt/QingkeV3C_CH587_EVT/EXAM/BLE/LIB/CH587BLE_ROMx.hex	107	0x000401e0	0x0004a81e	function-pointer	true
2	tmp/wch-evt/evt/QingkeV3C_CH587_EVT/EXAM/BLE/LIB/CH587BLE_ROMx.hex	108	0x000401e4	0x200000f4	function-pointer	false
2	tmp/wch-evt/evt/QingkeV3C_CH587_EVT/EXAM/BLE/LIB/CH587BLE_ROMx.hex	109	0x000401e8	0x000497ba	function-pointer	true
2	tmp/wch-evt/evt/QingkeV3C_CH587_EVT/EXAM/BLE/LIB/CH587BLE_ROMx.hex	110	0x000401ec	0x0005d206	function-pointer	true
2	tmp/wch-evt/evt/QingkeV3C_CH587_EVT/EXAM/BLE/LIB/CH587BLE_ROMx.hex	114	0x000401fc	0x000517e6	function-pointer	true
2	tmp/wch-evt/evt/QingkeV3C_CH587_EVT/EXAM/BLE/LIB/CH587BLE_ROMx.hex	115	0x00040200	0x0005ced2	function-pointer	true
2	tmp/wch-evt/evt/QingkeV3C_CH587_EVT/EXAM/BLE/LIB/CH587BLE_ROMx.hex	120	0x00040214	0x20000b8c	function-pointer	false
2	tmp/wch-evt/evt/QingkeV3C_CH587_EVT/EXAM/BLE/LIB/CH587BLE_ROMx.hex	121	0x00040218	0x20000106	function-pointer	false
2	tmp/wch-evt/evt/QingkeV3C_CH587_EVT/EXAM/BLE/LIB/CH587BLE_ROMx.hex	122	0x0004021c	0x000631ce	function-pointer	true
2	tmp/wch-evt/evt/QingkeV3C_CH587_EVT/EXAM/BLE/LIB/CH587BLE_ROMx.hex	123	0x00040220	0x0006316c	function-pointer	true
2	tmp/wch-evt/evt/QingkeV3C_CH587_EVT/EXAM/BLE/LIB/CH587BLE_ROMx.hex	124	0x00040224	0x000631a0	function-pointer	true
2	tmp/wch-evt/evt/QingkeV3C_CH587_EVT/EXAM/BLE/LIB/CH587BLE_ROMx.hex	125	0x00040228	0x0006319c	function-pointer	true
2	tmp/wch-evt/evt/QingkeV3C_CH587_EVT/EXAM/BLE/LIB/CH587BLE_ROMx.hex	126	0x0004022c	0x20000a70	function-pointer	false
2	tmp/wch-evt/evt/QingkeV3C_CH587_EVT/EXAM/BLE/LIB/CH587BLE_ROMx.hex	127	0x00040230	0x0005156a	function-pointer	true
2	tmp/wch-evt/evt/QingkeV3C_CH587_EVT/EXAM/BLE/LIB/CH587BLE_ROMx.hex	128	0x00040234	0x000631d6	function-pointer	true
2	tmp/wch-evt/evt/QingkeV3C_CH587_EVT/EXAM/BLE/LIB/CH587BLE_ROMx.hex	130	0x0004023c	0x00049aea	function-pointer	true
2	tmp/wch-evt/evt/QingkeV3C_CH587_EVT/EXAM/BLE/LIB/CH587BLE_ROMx.hex	131	0x00040240	0x00049b52	function-pointer	true
2	tmp/wch-evt/evt/QingkeV3C_CH587_EVT/EXAM/BLE/LIB/CH587BLE_ROMx.hex	132	0x00040244	0x0006185a	function-pointer	true
2	tmp/wch-evt/evt/QingkeV3C_CH587_EVT/EXAM/BLE/LIB/CH587BLE_ROMx.hex	133	0x00040248	0x000631d2	function-pointer	true
2	tmp/wch-evt/evt/QingkeV3C_CH587_EVT/EXAM/BLE/LIB/CH587BLE_ROMx.hex	134	0x0004024c	0x00063218	function-pointer	true
2	tmp/wch-evt/evt/QingkeV3C_CH587_EVT/EXAM/BLE/LIB/CH587BLE_ROMx.hex	135	0x00040250	0x00059a4a	function-pointer	true
2	tmp/wch-evt/evt/QingkeV3C_CH587_EVT/EXAM/BLE/LIB/CH587BLE_ROMx.hex	136	0x00040254	0x0006321c	function-pointer	true
2	tmp/wch-evt/evt/QingkeV3C_CH587_EVT/EXAM/BLE/LIB/CH587BLE_ROMx.hex	137	0x00040258	0x0004a41e	function-pointer	true
2	tmp/wch-evt/evt/QingkeV3C_CH587_EVT/EXAM/BLE/LIB/CH587BLE_ROMx.hex	139	0x00040260	0x000617b0	function-pointer	true
2	tmp/wch-evt/evt/QingkeV3C_CH587_EVT/EXAM/BLE/LIB/CH587BLE_ROMx.hex	140	0x00040264	0x000619d0	function-pointer	true
2	tmp/wch-evt/evt/QingkeV3C_CH587_EVT/EXAM/BLE/LIB/CH587BLE_ROMx.hex	141	0x00040268	0x00063220	function-pointer	true
2	tmp/wch-evt/evt/QingkeV3C_CH587_EVT/EXAM/BLE/LIB/CH587BLE_ROMx.hex	142	0x0004026c	0x00063274	function-pointer	true
2	tmp/wch-evt/evt/QingkeV3C_CH587_EVT/EXAM/BLE/LIB/CH587BLE_ROMx.hex	143	0x00040270	0x00063278	function-pointer	true
2	tmp/wch-evt/evt/QingkeV3C_CH587_EVT/EXAM/BLE/LIB/CH587BLE_ROMx.hex	144	0x00040274	0x000631da	function-pointer	true
2	tmp/wch-evt/evt/QingkeV3C_CH587_EVT/EXAM/BLE/LIB/CH587BLE_ROMx.hex	145	0x00040278	0x00063210	function-pointer	true
2	tmp/wch-evt/evt/QingkeV3C_CH587_EVT/EXAM/BLE/LIB/CH587BLE_ROMx.hex	146	0x0004027c	0x00063214	function-pointer	true
2	tmp/wch-evt/evt/QingkeV3C_CH587_EVT/EXAM/BLE/LIB/CH587BLE_ROMx.hex	147	0x00040280	0x0006327c	function-pointer	true
2	tmp/wch-evt/evt/QingkeV3C_CH587_EVT/EXAM/BLE/LIB/CH587BLE_ROMx.hex	148	0x00040284	0x0005cf88	function-pointer	true
2	tmp/wch-evt/evt/QingkeV3C_CH587_EVT/EXAM/BLE/LIB/CH587BLE_ROMx.hex	149	0x00040288	0x000617d0	function-pointer	true
2	tmp/wch-evt/evt/QingkeV4B_CH32V203_EVT/EXAM/BLE/LIB/wchble_rom.hex	0	0x00040034	0x0006e890	data-pointer	false
2	tmp/wch-evt/evt/QingkeV4B_CH32V203_EVT/EXAM/BLE/LIB/wchble_rom.hex	1	0x00040038	0x00043434	function-pointer	true
2	tmp/wch-evt/evt/QingkeV4B_CH32V203_EVT/EXAM/BLE/LIB/wchble_rom.hex	2	0x0004003c	0x20000442	function-pointer	false
2	tmp/wch-evt/evt/QingkeV4B_CH32V203_EVT/EXAM/BLE/LIB/wchble_rom.hex	3	0x00040040	0x200004bc	function-pointer	false
2	tmp/wch-evt/evt/QingkeV4B_CH32V203_EVT/EXAM/BLE/LIB/wchble_rom.hex	4	0x00040044	0x200003ca	function-pointer	false
2	tmp/wch-evt/evt/QingkeV4B_CH32V203_EVT/EXAM/BLE/LIB/wchble_rom.hex	5	0x00040048	0x2000039c	function-pointer	false
2	tmp/wch-evt/evt/QingkeV4B_CH32V203_EVT/EXAM/BLE/LIB/wchble_rom.hex	6	0x0004004c	0x20000332	function-pointer	false
2	tmp/wch-evt/evt/QingkeV4B_CH32V203_EVT/EXAM/BLE/LIB/wchble_rom.hex	7	0x00040050	0x000435d6	function-pointer	true
2	tmp/wch-evt/evt/QingkeV4B_CH32V203_EVT/EXAM/BLE/LIB/wchble_rom.hex	8	0x00040054	0x00043616	function-pointer	true
2	tmp/wch-evt/evt/QingkeV4B_CH32V203_EVT/EXAM/BLE/LIB/wchble_rom.hex	9	0x00040058	0x000437b4	function-pointer	true
2	tmp/wch-evt/evt/QingkeV4B_CH32V203_EVT/EXAM/BLE/LIB/wchble_rom.hex	10	0x0004005c	0x00043a34	function-pointer	true
2	tmp/wch-evt/evt/QingkeV4B_CH32V203_EVT/EXAM/BLE/LIB/wchble_rom.hex	11	0x00040060	0x00043b18	function-pointer	true
2	tmp/wch-evt/evt/QingkeV4B_CH32V203_EVT/EXAM/BLE/LIB/wchble_rom.hex	12	0x00040064	0x00043294	function-pointer	true
2	tmp/wch-evt/evt/QingkeV4B_CH32V203_EVT/EXAM/BLE/LIB/wchble_rom.hex	13	0x00040068	0x00043246	function-pointer	true
2	tmp/wch-evt/evt/QingkeV4B_CH32V203_EVT/EXAM/BLE/LIB/wchble_rom.hex	14	0x0004006c	0x2000028c	function-pointer	false
2	tmp/wch-evt/evt/QingkeV4B_CH32V203_EVT/EXAM/BLE/LIB/wchble_rom.hex	15	0x00040070	0x20000236	function-pointer	false
2	tmp/wch-evt/evt/QingkeV4B_CH32V203_EVT/EXAM/BLE/LIB/wchble_rom.hex	16	0x00040074	0x00043fd2	function-pointer	true
2	tmp/wch-evt/evt/QingkeV4B_CH32V203_EVT/EXAM/BLE/LIB/wchble_rom.hex	18	0x0004007c	0x000435ac	function-pointer	true
2	tmp/wch-evt/evt/QingkeV4B_CH32V203_EVT/EXAM/BLE/LIB/wchble_rom.hex	19	0x00040080	0x00043cda	function-pointer	true
2	tmp/wch-evt/evt/QingkeV4B_CH32V203_EVT/EXAM/BLE/LIB/wchble_rom.hex	20	0x00040084	0x0006847a	function-pointer	true
2	tmp/wch-evt/evt/QingkeV4B_CH32V203_EVT/EXAM/BLE/LIB/wchble_rom.hex	21	0x00040088	0x0006865c	function-pointer	true
2	tmp/wch-evt/evt/QingkeV4B_CH32V203_EVT/EXAM/BLE/LIB/wchble_rom.hex	22	0x0004008c	0x000686c8	function-pointer	true
2	tmp/wch-evt/evt/QingkeV4B_CH32V203_EVT/EXAM/BLE/LIB/wchble_rom.hex	23	0x00040090	0x0006397a	function-pointer	true
2	tmp/wch-evt/evt/QingkeV4B_CH32V203_EVT/EXAM/BLE/LIB/wchble_rom.hex	24	0x00040094	0x000639b2	function-pointer	true
2	tmp/wch-evt/evt/QingkeV4B_CH32V203_EVT/EXAM/BLE/LIB/wchble_rom.hex	25	0x00040098	0x00056a14	function-pointer	true
2	tmp/wch-evt/evt/QingkeV4B_CH32V203_EVT/EXAM/BLE/LIB/wchble_rom.hex	26	0x0004009c	0x00055d88	function-pointer	true
2	tmp/wch-evt/evt/QingkeV4B_CH32V203_EVT/EXAM/BLE/LIB/wchble_rom.hex	27	0x000400a0	0x00067ed8	function-pointer	true
2	tmp/wch-evt/evt/QingkeV4B_CH32V203_EVT/EXAM/BLE/LIB/wchble_rom.hex	28	0x000400a4	0x00043d0a	function-pointer	true
2	tmp/wch-evt/evt/QingkeV4B_CH32V203_EVT/EXAM/BLE/LIB/wchble_rom.hex	29	0x000400a8	0x000641c2	function-pointer	true
2	tmp/wch-evt/evt/QingkeV4B_CH32V203_EVT/EXAM/BLE/LIB/wchble_rom.hex	30	0x000400ac	0x0004f07a	function-pointer	true
2	tmp/wch-evt/evt/QingkeV4B_CH32V203_EVT/EXAM/BLE/LIB/wchble_rom.hex	31	0x000400b0	0x0004f10a	function-pointer	true
2	tmp/wch-evt/evt/QingkeV4B_CH32V203_EVT/EXAM/BLE/LIB/wchble_rom.hex	32	0x000400b4	0x0004f164	function-pointer	true
2	tmp/wch-evt/evt/QingkeV4B_CH32V203_EVT/EXAM/BLE/LIB/wchble_rom.hex	33	0x000400b8	0x000447fa	function-pointer	true
2	tmp/wch-evt/evt/QingkeV4B_CH32V203_EVT/EXAM/BLE/LIB/wchble_rom.hex	34	0x000400bc	0x00044838	function-pointer	true
2	tmp/wch-evt/evt/QingkeV4B_CH32V203_EVT/EXAM/BLE/LIB/wchble_rom.hex	35	0x000400c0	0x000446b8	function-pointer	true
2	tmp/wch-evt/evt/QingkeV4B_CH32V203_EVT/EXAM/BLE/LIB/wchble_rom.hex	36	0x000400c4	0x0004b2a2	function-pointer	true
2	tmp/wch-evt/evt/QingkeV4B_CH32V203_EVT/EXAM/BLE/LIB/wchble_rom.hex	37	0x000400c8	0x0004adbe	function-pointer	true
2	tmp/wch-evt/evt/QingkeV4B_CH32V203_EVT/EXAM/BLE/LIB/wchble_rom.hex	38	0x000400cc	0x20000a48	function-pointer	false
2	tmp/wch-evt/evt/QingkeV4B_CH32V203_EVT/EXAM/BLE/LIB/wchble_rom.hex	39	0x000400d0	0x0004bef6	function-pointer	true
2	tmp/wch-evt/evt/QingkeV4B_CH32V203_EVT/EXAM/BLE/LIB/wchble_rom.hex	40	0x000400d4	0x0004c25c	function-pointer	true
2	tmp/wch-evt/evt/QingkeV4B_CH32V203_EVT/EXAM/BLE/LIB/wchble_rom.hex	41	0x000400d8	0x0004a0de	function-pointer	true
2	tmp/wch-evt/evt/QingkeV4B_CH32V203_EVT/EXAM/BLE/LIB/wchble_rom.hex	42	0x000400dc	0x0004a080	function-pointer	true
2	tmp/wch-evt/evt/QingkeV4B_CH32V203_EVT/EXAM/BLE/LIB/wchble_rom.hex	43	0x000400e0	0x0004a442	function-pointer	true
2	tmp/wch-evt/evt/QingkeV4B_CH32V203_EVT/EXAM/BLE/LIB/wchble_rom.hex	44	0x000400e4	0x0004a12a	function-pointer	true
2	tmp/wch-evt/evt/QingkeV4B_CH32V203_EVT/EXAM/BLE/LIB/wchble_rom.hex	45	0x000400e8	0x0004a05e	function-pointer	true
2	tmp/wch-evt/evt/QingkeV4B_CH32V203_EVT/EXAM/BLE/LIB/wchble_rom.hex	46	0x000400ec	0x0004a0d6	function-pointer	true
2	tmp/wch-evt/evt/QingkeV4B_CH32V203_EVT/EXAM/BLE/LIB/wchble_rom.hex	47	0x000400f0	0x0004a014	function-pointer	true
2	tmp/wch-evt/evt/QingkeV4B_CH32V203_EVT/EXAM/BLE/LIB/wchble_rom.hex	48	0x000400f4	0x0004a1a4	function-pointer	true
2	tmp/wch-evt/evt/QingkeV4B_CH32V203_EVT/EXAM/BLE/LIB/wchble_rom.hex	49	0x000400f8	0x0004a1fc	function-pointer	true
2	tmp/wch-evt/evt/QingkeV4B_CH32V203_EVT/EXAM/BLE/LIB/wchble_rom.hex	50	0x000400fc	0x0004a1ac	function-pointer	true
2	tmp/wch-evt/evt/QingkeV4B_CH32V203_EVT/EXAM/BLE/LIB/wchble_rom.hex	51	0x00040100	0x0004a1b0	function-pointer	true
2	tmp/wch-evt/evt/QingkeV4B_CH32V203_EVT/EXAM/BLE/LIB/wchble_rom.hex	52	0x00040104	0x0004a246	function-pointer	true
2	tmp/wch-evt/evt/QingkeV4B_CH32V203_EVT/EXAM/BLE/LIB/wchble_rom.hex	53	0x00040108	0x0004a204	function-pointer	true
2	tmp/wch-evt/evt/QingkeV4B_CH32V203_EVT/EXAM/BLE/LIB/wchble_rom.hex	54	0x0004010c	0x0004a234	function-pointer	true
2	tmp/wch-evt/evt/QingkeV4B_CH32V203_EVT/EXAM/BLE/LIB/wchble_rom.hex	55	0x00040110	0x0004a6f4	function-pointer	true
2	tmp/wch-evt/evt/QingkeV4B_CH32V203_EVT/EXAM/BLE/LIB/wchble_rom.hex	56	0x00040114	0x0004a6f8	function-pointer	true
2	tmp/wch-evt/evt/QingkeV4B_CH32V203_EVT/EXAM/BLE/LIB/wchble_rom.hex	57	0x00040118	0x0004a1a0	function-pointer	true
2	tmp/wch-evt/evt/QingkeV4B_CH32V203_EVT/EXAM/BLE/LIB/wchble_rom.hex	58	0x0004011c	0x0004a1a8	function-pointer	true
2	tmp/wch-evt/evt/QingkeV4B_CH32V203_EVT/EXAM/BLE/LIB/wchble_rom.hex	59	0x00040120	0x0004a244	function-pointer	true
2	tmp/wch-evt/evt/QingkeV4B_CH32V203_EVT/EXAM/BLE/LIB/wchble_rom.hex	60	0x00040124	0x0004a6f6	function-pointer	true
2	tmp/wch-evt/evt/QingkeV4B_CH32V203_EVT/EXAM/BLE/LIB/wchble_rom.hex	61	0x00040128	0x0004a2f2	function-pointer	true
2	tmp/wch-evt/evt/QingkeV4B_CH32V203_EVT/EXAM/BLE/LIB/wchble_rom.hex	62	0x0004012c	0x0004a852	function-pointer	true
2	tmp/wch-evt/evt/QingkeV4B_CH32V203_EVT/EXAM/BLE/LIB/wchble_rom.hex	63	0x00040130	0x0004cfba	function-pointer	true
2	tmp/wch-evt/evt/QingkeV4B_CH32V203_EVT/EXAM/BLE/LIB/wchble_rom.hex	64	0x00040134	0x0004d02e	function-pointer	true
2	tmp/wch-evt/evt/QingkeV4B_CH32V203_EVT/EXAM/BLE/LIB/wchble_rom.hex	65	0x00040138	0x0004d068	function-pointer	true
2	tmp/wch-evt/evt/QingkeV4B_CH32V203_EVT/EXAM/BLE/LIB/wchble_rom.hex	66	0x0004013c	0x0004b4ee	function-pointer	true
2	tmp/wch-evt/evt/QingkeV4B_CH32V203_EVT/EXAM/BLE/LIB/wchble_rom.hex	67	0x00040140	0x0004b504	function-pointer	true
2	tmp/wch-evt/evt/QingkeV4B_CH32V203_EVT/EXAM/BLE/LIB/wchble_rom.hex	68	0x00040144	0x0004b53c	function-pointer	true
2	tmp/wch-evt/evt/QingkeV4B_CH32V203_EVT/EXAM/BLE/LIB/wchble_rom.hex	69	0x00040148	0x00049586	function-pointer	true
2	tmp/wch-evt/evt/QingkeV4B_CH32V203_EVT/EXAM/BLE/LIB/wchble_rom.hex	70	0x0004014c	0x000497ac	function-pointer	true
2	tmp/wch-evt/evt/QingkeV4B_CH32V203_EVT/EXAM/BLE/LIB/wchble_rom.hex	71	0x00040150	0x00049888	function-pointer	true
2	tmp/wch-evt/evt/QingkeV4B_CH32V203_EVT/EXAM/BLE/LIB/wchble_rom.hex	72	0x00040154	0x0004659e	function-pointer	true
2	tmp/wch-evt/evt/QingkeV4B_CH32V203_EVT/EXAM/BLE/LIB/wchble_rom.hex	73	0x00040158	0x00046034	function-pointer	true
2	tmp/wch-evt/evt/QingkeV4B_CH32V203_EVT/EXAM/BLE/LIB/wchble_rom.hex	74	0x0004015c	0x00048b9a	function-pointer	true
2	tmp/wch-evt/evt/QingkeV4B_CH32V203_EVT/EXAM/BLE/LIB/wchble_rom.hex	75	0x00040160	0x000460b0	function-pointer	true
2	tmp/wch-evt/evt/QingkeV4B_CH32V203_EVT/EXAM/BLE/LIB/wchble_rom.hex	76	0x00040164	0x000486e2	function-pointer	true
2	tmp/wch-evt/evt/QingkeV4B_CH32V203_EVT/EXAM/BLE/LIB/wchble_rom.hex	77	0x00040168	0x0006c5c2	function-pointer	true
2	tmp/wch-evt/evt/QingkeV4B_CH32V203_EVT/EXAM/BLE/LIB/wchble_rom.hex	78	0x0004016c	0x0006be12	function-pointer	true
2	tmp/wch-evt/evt/QingkeV4B_CH32V203_EVT/EXAM/BLE/LIB/wchble_rom.hex	79	0x00040170	0x0006c2fe	function-pointer	true
2	tmp/wch-evt/evt/QingkeV4B_CH32V203_EVT/EXAM/BLE/LIB/wchble_rom.hex	80	0x00040174	0x0006da20	function-pointer	true
2	tmp/wch-evt/evt/QingkeV4B_CH32V203_EVT/EXAM/BLE/LIB/wchble_rom.hex	81	0x00040178	0x0006d8ec	function-pointer	true
2	tmp/wch-evt/evt/QingkeV4B_CH32V203_EVT/EXAM/BLE/LIB/wchble_rom.hex	82	0x0004017c	0x0006dd4a	function-pointer	true
2	tmp/wch-evt/evt/QingkeV4B_CH32V203_EVT/EXAM/BLE/LIB/wchble_rom.hex	83	0x00040180	0x0006dd06	function-pointer	true
2	tmp/wch-evt/evt/QingkeV4B_CH32V203_EVT/EXAM/BLE/LIB/wchble_rom.hex	84	0x00040184	0x0006dd42	function-pointer	true
2	tmp/wch-evt/evt/QingkeV4B_CH32V203_EVT/EXAM/BLE/LIB/wchble_rom.hex	85	0x00040188	0x0006de96	function-pointer	true
2	tmp/wch-evt/evt/QingkeV4B_CH32V203_EVT/EXAM/BLE/LIB/wchble_rom.hex	86	0x0004018c	0x0006acee	function-pointer	true
2	tmp/wch-evt/evt/QingkeV4B_CH32V203_EVT/EXAM/BLE/LIB/wchble_rom.hex	87	0x00040190	0x0006de26	function-pointer	true
2	tmp/wch-evt/evt/QingkeV4B_CH32V203_EVT/EXAM/BLE/LIB/wchble_rom.hex	88	0x00040194	0x0006d07c	function-pointer	true
2	tmp/wch-evt/evt/QingkeV4B_CH32V203_EVT/EXAM/BLE/LIB/wchble_rom.hex	89	0x00040198	0x0006d0a2	function-pointer	true
2	tmp/wch-evt/evt/QingkeV4B_CH32V203_EVT/EXAM/BLE/LIB/wchble_rom.hex	90	0x0004019c	0x0006d0c2	function-pointer	true
2	tmp/wch-evt/evt/QingkeV4B_CH32V203_EVT/EXAM/BLE/LIB/wchble_rom.hex	91	0x000401a0	0x0006df06	function-pointer	true
2	tmp/wch-evt/evt/QingkeV4B_CH32V203_EVT/EXAM/BLE/LIB/wchble_rom.hex	92	0x000401a4	0x0006d6f2	function-pointer	true
2	tmp/wch-evt/evt/QingkeV4B_CH32V203_EVT/EXAM/BLE/LIB/wchble_rom.hex	93	0x000401a8	0x0006d690	function-pointer	true
2	tmp/wch-evt/evt/QingkeV4B_CH32V203_EVT/EXAM/BLE/LIB/wchble_rom.hex	94	0x000401ac	0x0006df76	function-pointer	true
2	tmp/wch-evt/evt/QingkeV4B_CH32V203_EVT/EXAM/BLE/LIB/wchble_rom.hex	95	0x000401b0	0x0006af72	function-pointer	true
2	tmp/wch-evt/evt/QingkeV4B_CH32V203_EVT/EXAM/BLE/LIB/wchble_rom.hex	96	0x000401b4	0x0006b006	function-pointer	true
2	tmp/wch-evt/evt/QingkeV4B_CH32V203_EVT/EXAM/BLE/LIB/wchble_rom.hex	97	0x000401b8	0x0006b026	function-pointer	true
2	tmp/wch-evt/evt/QingkeV4B_CH32V203_EVT/EXAM/BLE/LIB/wchble_rom.hex	98	0x000401bc	0x0006afd8	function-pointer	true
2	tmp/wch-evt/evt/QingkeV4B_CH32V203_EVT/EXAM/BLE/LIB/wchble_rom.hex	99	0x000401c0	0x00066194	function-pointer	true
2	tmp/wch-evt/evt/QingkeV4B_CH32V203_EVT/EXAM/BLE/LIB/wchble_rom.hex	100	0x000401c4	0x00064c98	function-pointer	true
2	tmp/wch-evt/evt/QingkeV4B_CH32V203_EVT/EXAM/BLE/LIB/wchble_rom.hex	101	0x000401c8	0x00064fee	function-pointer	true
2	tmp/wch-evt/evt/QingkeV4B_CH32V203_EVT/EXAM/BLE/LIB/wchble_rom.hex	102	0x000401cc	0x00064dd6	function-pointer	true
2	tmp/wch-evt/evt/QingkeV4B_CH32V203_EVT/EXAM/BLE/LIB/wchble_rom.hex	103	0x000401d0	0x000657b0	function-pointer	true
2	tmp/wch-evt/evt/QingkeV4B_CH32V203_EVT/EXAM/BLE/LIB/wchble_rom.hex	104	0x000401d4	0x00067f30	function-pointer	true
2	tmp/wch-evt/evt/QingkeV4B_CH32V203_EVT/EXAM/BLE/LIB/wchble_rom.hex	105	0x000401d8	0x00067e72	function-pointer	true
2	tmp/wch-evt/evt/QingkeV4B_CH32V203_EVT/EXAM/BLE/LIB/wchble_rom.hex	106	0x000401dc	0x0006ad22	function-pointer	true
2	tmp/wch-evt/evt/QingkeV4B_CH32V203_EVT/EXAM/BLE/LIB/wchble_rom.hex	107	0x000401e0	0x00044156	function-pointer	true
2	tmp/wch-evt/evt/QingkeV4B_CH32V203_EVT/EXAM/BLE/LIB/wchble_rom.hex	108	0x000401e4	0x000639c2	function-pointer	true
2	tmp/wch-evt/evt/QingkeV4B_CH32V203_EVT/EXAM/BLE/LIB/wchble_rom.hex	109	0x000401e8	0x000641a2	function-pointer	true
2	tmp/wch-evt/evt/QingkeV4B_CH32V203_EVT/EXAM/BLE/LIB/wchble_rom.hex	110	0x000401ec	0x0006429a	function-pointer	true
2	tmp/wch-evt/evt/QingkeV4B_CH32V203_EVT/EXAM/BLE/LIB/wchble_rom.hex	111	0x000401f0	0x0006753a	function-pointer	true
2	tmp/wch-evt/evt/QingkeV4B_CH32V203_EVT/EXAM/BLE/LIB/wchble_rom.hex	112	0x000401f4	0x000675c6	function-pointer	true
2	tmp/wch-evt/evt/QingkeV4B_CH32V203_EVT/EXAM/BLE/LIB/wchble_rom.hex	113	0x000401f8	0x00067748	function-pointer	true
2	tmp/wch-evt/evt/QingkeV4B_CH32V203_EVT/EXAM/BLE/LIB/wchble_rom.hex	114	0x000401fc	0x0004b8c8	function-pointer	true
2	tmp/wch-evt/evt/QingkeV4B_CH32V203_EVT/EXAM/BLE/LIB/wchble_rom.hex	115	0x00040200	0x0006607e	function-pointer	true
2	tmp/wch-evt/evt/QingkeV4B_CH32V203_EVT/EXAM/BLE/LIB/wchble_rom.hex	116	0x00040204	0x00065844	function-pointer	true
2	tmp/wch-evt/evt/QingkeV4B_CH32V203_EVT/EXAM/BLE/LIB/wchble_rom.hex	117	0x00040208	0x00064a74	function-pointer	true
2	tmp/wch-evt/evt/QingkeV4B_CH32V203_EVT/EXAM/BLE/LIB/wchble_rom.hex	118	0x0004020c	0x00065b02	function-pointer	true
2	tmp/wch-evt/evt/QingkeV4B_CH32V203_EVT/EXAM/BLE/LIB/wchble_rom.hex	119	0x00040210	0x00064c48	function-pointer	true
2	tmp/wch-evt/evt/QingkeV4B_CH32V203_EVT/EXAM/BLE/LIB/wchble_rom.hex	120	0x00040214	0x200009ba	function-pointer	false
2	tmp/wch-evt/evt/QingkeV4B_CH32V203_EVT/EXAM/BLE/LIB/wchble_rom.hex	121	0x00040218	0x00063a2e	function-pointer	true
2	tmp/wch-evt/evt/QingkeV4B_CH32V203_EVT/EXAM/BLE/LIB/wchble_rom.hex	122	0x0004021c	0x0006dd70	function-pointer	true
2	tmp/wch-evt/evt/QingkeV4B_CH32V203_EVT/EXAM/BLE/LIB/wchble_rom.hex	123	0x00040220	0x0006dd0a	function-pointer	true
2	tmp/wch-evt/evt/QingkeV4B_CH32V203_EVT/EXAM/BLE/LIB/wchble_rom.hex	124	0x00040224	0x0006dd3e	function-pointer	true
2	tmp/wch-evt/evt/QingkeV4B_CH32V203_EVT/EXAM/BLE/LIB/wchble_rom.hex	125	0x00040228	0x0006dd3a	function-pointer	true
2	tmp/wch-evt/evt/QingkeV4B_CH32V203_EVT/EXAM/BLE/LIB/wchble_rom.hex	126	0x0004022c	0x000439be	function-pointer	true
2	tmp/wch-evt/evt/QingkeV4B_CH32V203_EVT/EXAM/BLE/LIB/wchble_rom.hex	127	0x00040230	0x0004b632	function-pointer	true
2	tmp/wch-evt/evt/QingkeV4B_CH32V203_EVT/EXAM/BLE/LIB/wchble_rom.hex	128	0x00040234	0x0006dd78	function-pointer	true
2	tmp/wch-evt/evt/QingkeV4B_CH32V203_EVT/EXAM/BLE/LIB/wchble_rom.hex	129	0x00040238	0x00066380	function-pointer	true
2	tmp/wch-evt/evt/QingkeV4B_CH32V203_EVT/EXAM/BLE/LIB/wchble_rom.hex	130	0x0004023c	0x000664e4	function-pointer	true
2	tmp/wch-evt/evt/QingkeV4B_CH32V203_EVT/EXAM/BLE/LIB/wchble_rom.hex	131	0x00040240	0x00066550	function-pointer	true
2	tmp/wch-evt/evt/QingkeV4B_CH32V203_EVT/EXAM/BLE/LIB/wchble_rom.hex	132	0x00040244	0x0006c364	function-pointer	true
2	tmp/wch-evt/evt/QingkeV4B_CH32V203_EVT/EXAM/BLE/LIB/wchble_rom.hex	133	0x00040248	0x0006dd74	function-pointer	true
2	tmp/wch-evt/evt/QingkeV4B_CH32V203_EVT/EXAM/BLE/LIB/wchble_rom.hex	134	0x0004024c	0x0006ddbe	function-pointer	true
2	tmp/wch-evt/evt/QingkeV4B_CH32V203_EVT/EXAM/BLE/LIB/wchble_rom.hex	135	0x00040250	0x00055d14	function-pointer	true
2	tmp/wch-evt/evt/QingkeV4B_CH32V203_EVT/EXAM/BLE/LIB/wchble_rom.hex	136	0x00040254	0x0006ddc2	function-pointer	true
2	tmp/wch-evt/evt/QingkeV4B_CH32V203_EVT/EXAM/BLE/LIB/wchble_rom.hex	139	0x00040260	0x0006c344	function-pointer	true
2	tmp/wch-evt/evt/QingkeV4B_CH32V203_EVT/EXAM/BLE/LIB/wchble_rom.hex	140	0x00040264	0x0006c4e2	function-pointer	true
2	tmp/wch-evt/evt/QingkeV4B_CH32V203_EVT/EXAM/BLE/LIB/wchble_rom.hex	141	0x00040268	0x0006ddc6	function-pointer	true
2	tmp/wch-evt/evt/QingkeV4B_CH32V203_EVT/EXAM/BLE/LIB/wchble_rom.hex	142	0x0004026c	0x0006de1a	function-pointer	true
2	tmp/wch-evt/evt/QingkeV4B_CH32V203_EVT/EXAM/BLE/LIB/wchble_rom.hex	143	0x00040270	0x0006de1e	function-pointer	true
2	tmp/wch-evt/evt/QingkeV4B_CH32V203_EVT/EXAM/BLE/LIB/wchble_rom.hex	144	0x00040274	0x0006dd7c	function-pointer	true
2	tmp/wch-evt/evt/QingkeV4B_CH32V203_EVT/EXAM/BLE/LIB/wchble_rom.hex	145	0x00040278	0x0006ddb6	function-pointer	true
2	tmp/wch-evt/evt/QingkeV4B_CH32V203_EVT/EXAM/BLE/LIB/wchble_rom.hex	146	0x0004027c	0x0006ddba	function-pointer	true
2	tmp/wch-evt/evt/QingkeV4B_CH32V203_EVT/EXAM/BLE/LIB/wchble_rom.hex	147	0x00040280	0x0006de22	function-pointer	true
2	tmp/wch-evt/evt/QingkeV4B_CH32V203_EVT/EXAM/BLE/LIB/wchble_rom.hex	148	0x00040284	0x00066140	function-pointer	true
2	tmp/wch-evt/evt/QingkeV4B_CH32V203_EVT/EXAM/BLE/MESH/MESH_LIB/wchble_rom_mesh.hex	0	0x0004e034	0x0006df88	data-pointer	false
2	tmp/wch-evt/evt/QingkeV4B_CH32V203_EVT/EXAM/BLE/MESH/MESH_LIB/wchble_rom_mesh.hex	1	0x0004e038	0x000509d4	function-pointer	true
2	tmp/wch-evt/evt/QingkeV4B_CH32V203_EVT/EXAM/BLE/MESH/MESH_LIB/wchble_rom_mesh.hex	2	0x0004e03c	0x20000442	function-pointer	false
2	tmp/wch-evt/evt/QingkeV4B_CH32V203_EVT/EXAM/BLE/MESH/MESH_LIB/wchble_rom_mesh.hex	3	0x0004e040	0x200004bc	function-pointer	false
2	tmp/wch-evt/evt/QingkeV4B_CH32V203_EVT/EXAM/BLE/MESH/MESH_LIB/wchble_rom_mesh.hex	4	0x0004e044	0x200003ca	function-pointer	false
2	tmp/wch-evt/evt/QingkeV4B_CH32V203_EVT/EXAM/BLE/MESH/MESH_LIB/wchble_rom_mesh.hex	5	0x0004e048	0x2000039c	function-pointer	false
2	tmp/wch-evt/evt/QingkeV4B_CH32V203_EVT/EXAM/BLE/MESH/MESH_LIB/wchble_rom_mesh.hex	6	0x0004e04c	0x20000332	function-pointer	false
2	tmp/wch-evt/evt/QingkeV4B_CH32V203_EVT/EXAM/BLE/MESH/MESH_LIB/wchble_rom_mesh.hex	7	0x0004e050	0x00050b76	function-pointer	true
2	tmp/wch-evt/evt/QingkeV4B_CH32V203_EVT/EXAM/BLE/MESH/MESH_LIB/wchble_rom_mesh.hex	8	0x0004e054	0x00050bb6	function-pointer	true
2	tmp/wch-evt/evt/QingkeV4B_CH32V203_EVT/EXAM/BLE/MESH/MESH_LIB/wchble_rom_mesh.hex	9	0x0004e058	0x00050d54	function-pointer	true
2	tmp/wch-evt/evt/QingkeV4B_CH32V203_EVT/EXAM/BLE/MESH/MESH_LIB/wchble_rom_mesh.hex	10	0x0004e05c	0x00050fd4	function-pointer	true
2	tmp/wch-evt/evt/QingkeV4B_CH32V203_EVT/EXAM/BLE/MESH/MESH_LIB/wchble_rom_mesh.hex	11	0x0004e060	0x000510b8	function-pointer	true
2	tmp/wch-evt/evt/QingkeV4B_CH32V203_EVT/EXAM/BLE/MESH/MESH_LIB/wchble_rom_mesh.hex	12	0x0004e064	0x00050834	function-pointer	true
2	tmp/wch-evt/evt/QingkeV4B_CH32V203_EVT/EXAM/BLE/MESH/MESH_LIB/wchble_rom_mesh.hex	13	0x0004e068	0x000507e6	function-pointer	true
2	tmp/wch-evt/evt/QingkeV4B_CH32V203_EVT/EXAM/BLE/MESH/MESH_LIB/wchble_rom_mesh.hex	14	0x0004e06c	0x2000028c	function-pointer	false
2	tmp/wch-evt/evt/QingkeV4B_CH32V203_EVT/EXAM/BLE/MESH/MESH_LIB/wchble_rom_mesh.hex	15	0x0004e070	0x20000236	function-pointer	false
2	tmp/wch-evt/evt/QingkeV4B_CH32V203_EVT/EXAM/BLE/MESH/MESH_LIB/wchble_rom_mesh.hex	16	0x0004e074	0x00051572	function-pointer	true
2	tmp/wch-evt/evt/QingkeV4B_CH32V203_EVT/EXAM/BLE/MESH/MESH_LIB/wchble_rom_mesh.hex	18	0x0004e07c	0x00050b4c	function-pointer	true
2	tmp/wch-evt/evt/QingkeV4B_CH32V203_EVT/EXAM/BLE/MESH/MESH_LIB/wchble_rom_mesh.hex	19	0x0004e080	0x0005127a	function-pointer	true
2	tmp/wch-evt/evt/QingkeV4B_CH32V203_EVT/EXAM/BLE/MESH/MESH_LIB/wchble_rom_mesh.hex	20	0x0004e084	0x00069888	function-pointer	true
2	tmp/wch-evt/evt/QingkeV4B_CH32V203_EVT/EXAM/BLE/MESH/MESH_LIB/wchble_rom_mesh.hex	21	0x0004e088	0x00069a68	function-pointer	true
2	tmp/wch-evt/evt/QingkeV4B_CH32V203_EVT/EXAM/BLE/MESH/MESH_LIB/wchble_rom_mesh.hex	22	0x0004e08c	0x00069ad2	function-pointer	true
2	tmp/wch-evt/evt/QingkeV4B_CH32V203_EVT/EXAM/BLE/MESH/MESH_LIB/wchble_rom_mesh.hex	23	0x0004e090	0x00065cdc	function-pointer	true
2	tmp/wch-evt/evt/QingkeV4B_CH32V203_EVT/EXAM/BLE/MESH/MESH_LIB/wchble_rom_mesh.hex	24	0x0004e094	0x00065d14	function-pointer	true
2	tmp/wch-evt/evt/QingkeV4B_CH32V203_EVT/EXAM/BLE/MESH/MESH_LIB/wchble_rom_mesh.hex	25	0x0004e098	0x00061672	function-pointer	true
2	tmp/wch-evt/evt/QingkeV4B_CH32V203_EVT/EXAM/BLE/MESH/MESH_LIB/wchble_rom_mesh.hex	26	0x0004e09c	0x00060ba8	function-pointer	true
2	tmp/wch-evt/evt/QingkeV4B_CH32V203_EVT/EXAM/BLE/MESH/MESH_LIB/wchble_rom_mesh.hex	27	0x0004e0a0	0x0006930a	function-pointer	true
2	tmp/wch-evt/evt/QingkeV4B_CH32V203_EVT/EXAM/BLE/MESH/MESH_LIB/wchble_rom_mesh.hex	28	0x0004e0a4	0x000512aa	function-pointer	true
2	tmp/wch-evt/evt/QingkeV4B_CH32V203_EVT/EXAM/BLE/MESH/MESH_LIB/wchble_rom_mesh.hex	29	0x0004e0a8	0x0006630a	function-pointer	true
2	tmp/wch-evt/evt/QingkeV4B_CH32V203_EVT/EXAM/BLE/MESH/MESH_LIB/wchble_rom_mesh.hex	30	0x0004e0ac	0x0005ae64	function-pointer	true
2	tmp/wch-evt/evt/QingkeV4B_CH32V203_EVT/EXAM/BLE/MESH/MESH_LIB/wchble_rom_mesh.hex	31	0x0004e0b0	0x0005aef4	function-pointer	true
2	tmp/wch-evt/evt/QingkeV4B_CH32V203_EVT/EXAM/BLE/MESH/MESH_LIB/wchble_rom_mesh.hex	32	0x0004e0b4	0x0005af4e	function-pointer	true
2	tmp/wch-evt/evt/QingkeV4B_CH32V203_EVT/EXAM/BLE/MESH/MESH_LIB/wchble_rom_mesh.hex	33	0x0004e0b8	0x00051d9a	function-pointer	true
2	tmp/wch-evt/evt/QingkeV4B_CH32V203_EVT/EXAM/BLE/MESH/MESH_LIB/wchble_rom_mesh.hex	34	0x0004e0bc	0x00051dd8	function-pointer	true
2	tmp/wch-evt/evt/QingkeV4B_CH32V203_EVT/EXAM/BLE/MESH/MESH_LIB/wchble_rom_mesh.hex	35	0x0004e0c0	0x00051c58	function-pointer	true
2	tmp/wch-evt/evt/QingkeV4B_CH32V203_EVT/EXAM/BLE/MESH/MESH_LIB/wchble_rom_mesh.hex	36	0x0004e0c4	0x000570ce	function-pointer	true
2	tmp/wch-evt/evt/QingkeV4B_CH32V203_EVT/EXAM/BLE/MESH/MESH_LIB/wchble_rom_mesh.hex	37	0x0004e0c8	0x00056bf2	function-pointer	true
2	tmp/wch-evt/evt/QingkeV4B_CH32V203_EVT/EXAM/BLE/MESH/MESH_LIB/wchble_rom_mesh.hex	38	0x0004e0cc	0x20000a48	function-pointer	false
2	tmp/wch-evt/evt/QingkeV4B_CH32V203_EVT/EXAM/BLE/MESH/MESH_LIB/wchble_rom_mesh.hex	39	0x0004e0d0	0x00057d04	function-pointer	true
2	tmp/wch-evt/evt/QingkeV4B_CH32V203_EVT/EXAM/BLE/MESH/MESH_LIB/wchble_rom_mesh.hex	40	0x0004e0d4	0x0005806a	function-pointer	true
2	tmp/wch-evt/evt/QingkeV4B_CH32V203_EVT/EXAM/BLE/MESH/MESH_LIB/wchble_rom_mesh.hex	41	0x0004e0d8	0x00055f20	function-pointer	true
2	tmp/wch-evt/evt/QingkeV4B_CH32V203_EVT/EXAM/BLE/MESH/MESH_LIB/wchble_rom_mesh.hex	42	0x0004e0dc	0x00055ec4	function-pointer	true
2	tmp/wch-evt/evt/QingkeV4B_CH32V203_EVT/EXAM/BLE/MESH/MESH_LIB/wchble_rom_mesh.hex	43	0x0004e0e0	0x00056282	function-pointer	true
2	tmp/wch-evt/evt/QingkeV4B_CH32V203_EVT/EXAM/BLE/MESH/MESH_LIB/wchble_rom_mesh.hex	44	0x0004e0e4	0x00055f6c	function-pointer	true
2	tmp/wch-evt/evt/QingkeV4B_CH32V203_EVT/EXAM/BLE/MESH/MESH_LIB/wchble_rom_mesh.hex	45	0x0004e0e8	0x00055ea4	function-pointer	true
2	tmp/wch-evt/evt/QingkeV4B_CH32V203_EVT/EXAM/BLE/MESH/MESH_LIB/wchble_rom_mesh.hex	46	0x0004e0ec	0x00055f1a	function-pointer	true
2	tmp/wch-evt/evt/QingkeV4B_CH32V203_EVT/EXAM/BLE/MESH/MESH_LIB/wchble_rom_mesh.hex	47	0x0004e0f0	0x00055e5a	function-pointer	true
2	tmp/wch-evt/evt/QingkeV4B_CH32V203_EVT/EXAM/BLE/MESH/MESH_LIB/wchble_rom_mesh.hex	48	0x0004e0f4	0x00055fe4	function-pointer	true
2	tmp/wch-evt/evt/QingkeV4B_CH32V203_EVT/EXAM/BLE/MESH/MESH_LIB/wchble_rom_mesh.hex	49	0x0004e0f8	0x0005603c	function-pointer	true
2	tmp/wch-evt/evt/QingkeV4B_CH32V203_EVT/EXAM/BLE/MESH/MESH_LIB/wchble_rom_mesh.hex	50	0x0004e0fc	0x00055fec	function-pointer	true
2	tmp/wch-evt/evt/QingkeV4B_CH32V203_EVT/EXAM/BLE/MESH/MESH_LIB/wchble_rom_mesh.hex	51	0x0004e100	0x00055ff0	function-pointer	true
2	tmp/wch-evt/evt/QingkeV4B_CH32V203_EVT/EXAM/BLE/MESH/MESH_LIB/wchble_rom_mesh.hex	52	0x0004e104	0x00056086	function-pointer	true
2	tmp/wch-evt/evt/QingkeV4B_CH32V203_EVT/EXAM/BLE/MESH/MESH_LIB/wchble_rom_mesh.hex	53	0x0004e108	0x00056044	function-pointer	true
2	tmp/wch-evt/evt/QingkeV4B_CH32V203_EVT/EXAM/BLE/MESH/MESH_LIB/wchble_rom_mesh.hex	54	0x0004e10c	0x00056074	function-pointer	true
2	tmp/wch-evt/evt/QingkeV4B_CH32V203_EVT/EXAM/BLE/MESH/MESH_LIB/wchble_rom_mesh.hex	55	0x0004e110	0x0005652e	function-pointer	true
2	tmp/wch-evt/evt/QingkeV4B_CH32V203_EVT/EXAM/BLE/MESH/MESH_LIB/wchble_rom_mesh.hex	56	0x0004e114	0x00056532	function-pointer	true
2	tmp/wch-evt/evt/QingkeV4B_CH32V203_EVT/EXAM/BLE/MESH/MESH_LIB/wchble_rom_mesh.hex	57	0x0004e118	0x00055fe0	function-pointer	true
2	tmp/wch-evt/evt/QingkeV4B_CH32V203_EVT/EXAM/BLE/MESH/MESH_LIB/wchble_rom_mesh.hex	58	0x0004e11c	0x00055fe8	function-pointer	true
2	tmp/wch-evt/evt/QingkeV4B_CH32V203_EVT/EXAM/BLE/MESH/MESH_LIB/wchble_rom_mesh.hex	59	0x0004e120	0x00056084	function-pointer	true
2	tmp/wch-evt/evt/QingkeV4B_CH32V203_EVT/EXAM/BLE/MESH/MESH_LIB/wchble_rom_mesh.hex	60	0x0004e124	0x00056530	function-pointer	true
2	tmp/wch-evt/evt/QingkeV4B_CH32V203_EVT/EXAM/BLE/MESH/MESH_LIB/wchble_rom_mesh.hex	61	0x0004e128	0x00056132	function-pointer	true
2	tmp/wch-evt/evt/QingkeV4B_CH32V203_EVT/EXAM/BLE/MESH/MESH_LIB/wchble_rom_mesh.hex	62	0x0004e12c	0x0005668a	function-pointer	true
2	tmp/wch-evt/evt/QingkeV4B_CH32V203_EVT/EXAM/BLE/MESH/MESH_LIB/wchble_rom_mesh.hex	63	0x0004e130	0x00058dc4	function-pointer	true
2	tmp/wch-evt/evt/QingkeV4B_CH32V203_EVT/EXAM/BLE/MESH/MESH_LIB/wchble_rom_mesh.hex	64	0x0004e134	0x00058e38	function-pointer	true
2	tmp/wch-evt/evt/QingkeV4B_CH32V203_EVT/EXAM/BLE/MESH/MESH_LIB/wchble_rom_mesh.hex	65	0x0004e138	0x00058e72	function-pointer	true
2	tmp/wch-evt/evt/QingkeV4B_CH32V203_EVT/EXAM/BLE/MESH/MESH_LIB/wchble_rom_mesh.hex	66	0x0004e13c	0x0005731a	function-pointer	true
2	tmp/wch-evt/evt/QingkeV4B_CH32V203_EVT/EXAM/BLE/MESH/MESH_LIB/wchble_rom_mesh.hex	67	0x0004e140	0x0005732e	function-pointer	true
2	tmp/wch-evt/evt/QingkeV4B_CH32V203_EVT/EXAM/BLE/MESH/MESH_LIB/wchble_rom_mesh.hex	68	0x0004e144	0x00057362	function-pointer	true
2	tmp/wch-evt/evt/QingkeV4B_CH32V203_EVT/EXAM/BLE/MESH/MESH_LIB/wchble_rom_mesh.hex	69	0x0004e148	0x0005544c	function-pointer	true
2	tmp/wch-evt/evt/QingkeV4B_CH32V203_EVT/EXAM/BLE/MESH/MESH_LIB/wchble_rom_mesh.hex	70	0x0004e14c	0x00055672	function-pointer	true
2	tmp/wch-evt/evt/QingkeV4B_CH32V203_EVT/EXAM/BLE/MESH/MESH_LIB/wchble_rom_mesh.hex	71	0x0004e150	0x0005574e	function-pointer	true
2	tmp/wch-evt/evt/QingkeV4B_CH32V203_EVT/EXAM/BLE/MESH/MESH_LIB/wchble_rom_mesh.hex	72	0x0004e154	0x00053a86	function-pointer	true
2	tmp/wch-evt/evt/QingkeV4B_CH32V203_EVT/EXAM/BLE/MESH/MESH_LIB/wchble_rom_mesh.hex	73	0x0004e158	0x0005351c	function-pointer	true
2	tmp/wch-evt/evt/QingkeV4B_CH32V203_EVT/EXAM/BLE/MESH/MESH_LIB/wchble_rom_mesh.hex	74	0x0004e15c	0x00054b5a	function-pointer	true
2	tmp/wch-evt/evt/QingkeV4B_CH32V203_EVT/EXAM/BLE/MESH/MESH_LIB/wchble_rom_mesh.hex	75	0x0004e160	0x00053598	function-pointer	true
2	tmp/wch-evt/evt/QingkeV4B_CH32V203_EVT/EXAM/BLE/MESH/MESH_LIB/wchble_rom_mesh.hex	76	0x0004e164	0x000546d8	function-pointer	true
2	tmp/wch-evt/evt/QingkeV4B_CH32V203_EVT/EXAM/BLE/MESH/MESH_LIB/wchble_rom_mesh.hex	77	0x0004e168	0x0006c16e	function-pointer	true
2	tmp/wch-evt/evt/QingkeV4B_CH32V203_EVT/EXAM/BLE/MESH/MESH_LIB/wchble_rom_mesh.hex	78	0x0004e16c	0x0006ba12	function-pointer	true
2	tmp/wch-evt/evt/QingkeV4B_CH32V203_EVT/EXAM/BLE/MESH/MESH_LIB/wchble_rom_mesh.hex	79	0x0004e170	0x0006bed4	function-pointer	true
2	tmp/wch-evt/evt/QingkeV4B_CH32V203_EVT/EXAM/BLE/MESH/MESH_LIB/wchble_rom_mesh.hex	80	0x0004e174	0x0006d3e0	function-pointer	true
2	tmp/wch-evt/evt/QingkeV4B_CH32V203_EVT/EXAM/BLE/MESH/MESH_LIB/wchble_rom_mesh.hex	81	0x0004e178	0x0006d2cc	function-pointer	true
2	tmp/wch-evt/evt/QingkeV4B_CH32V203_EVT/EXAM/BLE/MESH/MESH_LIB/wchble_rom_mesh.hex	82	0x0004e17c	0x0006d63a	function-pointer	true
2	tmp/wch-evt/evt/QingkeV4B_CH32V203_EVT/EXAM/BLE/MESH/MESH_LIB/wchble_rom_mesh.hex	83	0x0004e180	0x0006d62a	function-pointer	true
2	tmp/wch-evt/evt/QingkeV4B_CH32V203_EVT/EXAM/BLE/MESH/MESH_LIB/wchble_rom_mesh.hex	84	0x0004e184	0x0006d632	function-pointer	true
2	tmp/wch-evt/evt/QingkeV4B_CH32V203_EVT/EXAM/BLE/MESH/MESH_LIB/wchble_rom_mesh.hex	85	0x0004e188	0x0006d674	function-pointer	true
2	tmp/wch-evt/evt/QingkeV4B_CH32V203_EVT/EXAM/BLE/MESH/MESH_LIB/wchble_rom_mesh.hex	86	0x0004e18c	0x0006ac6a	function-pointer	true
2	tmp/wch-evt/evt/QingkeV4B_CH32V203_EVT/EXAM/BLE/MESH/MESH_LIB/wchble_rom_mesh.hex	87	0x0004e190	0x00000000	function-pointer	false
2	tmp/wch-evt/evt/QingkeV4B_CH32V203_EVT/EXAM/BLE/MESH/MESH_LIB/wchble_rom_mesh.hex	88	0x0004e194	0x00000000	function-pointer	false
2	tmp/wch-evt/evt/QingkeV4B_CH32V203_EVT/EXAM/BLE/MESH/MESH_LIB/wchble_rom_mesh.hex	89	0x0004e198	0x00000000	function-pointer	false
2	tmp/wch-evt/evt/QingkeV4B_CH32V203_EVT/EXAM/BLE/MESH/MESH_LIB/wchble_rom_mesh.hex	90	0x0004e19c	0x00000000	function-pointer	false
2	tmp/wch-evt/evt/QingkeV4B_CH32V203_EVT/EXAM/BLE/MESH/MESH_LIB/wchble_rom_mesh.hex	91	0x0004e1a0	0x0006d6e4	function-pointer	true
2	tmp/wch-evt/evt/QingkeV4B_CH32V203_EVT/EXAM/BLE/MESH/MESH_LIB/wchble_rom_mesh.hex	92	0x0004e1a4	0x0006d0d2	function-pointer	true
2	tmp/wch-evt/evt/QingkeV4B_CH32V203_EVT/EXAM/BLE/MESH/MESH_LIB/wchble_rom_mesh.hex	93	0x0004e1a8	0x0006d070	function-pointer	true
2	tmp/wch-evt/evt/QingkeV4B_CH32V203_EVT/EXAM/BLE/MESH/MESH_LIB/wchble_rom_mesh.hex	94	0x0004e1ac	0x00000000	function-pointer	false
2	tmp/wch-evt/evt/QingkeV4B_CH32V203_EVT/EXAM/BLE/MESH/MESH_LIB/wchble_rom_mesh.hex	95	0x0004e1b0	0x00000000	function-pointer	false
2	tmp/wch-evt/evt/QingkeV4B_CH32V203_EVT/EXAM/BLE/MESH/MESH_LIB/wchble_rom_mesh.hex	96	0x0004e1b4	0x00000000	function-pointer	false
2	tmp/wch-evt/evt/QingkeV4B_CH32V203_EVT/EXAM/BLE/MESH/MESH_LIB/wchble_rom_mesh.hex	97	0x0004e1b8	0x00000000	function-pointer	false
2	tmp/wch-evt/evt/QingkeV4B_CH32V203_EVT/EXAM/BLE/MESH/MESH_LIB/wchble_rom_mesh.hex	98	0x0004e1bc	0x00000000	function-pointer	false
2	tmp/wch-evt/evt/QingkeV4B_CH32V203_EVT/EXAM/BLE/MESH/MESH_LIB/wchble_rom_mesh.hex	99	0x0004e1c0	0x00067be8	function-pointer	true
2	tmp/wch-evt/evt/QingkeV4B_CH32V203_EVT/EXAM/BLE/MESH/MESH_LIB/wchble_rom_mesh.hex	100	0x0004e1c4	0x00066b0e	function-pointer	true
2	tmp/wch-evt/evt/QingkeV4B_CH32V203_EVT/EXAM/BLE/MESH/MESH_LIB/wchble_rom_mesh.hex	101	0x0004e1c8	0x00066e64	function-pointer	true
2	tmp/wch-evt/evt/QingkeV4B_CH32V203_EVT/EXAM/BLE/MESH/MESH_LIB/wchble_rom_mesh.hex	102	0x0004e1cc	0x00066c4c	function-pointer	true
2	tmp/wch-evt/evt/QingkeV4B_CH32V203_EVT/EXAM/BLE/MESH/MESH_LIB/wchble_rom_mesh.hex	103	0x0004e1d0	0x00067626	function-pointer	true
2	tmp/wch-evt/evt/QingkeV4B_CH32V203_EVT/EXAM/BLE/MESH/MESH_LIB/wchble_rom_mesh.hex	104	0x0004e1d4	0x00069362	function-pointer	true
2	tmp/wch-evt/evt/QingkeV4B_CH32V203_EVT/EXAM/BLE/MESH/MESH_LIB/wchble_rom_mesh.hex	105	0x0004e1d8	0x00000000	function-pointer	false
2	tmp/wch-evt/evt/QingkeV4B_CH32V203_EVT/EXAM/BLE/MESH/MESH_LIB/wchble_rom_mesh.hex	106	0x0004e1dc	0x0006ac9e	function-pointer	true
2	tmp/wch-evt/evt/QingkeV4B_CH32V203_EVT/EXAM/BLE/MESH/MESH_LIB/wchble_rom_mesh.hex	107	0x0004e1e0	0x000516f6	function-pointer	true
2	tmp/wch-evt/evt/QingkeV4B_CH32V203_EVT/EXAM/BLE/MESH/MESH_LIB/wchble_rom_mesh.hex	108	0x0004e1e4	0x00065d24	function-pointer	true
2	tmp/wch-evt/evt/QingkeV4B_CH32V203_EVT/EXAM/BLE/MESH/MESH_LIB/wchble_rom_mesh.hex	109	0x0004e1e8	0x000662ea	function-pointer	true
2	tmp/wch-evt/evt/QingkeV4B_CH32V203_EVT/EXAM/BLE/MESH/MESH_LIB/wchble_rom_mesh.hex	110	0x0004e1ec	0x000663e2	function-pointer	true
2	tmp/wch-evt/evt/QingkeV4B_CH32V203_EVT/EXAM/BLE/MESH/MESH_LIB/wchble_rom_mesh.hex	111	0x0004e1f0	0x00000000	function-pointer	false
2	tmp/wch-evt/evt/QingkeV4B_CH32V203_EVT/EXAM/BLE/MESH/MESH_LIB/wchble_rom_mesh.hex	112	0x0004e1f4	0x00000000	function-pointer	false
2	tmp/wch-evt/evt/QingkeV4B_CH32V203_EVT/EXAM/BLE/MESH/MESH_LIB/wchble_rom_mesh.hex	113	0x0004e1f8	0x00000000	function-pointer	false
2	tmp/wch-evt/evt/QingkeV4B_CH32V203_EVT/EXAM/BLE/MESH/MESH_LIB/wchble_rom_mesh.hex	114	0x0004e1fc	0x000576de	function-pointer	true
2	tmp/wch-evt/evt/QingkeV4B_CH32V203_EVT/EXAM/BLE/MESH/MESH_LIB/wchble_rom_mesh.hex	115	0x0004e200	0x00067b26	function-pointer	true
2	tmp/wch-evt/evt/QingkeV4B_CH32V203_EVT/EXAM/BLE/MESH/MESH_LIB/wchble_rom_mesh.hex	116	0x0004e204	0x00000000	function-pointer	false
2	tmp/wch-evt/evt/QingkeV4B_CH32V203_EVT/EXAM/BLE/MESH/MESH_LIB/wchble_rom_mesh.hex	117	0x0004e208	0x00000000	function-pointer	false
2	tmp/wch-evt/evt/QingkeV4B_CH32V203_EVT/EXAM/BLE/MESH/MESH_LIB/wchble_rom_mesh.hex	118	0x0004e20c	0x00000000	function-pointer	false
2	tmp/wch-evt/evt/QingkeV4B_CH32V203_EVT/EXAM/BLE/MESH/MESH_LIB/wchble_rom_mesh.hex	119	0x0004e210	0x00066abe	function-pointer	true
2	tmp/wch-evt/evt/QingkeV4B_CH32V203_EVT/EXAM/BLE/MESH/MESH_LIB/wchble_rom_mesh.hex	120	0x0004e214	0x200009ba	function-pointer	false
2	tmp/wch-evt/evt/QingkeV4B_CH32V203_EVT/EXAM/BLE/MESH/MESH_LIB/wchble_rom_mesh.hex	121	0x0004e218	0x00065d90	function-pointer	true
2	tmp/wch-evt/evt/QingkeV4B_CH32V203_EVT/EXAM/BLE/MESH/MESH_LIB/wchble_rom_mesh.hex	122	0x0004e21c	0x0006d660	function-pointer	true
2	tmp/wch-evt/evt/QingkeV4B_CH32V203_EVT/EXAM/BLE/MESH/MESH_LIB/wchble_rom_mesh.hex	123	0x0004e220	0x00000000	function-pointer	false
2	tmp/wch-evt/evt/QingkeV4B_CH32V203_EVT/EXAM/BLE/MESH/MESH_LIB/wchble_rom_mesh.hex	124	0x0004e224	0x00000000	function-pointer	false
2	tmp/wch-evt/evt/QingkeV4B_CH32V203_EVT/EXAM/BLE/MESH/MESH_LIB/wchble_rom_mesh.hex	125	0x0004e228	0x0006d62e	function-pointer	true
2	tmp/wch-evt/evt/QingkeV4B_CH32V203_EVT/EXAM/BLE/MESH/MESH_LIB/wchble_rom_mesh.hex	126	0x0004e22c	0x00050f5e	function-pointer	true
2	tmp/wch-evt/evt/QingkeV4B_CH32V203_EVT/EXAM/BLE/MESH/MESH_LIB/wchble_rom_mesh.hex	127	0x0004e230	0x00057452	function-pointer	true
2	tmp/wch-evt/evt/QingkeV4B_CH32V203_EVT/EXAM/BLE/MESH/MESH_LIB/wchble_rom_mesh.hex	128	0x0004e234	0x0006d668	function-pointer	true
2	tmp/wch-evt/evt/QingkeV4B_CH32V203_EVT/EXAM/BLE/MESH/MESH_LIB/wchble_rom_mesh.hex	129	0x0004e238	0x00067dd4	function-pointer	true
2	tmp/wch-evt/evt/QingkeV4B_CH32V203_EVT/EXAM/BLE/MESH/MESH_LIB/wchble_rom_mesh.hex	130	0x0004e23c	0x00067f38	function-pointer	true
2	tmp/wch-evt/evt/QingkeV4B_CH32V203_EVT/EXAM/BLE/MESH/MESH_LIB/wchble_rom_mesh.hex	131	0x0004e240	0x00067fa4	function-pointer	true
2	tmp/wch-evt/evt/QingkeV4B_CH32V203_EVT/EXAM/BLE/MESH/MESH_LIB/wchble_rom_mesh.hex	132	0x0004e244	0x0006bf1a	function-pointer	true
2	tmp/wch-evt/evt/QingkeV4B_CH32V203_EVT/EXAM/BLE/MESH/MESH_LIB/wchble_rom_mesh.hex	133	0x0004e248	0x0006d664	function-pointer	true
2	tmp/wch-evt/evt/QingkeV4B_CH32V203_EVT/EXAM/BLE/MESH/MESH_LIB/wchble_rom_mesh.hex	134	0x0004e24c	0x0006d66c	function-pointer	true
2	tmp/wch-evt/evt/QingkeV4B_CH32V203_EVT/EXAM/BLE/MESH/MESH_LIB/wchble_rom_mesh.hex	135	0x0004e250	0x00060b34	function-pointer	true
2	tmp/wch-evt/evt/QingkeV4B_CH32V203_EVT/EXAM/BLE/MESH/MESH_LIB/wchble_rom_mesh.hex	136	0x0004e254	0x0006d670	function-pointer	true
2	tmp/wch-evt/evt/QingkeV4B_CH32V203_EVT/EXAM/BLE/MESH/MESH_LIB/wchble_rom_mesh.hex	139	0x0004e260	0x00000000	function-pointer	false
2	tmp/wch-evt/evt/QingkeV4B_CH32V203_EVT/EXAM/BLE/MESH/MESH_LIB/wchble_rom_mesh.hex	140	0x0004e264	0x00000000	function-pointer	false
2	tmp/wch-evt/evt/QingkeV4B_CH32V203_EVT/EXAM/BLE/MESH/MESH_LIB/wchble_rom_mesh.hex	141	0x0004e268	0x00000000	function-pointer	false
2	tmp/wch-evt/evt/QingkeV4B_CH32V203_EVT/EXAM/BLE/MESH/MESH_LIB/wchble_rom_mesh.hex	142	0x0004e26c	0x00000000	function-pointer	false
2	tmp/wch-evt/evt/QingkeV4B_CH32V203_EVT/EXAM/BLE/MESH/MESH_LIB/wchble_rom_mesh.hex	143	0x0004e270	0x00000000	function-pointer	false
2	tmp/wch-evt/evt/QingkeV4B_CH32V203_EVT/EXAM/BLE/MESH/MESH_LIB/wchble_rom_mesh.hex	144	0x0004e274	0x00000000	function-pointer	false
2	tmp/wch-evt/evt/QingkeV4B_CH32V203_EVT/EXAM/BLE/MESH/MESH_LIB/wchble_rom_mesh.hex	145	0x0004e278	0x00000000	function-pointer	false
2	tmp/wch-evt/evt/QingkeV4B_CH32V203_EVT/EXAM/BLE/MESH/MESH_LIB/wchble_rom_mesh.hex	146	0x0004e27c	0x00000000	function-pointer	false
2	tmp/wch-evt/evt/QingkeV4B_CH32V203_EVT/EXAM/BLE/MESH/MESH_LIB/wchble_rom_mesh.hex	147	0x0004e280	0x00b67363	function-pointer	false
2	tmp/wch-evt/evt/QingkeV4B_CH32V203_EVT/EXAM/BLE/MESH/MESH_LIB/wchble_rom_mesh.hex	148	0x0004e284	0x411c8082	function-pointer	false
2	tmp/wch-evt/evt/QingkeV4C_CH32V20x_EVT/EXAM/BLE/LIB/wchble_rom.hex	0	0x00040034	0x0006e890	data-pointer	false
2	tmp/wch-evt/evt/QingkeV4C_CH32V20x_EVT/EXAM/BLE/LIB/wchble_rom.hex	1	0x00040038	0x00043434	function-pointer	true
2	tmp/wch-evt/evt/QingkeV4C_CH32V20x_EVT/EXAM/BLE/LIB/wchble_rom.hex	2	0x0004003c	0x20000442	function-pointer	false
2	tmp/wch-evt/evt/QingkeV4C_CH32V20x_EVT/EXAM/BLE/LIB/wchble_rom.hex	3	0x00040040	0x200004bc	function-pointer	false
2	tmp/wch-evt/evt/QingkeV4C_CH32V20x_EVT/EXAM/BLE/LIB/wchble_rom.hex	4	0x00040044	0x200003ca	function-pointer	false
2	tmp/wch-evt/evt/QingkeV4C_CH32V20x_EVT/EXAM/BLE/LIB/wchble_rom.hex	5	0x00040048	0x2000039c	function-pointer	false
2	tmp/wch-evt/evt/QingkeV4C_CH32V20x_EVT/EXAM/BLE/LIB/wchble_rom.hex	6	0x0004004c	0x20000332	function-pointer	false
2	tmp/wch-evt/evt/QingkeV4C_CH32V20x_EVT/EXAM/BLE/LIB/wchble_rom.hex	7	0x00040050	0x000435d6	function-pointer	true
2	tmp/wch-evt/evt/QingkeV4C_CH32V20x_EVT/EXAM/BLE/LIB/wchble_rom.hex	8	0x00040054	0x00043616	function-pointer	true
2	tmp/wch-evt/evt/QingkeV4C_CH32V20x_EVT/EXAM/BLE/LIB/wchble_rom.hex	9	0x00040058	0x000437b4	function-pointer	true
2	tmp/wch-evt/evt/QingkeV4C_CH32V20x_EVT/EXAM/BLE/LIB/wchble_rom.hex	10	0x0004005c	0x00043a34	function-pointer	true
2	tmp/wch-evt/evt/QingkeV4C_CH32V20x_EVT/EXAM/BLE/LIB/wchble_rom.hex	11	0x00040060	0x00043b18	function-pointer	true
2	tmp/wch-evt/evt/QingkeV4C_CH32V20x_EVT/EXAM/BLE/LIB/wchble_rom.hex	12	0x00040064	0x00043294	function-pointer	true
2	tmp/wch-evt/evt/QingkeV4C_CH32V20x_EVT/EXAM/BLE/LIB/wchble_rom.hex	13	0x00040068	0x00043246	function-pointer	true
2	tmp/wch-evt/evt/QingkeV4C_CH32V20x_EVT/EXAM/BLE/LIB/wchble_rom.hex	14	0x0004006c	0x2000028c	function-pointer	false
2	tmp/wch-evt/evt/QingkeV4C_CH32V20x_EVT/EXAM/BLE/LIB/wchble_rom.hex	15	0x00040070	0x20000236	function-pointer	false
2	tmp/wch-evt/evt/QingkeV4C_CH32V20x_EVT/EXAM/BLE/LIB/wchble_rom.hex	16	0x00040074	0x00043fd2	function-pointer	true
2	tmp/wch-evt/evt/QingkeV4C_CH32V20x_EVT/EXAM/BLE/LIB/wchble_rom.hex	18	0x0004007c	0x000435ac	function-pointer	true
2	tmp/wch-evt/evt/QingkeV4C_CH32V20x_EVT/EXAM/BLE/LIB/wchble_rom.hex	19	0x00040080	0x00043cda	function-pointer	true
2	tmp/wch-evt/evt/QingkeV4C_CH32V20x_EVT/EXAM/BLE/LIB/wchble_rom.hex	20	0x00040084	0x0006847a	function-pointer	true
2	tmp/wch-evt/evt/QingkeV4C_CH32V20x_EVT/EXAM/BLE/LIB/wchble_rom.hex	21	0x00040088	0x0006865c	function-pointer	true
2	tmp/wch-evt/evt/QingkeV4C_CH32V20x_EVT/EXAM/BLE/LIB/wchble_rom.hex	22	0x0004008c	0x000686c8	function-pointer	true
2	tmp/wch-evt/evt/QingkeV4C_CH32V20x_EVT/EXAM/BLE/LIB/wchble_rom.hex	23	0x00040090	0x0006397a	function-pointer	true
2	tmp/wch-evt/evt/QingkeV4C_CH32V20x_EVT/EXAM/BLE/LIB/wchble_rom.hex	24	0x00040094	0x000639b2	function-pointer	true
2	tmp/wch-evt/evt/QingkeV4C_CH32V20x_EVT/EXAM/BLE/LIB/wchble_rom.hex	25	0x00040098	0x00056a14	function-pointer	true
2	tmp/wch-evt/evt/QingkeV4C_CH32V20x_EVT/EXAM/BLE/LIB/wchble_rom.hex	26	0x0004009c	0x00055d88	function-pointer	true
2	tmp/wch-evt/evt/QingkeV4C_CH32V20x_EVT/EXAM/BLE/LIB/wchble_rom.hex	27	0x000400a0	0x00067ed8	function-pointer	true
2	tmp/wch-evt/evt/QingkeV4C_CH32V20x_EVT/EXAM/BLE/LIB/wchble_rom.hex	28	0x000400a4	0x00043d0a	function-pointer	true
2	tmp/wch-evt/evt/QingkeV4C_CH32V20x_EVT/EXAM/BLE/LIB/wchble_rom.hex	29	0x000400a8	0x000641c2	function-pointer	true
2	tmp/wch-evt/evt/QingkeV4C_CH32V20x_EVT/EXAM/BLE/LIB/wchble_rom.hex	30	0x000400ac	0x0004f07a	function-pointer	true
2	tmp/wch-evt/evt/QingkeV4C_CH32V20x_EVT/EXAM/BLE/LIB/wchble_rom.hex	31	0x000400b0	0x0004f10a	function-pointer	true
2	tmp/wch-evt/evt/QingkeV4C_CH32V20x_EVT/EXAM/BLE/LIB/wchble_rom.hex	32	0x000400b4	0x0004f164	function-pointer	true
2	tmp/wch-evt/evt/QingkeV4C_CH32V20x_EVT/EXAM/BLE/LIB/wchble_rom.hex	33	0x000400b8	0x000447fa	function-pointer	true
2	tmp/wch-evt/evt/QingkeV4C_CH32V20x_EVT/EXAM/BLE/LIB/wchble_rom.hex	34	0x000400bc	0x00044838	function-pointer	true
2	tmp/wch-evt/evt/QingkeV4C_CH32V20x_EVT/EXAM/BLE/LIB/wchble_rom.hex	35	0x000400c0	0x000446b8	function-pointer	true
2	tmp/wch-evt/evt/QingkeV4C_CH32V20x_EVT/EXAM/BLE/LIB/wchble_rom.hex	36	0x000400c4	0x0004b2a2	function-pointer	true
2	tmp/wch-evt/evt/QingkeV4C_CH32V20x_EVT/EXAM/BLE/LIB/wchble_rom.hex	37	0x000400c8	0x0004adbe	function-pointer	true
2	tmp/wch-evt/evt/QingkeV4C_CH32V20x_EVT/EXAM/BLE/LIB/wchble_rom.hex	38	0x000400cc	0x20000a48	function-pointer	false
2	tmp/wch-evt/evt/QingkeV4C_CH32V20x_EVT/EXAM/BLE/LIB/wchble_rom.hex	39	0x000400d0	0x0004bef6	function-pointer	true
2	tmp/wch-evt/evt/QingkeV4C_CH32V20x_EVT/EXAM/BLE/LIB/wchble_rom.hex	40	0x000400d4	0x0004c25c	function-pointer	true
2	tmp/wch-evt/evt/QingkeV4C_CH32V20x_EVT/EXAM/BLE/LIB/wchble_rom.hex	41	0x000400d8	0x0004a0de	function-pointer	true
2	tmp/wch-evt/evt/QingkeV4C_CH32V20x_EVT/EXAM/BLE/LIB/wchble_rom.hex	42	0x000400dc	0x0004a080	function-pointer	true
2	tmp/wch-evt/evt/QingkeV4C_CH32V20x_EVT/EXAM/BLE/LIB/wchble_rom.hex	43	0x000400e0	0x0004a442	function-pointer	true
2	tmp/wch-evt/evt/QingkeV4C_CH32V20x_EVT/EXAM/BLE/LIB/wchble_rom.hex	44	0x000400e4	0x0004a12a	function-pointer	true
2	tmp/wch-evt/evt/QingkeV4C_CH32V20x_EVT/EXAM/BLE/LIB/wchble_rom.hex	45	0x000400e8	0x0004a05e	function-pointer	true
2	tmp/wch-evt/evt/QingkeV4C_CH32V20x_EVT/EXAM/BLE/LIB/wchble_rom.hex	46	0x000400ec	0x0004a0d6	function-pointer	true
2	tmp/wch-evt/evt/QingkeV4C_CH32V20x_EVT/EXAM/BLE/LIB/wchble_rom.hex	47	0x000400f0	0x0004a014	function-pointer	true
2	tmp/wch-evt/evt/QingkeV4C_CH32V20x_EVT/EXAM/BLE/LIB/wchble_rom.hex	48	0x000400f4	0x0004a1a4	function-pointer	true
2	tmp/wch-evt/evt/QingkeV4C_CH32V20x_EVT/EXAM/BLE/LIB/wchble_rom.hex	49	0x000400f8	0x0004a1fc	function-pointer	true
2	tmp/wch-evt/evt/QingkeV4C_CH32V20x_EVT/EXAM/BLE/LIB/wchble_rom.hex	50	0x000400fc	0x0004a1ac	function-pointer	true
2	tmp/wch-evt/evt/QingkeV4C_CH32V20x_EVT/EXAM/BLE/LIB/wchble_rom.hex	51	0x00040100	0x0004a1b0	function-pointer	true
2	tmp/wch-evt/evt/QingkeV4C_CH32V20x_EVT/EXAM/BLE/LIB/wchble_rom.hex	52	0x00040104	0x0004a246	function-pointer	true
2	tmp/wch-evt/evt/QingkeV4C_CH32V20x_EVT/EXAM/BLE/LIB/wchble_rom.hex	53	0x00040108	0x0004a204	function-pointer	true
2	tmp/wch-evt/evt/QingkeV4C_CH32V20x_EVT/EXAM/BLE/LIB/wchble_rom.hex	54	0x0004010c	0x0004a234	function-pointer	true
2	tmp/wch-evt/evt/QingkeV4C_CH32V20x_EVT/EXAM/BLE/LIB/wchble_rom.hex	55	0x00040110	0x0004a6f4	function-pointer	true
2	tmp/wch-evt/evt/QingkeV4C_CH32V20x_EVT/EXAM/BLE/LIB/wchble_rom.hex	56	0x00040114	0x0004a6f8	function-pointer	true
2	tmp/wch-evt/evt/QingkeV4C_CH32V20x_EVT/EXAM/BLE/LIB/wchble_rom.hex	57	0x00040118	0x0004a1a0	function-pointer	true
2	tmp/wch-evt/evt/QingkeV4C_CH32V20x_EVT/EXAM/BLE/LIB/wchble_rom.hex	58	0x0004011c	0x0004a1a8	function-pointer	true
2	tmp/wch-evt/evt/QingkeV4C_CH32V20x_EVT/EXAM/BLE/LIB/wchble_rom.hex	59	0x00040120	0x0004a244	function-pointer	true
2	tmp/wch-evt/evt/QingkeV4C_CH32V20x_EVT/EXAM/BLE/LIB/wchble_rom.hex	60	0x00040124	0x0004a6f6	function-pointer	true
2	tmp/wch-evt/evt/QingkeV4C_CH32V20x_EVT/EXAM/BLE/LIB/wchble_rom.hex	61	0x00040128	0x0004a2f2	function-pointer	true
2	tmp/wch-evt/evt/QingkeV4C_CH32V20x_EVT/EXAM/BLE/LIB/wchble_rom.hex	62	0x0004012c	0x0004a852	function-pointer	true
2	tmp/wch-evt/evt/QingkeV4C_CH32V20x_EVT/EXAM/BLE/LIB/wchble_rom.hex	63	0x00040130	0x0004cfba	function-pointer	true
2	tmp/wch-evt/evt/QingkeV4C_CH32V20x_EVT/EXAM/BLE/LIB/wchble_rom.hex	64	0x00040134	0x0004d02e	function-pointer	true
2	tmp/wch-evt/evt/QingkeV4C_CH32V20x_EVT/EXAM/BLE/LIB/wchble_rom.hex	65	0x00040138	0x0004d068	function-pointer	true
2	tmp/wch-evt/evt/QingkeV4C_CH32V20x_EVT/EXAM/BLE/LIB/wchble_rom.hex	66	0x0004013c	0x0004b4ee	function-pointer	true
2	tmp/wch-evt/evt/QingkeV4C_CH32V20x_EVT/EXAM/BLE/LIB/wchble_rom.hex	67	0x00040140	0x0004b504	function-pointer	true
2	tmp/wch-evt/evt/QingkeV4C_CH32V20x_EVT/EXAM/BLE/LIB/wchble_rom.hex	68	0x00040144	0x0004b53c	function-pointer	true
2	tmp/wch-evt/evt/QingkeV4C_CH32V20x_EVT/EXAM/BLE/LIB/wchble_rom.hex	69	0x00040148	0x00049586	function-pointer	true
2	tmp/wch-evt/evt/QingkeV4C_CH32V20x_EVT/EXAM/BLE/LIB/wchble_rom.hex	70	0x0004014c	0x000497ac	function-pointer	true
2	tmp/wch-evt/evt/QingkeV4C_CH32V20x_EVT/EXAM/BLE/LIB/wchble_rom.hex	71	0x00040150	0x00049888	function-pointer	true
2	tmp/wch-evt/evt/QingkeV4C_CH32V20x_EVT/EXAM/BLE/LIB/wchble_rom.hex	72	0x00040154	0x0004659e	function-pointer	true
2	tmp/wch-evt/evt/QingkeV4C_CH32V20x_EVT/EXAM/BLE/LIB/wchble_rom.hex	73	0x00040158	0x00046034	function-pointer	true
2	tmp/wch-evt/evt/QingkeV4C_CH32V20x_EVT/EXAM/BLE/LIB/wchble_rom.hex	74	0x0004015c	0x00048b9a	function-pointer	true
2	tmp/wch-evt/evt/QingkeV4C_CH32V20x_EVT/EXAM/BLE/LIB/wchble_rom.hex	75	0x00040160	0x000460b0	function-pointer	true
2	tmp/wch-evt/evt/QingkeV4C_CH32V20x_EVT/EXAM/BLE/LIB/wchble_rom.hex	76	0x00040164	0x000486e2	function-pointer	true
2	tmp/wch-evt/evt/QingkeV4C_CH32V20x_EVT/EXAM/BLE/LIB/wchble_rom.hex	77	0x00040168	0x0006c5c2	function-pointer	true
2	tmp/wch-evt/evt/QingkeV4C_CH32V20x_EVT/EXAM/BLE/LIB/wchble_rom.hex	78	0x0004016c	0x0006be12	function-pointer	true
2	tmp/wch-evt/evt/QingkeV4C_CH32V20x_EVT/EXAM/BLE/LIB/wchble_rom.hex	79	0x00040170	0x0006c2fe	function-pointer	true
2	tmp/wch-evt/evt/QingkeV4C_CH32V20x_EVT/EXAM/BLE/LIB/wchble_rom.hex	80	0x00040174	0x0006da20	function-pointer	true
2	tmp/wch-evt/evt/QingkeV4C_CH32V20x_EVT/EXAM/BLE/LIB/wchble_rom.hex	81	0x00040178	0x0006d8ec	function-pointer	true
2	tmp/wch-evt/evt/QingkeV4C_CH32V20x_EVT/EXAM/BLE/LIB/wchble_rom.hex	82	0x0004017c	0x0006dd4a	function-pointer	true
2	tmp/wch-evt/evt/QingkeV4C_CH32V20x_EVT/EXAM/BLE/LIB/wchble_rom.hex	83	0x00040180	0x0006dd06	function-pointer	true
2	tmp/wch-evt/evt/QingkeV4C_CH32V20x_EVT/EXAM/BLE/LIB/wchble_rom.hex	84	0x00040184	0x0006dd42	function-pointer	true
2	tmp/wch-evt/evt/QingkeV4C_CH32V20x_EVT/EXAM/BLE/LIB/wchble_rom.hex	85	0x00040188	0x0006de96	function-pointer	true
2	tmp/wch-evt/evt/QingkeV4C_CH32V20x_EVT/EXAM/BLE/LIB/wchble_rom.hex	86	0x0004018c	0x0006acee	function-pointer	true
2	tmp/wch-evt/evt/QingkeV4C_CH32V20x_EVT/EXAM/BLE/LIB/wchble_rom.hex	87	0x00040190	0x0006de26	function-pointer	true
2	tmp/wch-evt/evt/QingkeV4C_CH32V20x_EVT/EXAM/BLE/LIB/wchble_rom.hex	88	0x00040194	0x0006d07c	function-pointer	true
2	tmp/wch-evt/evt/QingkeV4C_CH32V20x_EVT/EXAM/BLE/LIB/wchble_rom.hex	89	0x00040198	0x0006d0a2	function-pointer	true
2	tmp/wch-evt/evt/QingkeV4C_CH32V20x_EVT/EXAM/BLE/LIB/wchble_rom.hex	90	0x0004019c	0x0006d0c2	function-pointer	true
2	tmp/wch-evt/evt/QingkeV4C_CH32V20x_EVT/EXAM/BLE/LIB/wchble_rom.hex	91	0x000401a0	0x0006df06	function-pointer	true
2	tmp/wch-evt/evt/QingkeV4C_CH32V20x_EVT/EXAM/BLE/LIB/wchble_rom.hex	92	0x000401a4	0x0006d6f2	function-pointer	true
2	tmp/wch-evt/evt/QingkeV4C_CH32V20x_EVT/EXAM/BLE/LIB/wchble_rom.hex	93	0x000401a8	0x0006d690	function-pointer	true
2	tmp/wch-evt/evt/QingkeV4C_CH32V20x_EVT/EXAM/BLE/LIB/wchble_rom.hex	94	0x000401ac	0x0006df76	function-pointer	true
2	tmp/wch-evt/evt/QingkeV4C_CH32V20x_EVT/EXAM/BLE/LIB/wchble_rom.hex	95	0x000401b0	0x0006af72	function-pointer	true
2	tmp/wch-evt/evt/QingkeV4C_CH32V20x_EVT/EXAM/BLE/LIB/wchble_rom.hex	96	0x000401b4	0x0006b006	function-pointer	true
2	tmp/wch-evt/evt/QingkeV4C_CH32V20x_EVT/EXAM/BLE/LIB/wchble_rom.hex	97	0x000401b8	0x0006b026	function-pointer	true
2	tmp/wch-evt/evt/QingkeV4C_CH32V20x_EVT/EXAM/BLE/LIB/wchble_rom.hex	98	0x000401bc	0x0006afd8	function-pointer	true
2	tmp/wch-evt/evt/QingkeV4C_CH32V20x_EVT/EXAM/BLE/LIB/wchble_rom.hex	99	0x000401c0	0x00066194	function-pointer	true
2	tmp/wch-evt/evt/QingkeV4C_CH32V20x_EVT/EXAM/BLE/LIB/wchble_rom.hex	100	0x000401c4	0x00064c98	function-pointer	true
2	tmp/wch-evt/evt/QingkeV4C_CH32V20x_EVT/EXAM/BLE/LIB/wchble_rom.hex	101	0x000401c8	0x00064fee	function-pointer	true
2	tmp/wch-evt/evt/QingkeV4C_CH32V20x_EVT/EXAM/BLE/LIB/wchble_rom.hex	102	0x000401cc	0x00064dd6	function-pointer	true
2	tmp/wch-evt/evt/QingkeV4C_CH32V20x_EVT/EXAM/BLE/LIB/wchble_rom.hex	103	0x000401d0	0x000657b0	function-pointer	true
2	tmp/wch-evt/evt/QingkeV4C_CH32V20x_EVT/EXAM/BLE/LIB/wchble_rom.hex	104	0x000401d4	0x00067f30	function-pointer	true
2	tmp/wch-evt/evt/QingkeV4C_CH32V20x_EVT/EXAM/BLE/LIB/wchble_rom.hex	105	0x000401d8	0x00067e72	function-pointer	true
2	tmp/wch-evt/evt/QingkeV4C_CH32V20x_EVT/EXAM/BLE/LIB/wchble_rom.hex	106	0x000401dc	0x0006ad22	function-pointer	true
2	tmp/wch-evt/evt/QingkeV4C_CH32V20x_EVT/EXAM/BLE/LIB/wchble_rom.hex	107	0x000401e0	0x00044156	function-pointer	true
2	tmp/wch-evt/evt/QingkeV4C_CH32V20x_EVT/EXAM/BLE/LIB/wchble_rom.hex	108	0x000401e4	0x000639c2	function-pointer	true
2	tmp/wch-evt/evt/QingkeV4C_CH32V20x_EVT/EXAM/BLE/LIB/wchble_rom.hex	109	0x000401e8	0x000641a2	function-pointer	true
2	tmp/wch-evt/evt/QingkeV4C_CH32V20x_EVT/EXAM/BLE/LIB/wchble_rom.hex	110	0x000401ec	0x0006429a	function-pointer	true
2	tmp/wch-evt/evt/QingkeV4C_CH32V20x_EVT/EXAM/BLE/LIB/wchble_rom.hex	111	0x000401f0	0x0006753a	function-pointer	true
2	tmp/wch-evt/evt/QingkeV4C_CH32V20x_EVT/EXAM/BLE/LIB/wchble_rom.hex	112	0x000401f4	0x000675c6	function-pointer	true
2	tmp/wch-evt/evt/QingkeV4C_CH32V20x_EVT/EXAM/BLE/LIB/wchble_rom.hex	113	0x000401f8	0x00067748	function-pointer	true
2	tmp/wch-evt/evt/QingkeV4C_CH32V20x_EVT/EXAM/BLE/LIB/wchble_rom.hex	114	0x000401fc	0x0004b8c8	function-pointer	true
2	tmp/wch-evt/evt/QingkeV4C_CH32V20x_EVT/EXAM/BLE/LIB/wchble_rom.hex	115	0x00040200	0x0006607e	function-pointer	true
2	tmp/wch-evt/evt/QingkeV4C_CH32V20x_EVT/EXAM/BLE/LIB/wchble_rom.hex	116	0x00040204	0x00065844	function-pointer	true
2	tmp/wch-evt/evt/QingkeV4C_CH32V20x_EVT/EXAM/BLE/LIB/wchble_rom.hex	117	0x00040208	0x00064a74	function-pointer	true
2	tmp/wch-evt/evt/QingkeV4C_CH32V20x_EVT/EXAM/BLE/LIB/wchble_rom.hex	118	0x0004020c	0x00065b02	function-pointer	true
2	tmp/wch-evt/evt/QingkeV4C_CH32V20x_EVT/EXAM/BLE/LIB/wchble_rom.hex	119	0x00040210	0x00064c48	function-pointer	true
2	tmp/wch-evt/evt/QingkeV4C_CH32V20x_EVT/EXAM/BLE/LIB/wchble_rom.hex	120	0x00040214	0x200009ba	function-pointer	false
2	tmp/wch-evt/evt/QingkeV4C_CH32V20x_EVT/EXAM/BLE/LIB/wchble_rom.hex	121	0x00040218	0x00063a2e	function-pointer	true
2	tmp/wch-evt/evt/QingkeV4C_CH32V20x_EVT/EXAM/BLE/LIB/wchble_rom.hex	122	0x0004021c	0x0006dd70	function-pointer	true
2	tmp/wch-evt/evt/QingkeV4C_CH32V20x_EVT/EXAM/BLE/LIB/wchble_rom.hex	123	0x00040220	0x0006dd0a	function-pointer	true
2	tmp/wch-evt/evt/QingkeV4C_CH32V20x_EVT/EXAM/BLE/LIB/wchble_rom.hex	124	0x00040224	0x0006dd3e	function-pointer	true
2	tmp/wch-evt/evt/QingkeV4C_CH32V20x_EVT/EXAM/BLE/LIB/wchble_rom.hex	125	0x00040228	0x0006dd3a	function-pointer	true
2	tmp/wch-evt/evt/QingkeV4C_CH32V20x_EVT/EXAM/BLE/LIB/wchble_rom.hex	126	0x0004022c	0x000439be	function-pointer	true
2	tmp/wch-evt/evt/QingkeV4C_CH32V20x_EVT/EXAM/BLE/LIB/wchble_rom.hex	127	0x00040230	0x0004b632	function-pointer	true
2	tmp/wch-evt/evt/QingkeV4C_CH32V20x_EVT/EXAM/BLE/LIB/wchble_rom.hex	128	0x00040234	0x0006dd78	function-pointer	true
2	tmp/wch-evt/evt/QingkeV4C_CH32V20x_EVT/EXAM/BLE/LIB/wchble_rom.hex	129	0x00040238	0x00066380	function-pointer	true
2	tmp/wch-evt/evt/QingkeV4C_CH32V20x_EVT/EXAM/BLE/LIB/wchble_rom.hex	130	0x0004023c	0x000664e4	function-pointer	true
2	tmp/wch-evt/evt/QingkeV4C_CH32V20x_EVT/EXAM/BLE/LIB/wchble_rom.hex	131	0x00040240	0x00066550	function-pointer	true
2	tmp/wch-evt/evt/QingkeV4C_CH32V20x_EVT/EXAM/BLE/LIB/wchble_rom.hex	132	0x00040244	0x0006c364	function-pointer	true
2	tmp/wch-evt/evt/QingkeV4C_CH32V20x_EVT/EXAM/BLE/LIB/wchble_rom.hex	133	0x00040248	0x0006dd74	function-pointer	true
2	tmp/wch-evt/evt/QingkeV4C_CH32V20x_EVT/EXAM/BLE/LIB/wchble_rom.hex	134	0x0004024c	0x0006ddbe	function-pointer	true
2	tmp/wch-evt/evt/QingkeV4C_CH32V20x_EVT/EXAM/BLE/LIB/wchble_rom.hex	135	0x00040250	0x00055d14	function-pointer	true
2	tmp/wch-evt/evt/QingkeV4C_CH32V20x_EVT/EXAM/BLE/LIB/wchble_rom.hex	136	0x00040254	0x0006ddc2	function-pointer	true
2	tmp/wch-evt/evt/QingkeV4C_CH32V20x_EVT/EXAM/BLE/LIB/wchble_rom.hex	139	0x00040260	0x0006c344	function-pointer	true
2	tmp/wch-evt/evt/QingkeV4C_CH32V20x_EVT/EXAM/BLE/LIB/wchble_rom.hex	140	0x00040264	0x0006c4e2	function-pointer	true
2	tmp/wch-evt/evt/QingkeV4C_CH32V20x_EVT/EXAM/BLE/LIB/wchble_rom.hex	141	0x00040268	0x0006ddc6	function-pointer	true
2	tmp/wch-evt/evt/QingkeV4C_CH32V20x_EVT/EXAM/BLE/LIB/wchble_rom.hex	142	0x0004026c	0x0006de1a	function-pointer	true
2	tmp/wch-evt/evt/QingkeV4C_CH32V20x_EVT/EXAM/BLE/LIB/wchble_rom.hex	143	0x00040270	0x0006de1e	function-pointer	true
2	tmp/wch-evt/evt/QingkeV4C_CH32V20x_EVT/EXAM/BLE/LIB/wchble_rom.hex	144	0x00040274	0x0006dd7c	function-pointer	true
2	tmp/wch-evt/evt/QingkeV4C_CH32V20x_EVT/EXAM/BLE/LIB/wchble_rom.hex	145	0x00040278	0x0006ddb6	function-pointer	true
2	tmp/wch-evt/evt/QingkeV4C_CH32V20x_EVT/EXAM/BLE/LIB/wchble_rom.hex	146	0x0004027c	0x0006ddba	function-pointer	true
2	tmp/wch-evt/evt/QingkeV4C_CH32V20x_EVT/EXAM/BLE/LIB/wchble_rom.hex	147	0x00040280	0x0006de22	function-pointer	true
2	tmp/wch-evt/evt/QingkeV4C_CH32V20x_EVT/EXAM/BLE/LIB/wchble_rom.hex	148	0x00040284	0x00066140	function-pointer	true
2	tmp/wch-evt/evt/QingkeV4C_CH32V20x_EVT/EXAM/BLE/MESH/MESH_LIB/wchble_rom_mesh.hex	0	0x0004e034	0x0006df88	data-pointer	false
2	tmp/wch-evt/evt/QingkeV4C_CH32V20x_EVT/EXAM/BLE/MESH/MESH_LIB/wchble_rom_mesh.hex	1	0x0004e038	0x000509d4	function-pointer	true
2	tmp/wch-evt/evt/QingkeV4C_CH32V20x_EVT/EXAM/BLE/MESH/MESH_LIB/wchble_rom_mesh.hex	2	0x0004e03c	0x20000442	function-pointer	false
2	tmp/wch-evt/evt/QingkeV4C_CH32V20x_EVT/EXAM/BLE/MESH/MESH_LIB/wchble_rom_mesh.hex	3	0x0004e040	0x200004bc	function-pointer	false
2	tmp/wch-evt/evt/QingkeV4C_CH32V20x_EVT/EXAM/BLE/MESH/MESH_LIB/wchble_rom_mesh.hex	4	0x0004e044	0x200003ca	function-pointer	false
2	tmp/wch-evt/evt/QingkeV4C_CH32V20x_EVT/EXAM/BLE/MESH/MESH_LIB/wchble_rom_mesh.hex	5	0x0004e048	0x2000039c	function-pointer	false
2	tmp/wch-evt/evt/QingkeV4C_CH32V20x_EVT/EXAM/BLE/MESH/MESH_LIB/wchble_rom_mesh.hex	6	0x0004e04c	0x20000332	function-pointer	false
2	tmp/wch-evt/evt/QingkeV4C_CH32V20x_EVT/EXAM/BLE/MESH/MESH_LIB/wchble_rom_mesh.hex	7	0x0004e050	0x00050b76	function-pointer	true
2	tmp/wch-evt/evt/QingkeV4C_CH32V20x_EVT/EXAM/BLE/MESH/MESH_LIB/wchble_rom_mesh.hex	8	0x0004e054	0x00050bb6	function-pointer	true
2	tmp/wch-evt/evt/QingkeV4C_CH32V20x_EVT/EXAM/BLE/MESH/MESH_LIB/wchble_rom_mesh.hex	9	0x0004e058	0x00050d54	function-pointer	true
2	tmp/wch-evt/evt/QingkeV4C_CH32V20x_EVT/EXAM/BLE/MESH/MESH_LIB/wchble_rom_mesh.hex	10	0x0004e05c	0x00050fd4	function-pointer	true
2	tmp/wch-evt/evt/QingkeV4C_CH32V20x_EVT/EXAM/BLE/MESH/MESH_LIB/wchble_rom_mesh.hex	11	0x0004e060	0x000510b8	function-pointer	true
2	tmp/wch-evt/evt/QingkeV4C_CH32V20x_EVT/EXAM/BLE/MESH/MESH_LIB/wchble_rom_mesh.hex	12	0x0004e064	0x00050834	function-pointer	true
2	tmp/wch-evt/evt/QingkeV4C_CH32V20x_EVT/EXAM/BLE/MESH/MESH_LIB/wchble_rom_mesh.hex	13	0x0004e068	0x000507e6	function-pointer	true
2	tmp/wch-evt/evt/QingkeV4C_CH32V20x_EVT/EXAM/BLE/MESH/MESH_LIB/wchble_rom_mesh.hex	14	0x0004e06c	0x2000028c	function-pointer	false
2	tmp/wch-evt/evt/QingkeV4C_CH32V20x_EVT/EXAM/BLE/MESH/MESH_LIB/wchble_rom_mesh.hex	15	0x0004e070	0x20000236	function-pointer	false
2	tmp/wch-evt/evt/QingkeV4C_CH32V20x_EVT/EXAM/BLE/MESH/MESH_LIB/wchble_rom_mesh.hex	16	0x0004e074	0x00051572	function-pointer	true
2	tmp/wch-evt/evt/QingkeV4C_CH32V20x_EVT/EXAM/BLE/MESH/MESH_LIB/wchble_rom_mesh.hex	18	0x0004e07c	0x00050b4c	function-pointer	true
2	tmp/wch-evt/evt/QingkeV4C_CH32V20x_EVT/EXAM/BLE/MESH/MESH_LIB/wchble_rom_mesh.hex	19	0x0004e080	0x0005127a	function-pointer	true
2	tmp/wch-evt/evt/QingkeV4C_CH32V20x_EVT/EXAM/BLE/MESH/MESH_LIB/wchble_rom_mesh.hex	20	0x0004e084	0x00069888	function-pointer	true
2	tmp/wch-evt/evt/QingkeV4C_CH32V20x_EVT/EXAM/BLE/MESH/MESH_LIB/wchble_rom_mesh.hex	21	0x0004e088	0x00069a68	function-pointer	true
2	tmp/wch-evt/evt/QingkeV4C_CH32V20x_EVT/EXAM/BLE/MESH/MESH_LIB/wchble_rom_mesh.hex	22	0x0004e08c	0x00069ad2	function-pointer	true
2	tmp/wch-evt/evt/QingkeV4C_CH32V20x_EVT/EXAM/BLE/MESH/MESH_LIB/wchble_rom_mesh.hex	23	0x0004e090	0x00065cdc	function-pointer	true
2	tmp/wch-evt/evt/QingkeV4C_CH32V20x_EVT/EXAM/BLE/MESH/MESH_LIB/wchble_rom_mesh.hex	24	0x0004e094	0x00065d14	function-pointer	true
2	tmp/wch-evt/evt/QingkeV4C_CH32V20x_EVT/EXAM/BLE/MESH/MESH_LIB/wchble_rom_mesh.hex	25	0x0004e098	0x00061672	function-pointer	true
2	tmp/wch-evt/evt/QingkeV4C_CH32V20x_EVT/EXAM/BLE/MESH/MESH_LIB/wchble_rom_mesh.hex	26	0x0004e09c	0x00060ba8	function-pointer	true
2	tmp/wch-evt/evt/QingkeV4C_CH32V20x_EVT/EXAM/BLE/MESH/MESH_LIB/wchble_rom_mesh.hex	27	0x0004e0a0	0x0006930a	function-pointer	true
2	tmp/wch-evt/evt/QingkeV4C_CH32V20x_EVT/EXAM/BLE/MESH/MESH_LIB/wchble_rom_mesh.hex	28	0x0004e0a4	0x000512aa	function-pointer	true
2	tmp/wch-evt/evt/QingkeV4C_CH32V20x_EVT/EXAM/BLE/MESH/MESH_LIB/wchble_rom_mesh.hex	29	0x0004e0a8	0x0006630a	function-pointer	true
2	tmp/wch-evt/evt/QingkeV4C_CH32V20x_EVT/EXAM/BLE/MESH/MESH_LIB/wchble_rom_mesh.hex	30	0x0004e0ac	0x0005ae64	function-pointer	true
2	tmp/wch-evt/evt/QingkeV4C_CH32V20x_EVT/EXAM/BLE/MESH/MESH_LIB/wchble_rom_mesh.hex	31	0x0004e0b0	0x0005aef4	function-pointer	true
2	tmp/wch-evt/evt/QingkeV4C_CH32V20x_EVT/EXAM/BLE/MESH/MESH_LIB/wchble_rom_mesh.hex	32	0x0004e0b4	0x0005af4e	function-pointer	true
2	tmp/wch-evt/evt/QingkeV4C_CH32V20x_EVT/EXAM/BLE/MESH/MESH_LIB/wchble_rom_mesh.hex	33	0x0004e0b8	0x00051d9a	function-pointer	true
2	tmp/wch-evt/evt/QingkeV4C_CH32V20x_EVT/EXAM/BLE/MESH/MESH_LIB/wchble_rom_mesh.hex	34	0x0004e0bc	0x00051dd8	function-pointer	true
2	tmp/wch-evt/evt/QingkeV4C_CH32V20x_EVT/EXAM/BLE/MESH/MESH_LIB/wchble_rom_mesh.hex	35	0x0004e0c0	0x00051c58	function-pointer	true
2	tmp/wch-evt/evt/QingkeV4C_CH32V20x_EVT/EXAM/BLE/MESH/MESH_LIB/wchble_rom_mesh.hex	36	0x0004e0c4	0x000570ce	function-pointer	true
2	tmp/wch-evt/evt/QingkeV4C_CH32V20x_EVT/EXAM/BLE/MESH/MESH_LIB/wchble_rom_mesh.hex	37	0x0004e0c8	0x00056bf2	function-pointer	true
2	tmp/wch-evt/evt/QingkeV4C_CH32V20x_EVT/EXAM/BLE/MESH/MESH_LIB/wchble_rom_mesh.hex	38	0x0004e0cc	0x20000a48	function-pointer	false
2	tmp/wch-evt/evt/QingkeV4C_CH32V20x_EVT/EXAM/BLE/MESH/MESH_LIB/wchble_rom_mesh.hex	39	0x0004e0d0	0x00057d04	function-pointer	true
2	tmp/wch-evt/evt/QingkeV4C_CH32V20x_EVT/EXAM/BLE/MESH/MESH_LIB/wchble_rom_mesh.hex	40	0x0004e0d4	0x0005806a	function-pointer	true
2	tmp/wch-evt/evt/QingkeV4C_CH32V20x_EVT/EXAM/BLE/MESH/MESH_LIB/wchble_rom_mesh.hex	41	0x0004e0d8	0x00055f20	function-pointer	true
2	tmp/wch-evt/evt/QingkeV4C_CH32V20x_EVT/EXAM/BLE/MESH/MESH_LIB/wchble_rom_mesh.hex	42	0x0004e0dc	0x00055ec4	function-pointer	true
2	tmp/wch-evt/evt/QingkeV4C_CH32V20x_EVT/EXAM/BLE/MESH/MESH_LIB/wchble_rom_mesh.hex	43	0x0004e0e0	0x00056282	function-pointer	true
2	tmp/wch-evt/evt/QingkeV4C_CH32V20x_EVT/EXAM/BLE/MESH/MESH_LIB/wchble_rom_mesh.hex	44	0x0004e0e4	0x00055f6c	function-pointer	true
2	tmp/wch-evt/evt/QingkeV4C_CH32V20x_EVT/EXAM/BLE/MESH/MESH_LIB/wchble_rom_mesh.hex	45	0x0004e0e8	0x00055ea4	function-pointer	true
2	tmp/wch-evt/evt/QingkeV4C_CH32V20x_EVT/EXAM/BLE/MESH/MESH_LIB/wchble_rom_mesh.hex	46	0x0004e0ec	0x00055f1a	function-pointer	true
2	tmp/wch-evt/evt/QingkeV4C_CH32V20x_EVT/EXAM/BLE/MESH/MESH_LIB/wchble_rom_mesh.hex	47	0x0004e0f0	0x00055e5a	function-pointer	true
2	tmp/wch-evt/evt/QingkeV4C_CH32V20x_EVT/EXAM/BLE/MESH/MESH_LIB/wchble_rom_mesh.hex	48	0x0004e0f4	0x00055fe4	function-pointer	true
2	tmp/wch-evt/evt/QingkeV4C_CH32V20x_EVT/EXAM/BLE/MESH/MESH_LIB/wchble_rom_mesh.hex	49	0x0004e0f8	0x0005603c	function-pointer	true
2	tmp/wch-evt/evt/QingkeV4C_CH32V20x_EVT/EXAM/BLE/MESH/MESH_LIB/wchble_rom_mesh.hex	50	0x0004e0fc	0x00055fec	function-pointer	true
2	tmp/wch-evt/evt/QingkeV4C_CH32V20x_EVT/EXAM/BLE/MESH/MESH_LIB/wchble_rom_mesh.hex	51	0x0004e100	0x00055ff0	function-pointer	true
2	tmp/wch-evt/evt/QingkeV4C_CH32V20x_EVT/EXAM/BLE/MESH/MESH_LIB/wchble_rom_mesh.hex	52	0x0004e104	0x00056086	function-pointer	true
2	tmp/wch-evt/evt/QingkeV4C_CH32V20x_EVT/EXAM/BLE/MESH/MESH_LIB/wchble_rom_mesh.hex	53	0x0004e108	0x00056044	function-pointer	true
2	tmp/wch-evt/evt/QingkeV4C_CH32V20x_EVT/EXAM/BLE/MESH/MESH_LIB/wchble_rom_mesh.hex	54	0x0004e10c	0x00056074	function-pointer	true
2	tmp/wch-evt/evt/QingkeV4C_CH32V20x_EVT/EXAM/BLE/MESH/MESH_LIB/wchble_rom_mesh.hex	55	0x0004e110	0x0005652e	function-pointer	true
2	tmp/wch-evt/evt/QingkeV4C_CH32V20x_EVT/EXAM/BLE/MESH/MESH_LIB/wchble_rom_mesh.hex	56	0x0004e114	0x00056532	function-pointer	true
2	tmp/wch-evt/evt/QingkeV4C_CH32V20x_EVT/EXAM/BLE/MESH/MESH_LIB/wchble_rom_mesh.hex	57	0x0004e118	0x00055fe0	function-pointer	true
2	tmp/wch-evt/evt/QingkeV4C_CH32V20x_EVT/EXAM/BLE/MESH/MESH_LIB/wchble_rom_mesh.hex	58	0x0004e11c	0x00055fe8	function-pointer	true
2	tmp/wch-evt/evt/QingkeV4C_CH32V20x_EVT/EXAM/BLE/MESH/MESH_LIB/wchble_rom_mesh.hex	59	0x0004e120	0x00056084	function-pointer	true
2	tmp/wch-evt/evt/QingkeV4C_CH32V20x_EVT/EXAM/BLE/MESH/MESH_LIB/wchble_rom_mesh.hex	60	0x0004e124	0x00056530	function-pointer	true
2	tmp/wch-evt/evt/QingkeV4C_CH32V20x_EVT/EXAM/BLE/MESH/MESH_LIB/wchble_rom_mesh.hex	61	0x0004e128	0x00056132	function-pointer	true
2	tmp/wch-evt/evt/QingkeV4C_CH32V20x_EVT/EXAM/BLE/MESH/MESH_LIB/wchble_rom_mesh.hex	62	0x0004e12c	0x0005668a	function-pointer	true
2	tmp/wch-evt/evt/QingkeV4C_CH32V20x_EVT/EXAM/BLE/MESH/MESH_LIB/wchble_rom_mesh.hex	63	0x0004e130	0x00058dc4	function-pointer	true
2	tmp/wch-evt/evt/QingkeV4C_CH32V20x_EVT/EXAM/BLE/MESH/MESH_LIB/wchble_rom_mesh.hex	64	0x0004e134	0x00058e38	function-pointer	true
2	tmp/wch-evt/evt/QingkeV4C_CH32V20x_EVT/EXAM/BLE/MESH/MESH_LIB/wchble_rom_mesh.hex	65	0x0004e138	0x00058e72	function-pointer	true
2	tmp/wch-evt/evt/QingkeV4C_CH32V20x_EVT/EXAM/BLE/MESH/MESH_LIB/wchble_rom_mesh.hex	66	0x0004e13c	0x0005731a	function-pointer	true
2	tmp/wch-evt/evt/QingkeV4C_CH32V20x_EVT/EXAM/BLE/MESH/MESH_LIB/wchble_rom_mesh.hex	67	0x0004e140	0x0005732e	function-pointer	true
2	tmp/wch-evt/evt/QingkeV4C_CH32V20x_EVT/EXAM/BLE/MESH/MESH_LIB/wchble_rom_mesh.hex	68	0x0004e144	0x00057362	function-pointer	true
2	tmp/wch-evt/evt/QingkeV4C_CH32V20x_EVT/EXAM/BLE/MESH/MESH_LIB/wchble_rom_mesh.hex	69	0x0004e148	0x0005544c	function-pointer	true
2	tmp/wch-evt/evt/QingkeV4C_CH32V20x_EVT/EXAM/BLE/MESH/MESH_LIB/wchble_rom_mesh.hex	70	0x0004e14c	0x00055672	function-pointer	true
2	tmp/wch-evt/evt/QingkeV4C_CH32V20x_EVT/EXAM/BLE/MESH/MESH_LIB/wchble_rom_mesh.hex	71	0x0004e150	0x0005574e	function-pointer	true
2	tmp/wch-evt/evt/QingkeV4C_CH32V20x_EVT/EXAM/BLE/MESH/MESH_LIB/wchble_rom_mesh.hex	72	0x0004e154	0x00053a86	function-pointer	true
2	tmp/wch-evt/evt/QingkeV4C_CH32V20x_EVT/EXAM/BLE/MESH/MESH_LIB/wchble_rom_mesh.hex	73	0x0004e158	0x0005351c	function-pointer	true
2	tmp/wch-evt/evt/QingkeV4C_CH32V20x_EVT/EXAM/BLE/MESH/MESH_LIB/wchble_rom_mesh.hex	74	0x0004e15c	0x00054b5a	function-pointer	true
2	tmp/wch-evt/evt/QingkeV4C_CH32V20x_EVT/EXAM/BLE/MESH/MESH_LIB/wchble_rom_mesh.hex	75	0x0004e160	0x00053598	function-pointer	true
2	tmp/wch-evt/evt/QingkeV4C_CH32V20x_EVT/EXAM/BLE/MESH/MESH_LIB/wchble_rom_mesh.hex	76	0x0004e164	0x000546d8	function-pointer	true
2	tmp/wch-evt/evt/QingkeV4C_CH32V20x_EVT/EXAM/BLE/MESH/MESH_LIB/wchble_rom_mesh.hex	77	0x0004e168	0x0006c16e	function-pointer	true
2	tmp/wch-evt/evt/QingkeV4C_CH32V20x_EVT/EXAM/BLE/MESH/MESH_LIB/wchble_rom_mesh.hex	78	0x0004e16c	0x0006ba12	function-pointer	true
2	tmp/wch-evt/evt/QingkeV4C_CH32V20x_EVT/EXAM/BLE/MESH/MESH_LIB/wchble_rom_mesh.hex	79	0x0004e170	0x0006bed4	function-pointer	true
2	tmp/wch-evt/evt/QingkeV4C_CH32V20x_EVT/EXAM/BLE/MESH/MESH_LIB/wchble_rom_mesh.hex	80	0x0004e174	0x0006d3e0	function-pointer	true
2	tmp/wch-evt/evt/QingkeV4C_CH32V20x_EVT/EXAM/BLE/MESH/MESH_LIB/wchble_rom_mesh.hex	81	0x0004e178	0x0006d2cc	function-pointer	true
2	tmp/wch-evt/evt/QingkeV4C_CH32V20x_EVT/EXAM/BLE/MESH/MESH_LIB/wchble_rom_mesh.hex	82	0x0004e17c	0x0006d63a	function-pointer	true
2	tmp/wch-evt/evt/QingkeV4C_CH32V20x_EVT/EXAM/BLE/MESH/MESH_LIB/wchble_rom_mesh.hex	83	0x0004e180	0x0006d62a	function-pointer	true
2	tmp/wch-evt/evt/QingkeV4C_CH32V20x_EVT/EXAM/BLE/MESH/MESH_LIB/wchble_rom_mesh.hex	84	0x0004e184	0x0006d632	function-pointer	true
2	tmp/wch-evt/evt/QingkeV4C_CH32V20x_EVT/EXAM/BLE/MESH/MESH_LIB/wchble_rom_mesh.hex	85	0x0004e188	0x0006d674	function-pointer	true
2	tmp/wch-evt/evt/QingkeV4C_CH32V20x_EVT/EXAM/BLE/MESH/MESH_LIB/wchble_rom_mesh.hex	86	0x0004e18c	0x0006ac6a	function-pointer	true
2	tmp/wch-evt/evt/QingkeV4C_CH32V20x_EVT/EXAM/BLE/MESH/MESH_LIB/wchble_rom_mesh.hex	87	0x0004e190	0x00000000	function-pointer	false
2	tmp/wch-evt/evt/QingkeV4C_CH32V20x_EVT/EXAM/BLE/MESH/MESH_LIB/wchble_rom_mesh.hex	88	0x0004e194	0x00000000	function-pointer	false
2	tmp/wch-evt/evt/QingkeV4C_CH32V20x_EVT/EXAM/BLE/MESH/MESH_LIB/wchble_rom_mesh.hex	89	0x0004e198	0x00000000	function-pointer	false
2	tmp/wch-evt/evt/QingkeV4C_CH32V20x_EVT/EXAM/BLE/MESH/MESH_LIB/wchble_rom_mesh.hex	90	0x0004e19c	0x00000000	function-pointer	false
2	tmp/wch-evt/evt/QingkeV4C_CH32V20x_EVT/EXAM/BLE/MESH/MESH_LIB/wchble_rom_mesh.hex	91	0x0004e1a0	0x0006d6e4	function-pointer	true
2	tmp/wch-evt/evt/QingkeV4C_CH32V20x_EVT/EXAM/BLE/MESH/MESH_LIB/wchble_rom_mesh.hex	92	0x0004e1a4	0x0006d0d2	function-pointer	true
2	tmp/wch-evt/evt/QingkeV4C_CH32V20x_EVT/EXAM/BLE/MESH/MESH_LIB/wchble_rom_mesh.hex	93	0x0004e1a8	0x0006d070	function-pointer	true
2	tmp/wch-evt/evt/QingkeV4C_CH32V20x_EVT/EXAM/BLE/MESH/MESH_LIB/wchble_rom_mesh.hex	94	0x0004e1ac	0x00000000	function-pointer	false
2	tmp/wch-evt/evt/QingkeV4C_CH32V20x_EVT/EXAM/BLE/MESH/MESH_LIB/wchble_rom_mesh.hex	95	0x0004e1b0	0x00000000	function-pointer	false
2	tmp/wch-evt/evt/QingkeV4C_CH32V20x_EVT/EXAM/BLE/MESH/MESH_LIB/wchble_rom_mesh.hex	96	0x0004e1b4	0x00000000	function-pointer	false
2	tmp/wch-evt/evt/QingkeV4C_CH32V20x_EVT/EXAM/BLE/MESH/MESH_LIB/wchble_rom_mesh.hex	97	0x0004e1b8	0x00000000	function-pointer	false
2	tmp/wch-evt/evt/QingkeV4C_CH32V20x_EVT/EXAM/BLE/MESH/MESH_LIB/wchble_rom_mesh.hex	98	0x0004e1bc	0x00000000	function-pointer	false
2	tmp/wch-evt/evt/QingkeV4C_CH32V20x_EVT/EXAM/BLE/MESH/MESH_LIB/wchble_rom_mesh.hex	99	0x0004e1c0	0x00067be8	function-pointer	true
2	tmp/wch-evt/evt/QingkeV4C_CH32V20x_EVT/EXAM/BLE/MESH/MESH_LIB/wchble_rom_mesh.hex	100	0x0004e1c4	0x00066b0e	function-pointer	true
2	tmp/wch-evt/evt/QingkeV4C_CH32V20x_EVT/EXAM/BLE/MESH/MESH_LIB/wchble_rom_mesh.hex	101	0x0004e1c8	0x00066e64	function-pointer	true
2	tmp/wch-evt/evt/QingkeV4C_CH32V20x_EVT/EXAM/BLE/MESH/MESH_LIB/wchble_rom_mesh.hex	102	0x0004e1cc	0x00066c4c	function-pointer	true
2	tmp/wch-evt/evt/QingkeV4C_CH32V20x_EVT/EXAM/BLE/MESH/MESH_LIB/wchble_rom_mesh.hex	103	0x0004e1d0	0x00067626	function-pointer	true
2	tmp/wch-evt/evt/QingkeV4C_CH32V20x_EVT/EXAM/BLE/MESH/MESH_LIB/wchble_rom_mesh.hex	104	0x0004e1d4	0x00069362	function-pointer	true
2	tmp/wch-evt/evt/QingkeV4C_CH32V20x_EVT/EXAM/BLE/MESH/MESH_LIB/wchble_rom_mesh.hex	105	0x0004e1d8	0x00000000	function-pointer	false
2	tmp/wch-evt/evt/QingkeV4C_CH32V20x_EVT/EXAM/BLE/MESH/MESH_LIB/wchble_rom_mesh.hex	106	0x0004e1dc	0x0006ac9e	function-pointer	true
2	tmp/wch-evt/evt/QingkeV4C_CH32V20x_EVT/EXAM/BLE/MESH/MESH_LIB/wchble_rom_mesh.hex	107	0x0004e1e0	0x000516f6	function-pointer	true
2	tmp/wch-evt/evt/QingkeV4C_CH32V20x_EVT/EXAM/BLE/MESH/MESH_LIB/wchble_rom_mesh.hex	108	0x0004e1e4	0x00065d24	function-pointer	true
2	tmp/wch-evt/evt/QingkeV4C_CH32V20x_EVT/EXAM/BLE/MESH/MESH_LIB/wchble_rom_mesh.hex	109	0x0004e1e8	0x000662ea	function-pointer	true
2	tmp/wch-evt/evt/QingkeV4C_CH32V20x_EVT/EXAM/BLE/MESH/MESH_LIB/wchble_rom_mesh.hex	110	0x0004e1ec	0x000663e2	function-pointer	true
2	tmp/wch-evt/evt/QingkeV4C_CH32V20x_EVT/EXAM/BLE/MESH/MESH_LIB/wchble_rom_mesh.hex	111	0x0004e1f0	0x00000000	function-pointer	false
2	tmp/wch-evt/evt/QingkeV4C_CH32V20x_EVT/EXAM/BLE/MESH/MESH_LIB/wchble_rom_mesh.hex	112	0x0004e1f4	0x00000000	function-pointer	false
2	tmp/wch-evt/evt/QingkeV4C_CH32V20x_EVT/EXAM/BLE/MESH/MESH_LIB/wchble_rom_mesh.hex	113	0x0004e1f8	0x00000000	function-pointer	false
2	tmp/wch-evt/evt/QingkeV4C_CH32V20x_EVT/EXAM/BLE/MESH/MESH_LIB/wchble_rom_mesh.hex	114	0x0004e1fc	0x000576de	function-pointer	true
2	tmp/wch-evt/evt/QingkeV4C_CH32V20x_EVT/EXAM/BLE/MESH/MESH_LIB/wchble_rom_mesh.hex	115	0x0004e200	0x00067b26	function-pointer	true
2	tmp/wch-evt/evt/QingkeV4C_CH32V20x_EVT/EXAM/BLE/MESH/MESH_LIB/wchble_rom_mesh.hex	116	0x0004e204	0x00000000	function-pointer	false
2	tmp/wch-evt/evt/QingkeV4C_CH32V20x_EVT/EXAM/BLE/MESH/MESH_LIB/wchble_rom_mesh.hex	117	0x0004e208	0x00000000	function-pointer	false
2	tmp/wch-evt/evt/QingkeV4C_CH32V20x_EVT/EXAM/BLE/MESH/MESH_LIB/wchble_rom_mesh.hex	118	0x0004e20c	0x00000000	function-pointer	false
2	tmp/wch-evt/evt/QingkeV4C_CH32V20x_EVT/EXAM/BLE/MESH/MESH_LIB/wchble_rom_mesh.hex	119	0x0004e210	0x00066abe	function-pointer	true
2	tmp/wch-evt/evt/QingkeV4C_CH32V20x_EVT/EXAM/BLE/MESH/MESH_LIB/wchble_rom_mesh.hex	120	0x0004e214	0x200009ba	function-pointer	false
2	tmp/wch-evt/evt/QingkeV4C_CH32V20x_EVT/EXAM/BLE/MESH/MESH_LIB/wchble_rom_mesh.hex	121	0x0004e218	0x00065d90	function-pointer	true
2	tmp/wch-evt/evt/QingkeV4C_CH32V20x_EVT/EXAM/BLE/MESH/MESH_LIB/wchble_rom_mesh.hex	122	0x0004e21c	0x0006d660	function-pointer	true
2	tmp/wch-evt/evt/QingkeV4C_CH32V20x_EVT/EXAM/BLE/MESH/MESH_LIB/wchble_rom_mesh.hex	123	0x0004e220	0x00000000	function-pointer	false
2	tmp/wch-evt/evt/QingkeV4C_CH32V20x_EVT/EXAM/BLE/MESH/MESH_LIB/wchble_rom_mesh.hex	124	0x0004e224	0x00000000	function-pointer	false
2	tmp/wch-evt/evt/QingkeV4C_CH32V20x_EVT/EXAM/BLE/MESH/MESH_LIB/wchble_rom_mesh.hex	125	0x0004e228	0x0006d62e	function-pointer	true
2	tmp/wch-evt/evt/QingkeV4C_CH32V20x_EVT/EXAM/BLE/MESH/MESH_LIB/wchble_rom_mesh.hex	126	0x0004e22c	0x00050f5e	function-pointer	true
2	tmp/wch-evt/evt/QingkeV4C_CH32V20x_EVT/EXAM/BLE/MESH/MESH_LIB/wchble_rom_mesh.hex	127	0x0004e230	0x00057452	function-pointer	true
2	tmp/wch-evt/evt/QingkeV4C_CH32V20x_EVT/EXAM/BLE/MESH/MESH_LIB/wchble_rom_mesh.hex	128	0x0004e234	0x0006d668	function-pointer	true
2	tmp/wch-evt/evt/QingkeV4C_CH32V20x_EVT/EXAM/BLE/MESH/MESH_LIB/wchble_rom_mesh.hex	129	0x0004e238	0x00067dd4	function-pointer	true
2	tmp/wch-evt/evt/QingkeV4C_CH32V20x_EVT/EXAM/BLE/MESH/MESH_LIB/wchble_rom_mesh.hex	130	0x0004e23c	0x00067f38	function-pointer	true
2	tmp/wch-evt/evt/QingkeV4C_CH32V20x_EVT/EXAM/BLE/MESH/MESH_LIB/wchble_rom_mesh.hex	131	0x0004e240	0x00067fa4	function-pointer	true
2	tmp/wch-evt/evt/QingkeV4C_CH32V20x_EVT/EXAM/BLE/MESH/MESH_LIB/wchble_rom_mesh.hex	132	0x0004e244	0x0006bf1a	function-pointer	true
2	tmp/wch-evt/evt/QingkeV4C_CH32V20x_EVT/EXAM/BLE/MESH/MESH_LIB/wchble_rom_mesh.hex	133	0x0004e248	0x0006d664	function-pointer	true
2	tmp/wch-evt/evt/QingkeV4C_CH32V20x_EVT/EXAM/BLE/MESH/MESH_LIB/wchble_rom_mesh.hex	134	0x0004e24c	0x0006d66c	function-pointer	true
2	tmp/wch-evt/evt/QingkeV4C_CH32V20x_EVT/EXAM/BLE/MESH/MESH_LIB/wchble_rom_mesh.hex	135	0x0004e250	0x00060b34	function-pointer	true
2	tmp/wch-evt/evt/QingkeV4C_CH32V20x_EVT/EXAM/BLE/MESH/MESH_LIB/wchble_rom_mesh.hex	136	0x0004e254	0x0006d670	function-pointer	true
2	tmp/wch-evt/evt/QingkeV4C_CH32V20x_EVT/EXAM/BLE/MESH/MESH_LIB/wchble_rom_mesh.hex	139	0x0004e260	0x00000000	function-pointer	false
2	tmp/wch-evt/evt/QingkeV4C_CH32V20x_EVT/EXAM/BLE/MESH/MESH_LIB/wchble_rom_mesh.hex	140	0x0004e264	0x00000000	function-pointer	false
2	tmp/wch-evt/evt/QingkeV4C_CH32V20x_EVT/EXAM/BLE/MESH/MESH_LIB/wchble_rom_mesh.hex	141	0x0004e268	0x00000000	function-pointer	false
2	tmp/wch-evt/evt/QingkeV4C_CH32V20x_EVT/EXAM/BLE/MESH/MESH_LIB/wchble_rom_mesh.hex	142	0x0004e26c	0x00000000	function-pointer	false
2	tmp/wch-evt/evt/QingkeV4C_CH32V20x_EVT/EXAM/BLE/MESH/MESH_LIB/wchble_rom_mesh.hex	143	0x0004e270	0x00000000	function-pointer	false
2	tmp/wch-evt/evt/QingkeV4C_CH32V20x_EVT/EXAM/BLE/MESH/MESH_LIB/wchble_rom_mesh.hex	144	0x0004e274	0x00000000	function-pointer	false
2	tmp/wch-evt/evt/QingkeV4C_CH32V20x_EVT/EXAM/BLE/MESH/MESH_LIB/wchble_rom_mesh.hex	145	0x0004e278	0x00000000	function-pointer	false
2	tmp/wch-evt/evt/QingkeV4C_CH32V20x_EVT/EXAM/BLE/MESH/MESH_LIB/wchble_rom_mesh.hex	146	0x0004e27c	0x00000000	function-pointer	false
2	tmp/wch-evt/evt/QingkeV4C_CH32V20x_EVT/EXAM/BLE/MESH/MESH_LIB/wchble_rom_mesh.hex	147	0x0004e280	0x00b67363	function-pointer	false
2	tmp/wch-evt/evt/QingkeV4C_CH32V20x_EVT/EXAM/BLE/MESH/MESH_LIB/wchble_rom_mesh.hex	148	0x0004e284	0x411c8082	function-pointer	false
