schema_version	evidence_id	path	role	size_bytes	sha256	producer_command_id	required_by
2	ev-f60f9848ae02e7d9e2f856c478c3ef120c48e7f50f521d41b9ab109b0a88b115	controls/build/build-context-summary.json	build-context-control	5222	a239fc043c700872aa5de3f9dc36c57452abdd737ddc8856f5d6d8b8c9fbcc65	cmd-c1bd712ca0b66726b2e43ff7ae84a146ad14b3b6ec3b45c6d14694f6404dfd7a	selection,references
2	ev-49263ac35a084f4ab09c935a67c992a90d5a588bd58799aab8046a82764e3c7c	controls/build/linked-map-selection.tsv	build-context-control	702997	1ffc57a40dcacbeb4965ed93455bd64c5c75cccc58374848e1f42d661eb1acc6	cmd-c1bd712ca0b66726b2e43ff7ae84a146ad14b3b6ec3b45c6d14694f6404dfd7a	selection,references
2	ev-22d1fa8065b1d19463027a138262930049c8b90c16138d6e27c91528761fddff	controls/build/project-reference-ledger.tsv	build-context-control	24104	93155e8f216c6ba341a466eb08e9277aeb7da343c3556f932f055d9a79393143	cmd-c1bd712ca0b66726b2e43ff7ae84a146ad14b3b6ec3b45c6d14694f6404dfd7a	selection,references
2	ev-f20958ca1888d37d194177dc997955049b961722dff9246929d88f2a1bd47bea	controls/core/control-summary.json	scanner-control	4937	51af83635485d86ad481c957f0db0a02542b8016abc41fa657e61d1784705574	cmd-6a837e078a3176e581e4a872e5faea39db6cfde75edcbe67d6d37137b264825f	scope,negative-controls
2	ev-782de9dc53cb8c46ba7e7a90c7740b094f52035234c4777fb20ca1174a2f0f54	controls/core/evt-csr-control-occurrences.tsv	scanner-control	2195	a18f690c8e56df3816f5af24f25e5f33f9660984fbed50f731faf98aeabf5ce5	cmd-6a837e078a3176e581e4a872e5faea39db6cfde75edcbe67d6d37137b264825f	scope,negative-controls
2	ev-e3f0b26d61eda30924adc4ec8be539899d50dea5f82f53cf6e7b6f763992b5ed	controls/core/evt-csr-control-summary.json	scanner-control	456	313c93d479af74fcf0b4bcf967530ccd72032865e8477bbf5130c10169c47d1b	cmd-6a837e078a3176e581e4a872e5faea39db6cfde75edcbe67d6d37137b264825f	scope,negative-controls
2	ev-ca97a9515711456202db2b5ad9b499f84ddc00da9c84348bda4023b76c640d12	controls/core/iqmath-control-summary.json	scanner-control	609	97238eadbd48e1da63e675cdec0e0e5912c94f00cf9d672364ff29047688460b	cmd-6a837e078a3176e581e4a872e5faea39db6cfde75edcbe67d6d37137b264825f	scope,negative-controls
2	ev-57d8abd693560ba203eeccaf94db0406c053f7fa3499ab02b7f65d8f66e915db	controls/core/iqmath-mcpy-negative-control.tsv	scanner-control	11103	a211f309611efb3395fdc0131db0909537cfe1e8a298f5e0bc033d4a53b5bd98	cmd-6a837e078a3176e581e4a872e5faea39db6cfde75edcbe67d6d37137b264825f	scope,negative-controls
2	ev-fe22096c78e6c46bee3fa2f0f3fa668adbdf748af38518f9902c8bc498e51740	controls/core/rawscan-smoke-summary.json	raw-scanner-smoke	623	a7517ccbbbab18f5575c3d7d510d651d3f9806fe796abbb4a041263f94631125	cmd-f18edddda6a63551d10abb852ae27d97c38f408764f0a85247e70bf905f5dfd2	scanner-control,execution-evidence
2	ev-6933ddbd3346ebade8211ccfe379a1b7f5672c06d056f745398c2cf4812f673e	controls/core/rawscan-smoke.stderr	raw-scanner-smoke	0	e3b0c44298fc1c149afbf4c8996fb92427ae41e4649b934ca495991b7852b855	cmd-f18edddda6a63551d10abb852ae27d97c38f408764f0a85247e70bf905f5dfd2	scanner-control,execution-evidence
2	ev-f204a3dfb8992bd6e0aaa062aad70f0085119d49a76216f3208910b46fb8e1bd	controls/core/rawscan-smoke.stdout	raw-scanner-smoke	5568	42ab269352bb19df9673df3918e81716ab6c0d16e77b979083e87a1dac84a669	cmd-f18edddda6a63551d10abb852ae27d97c38f408764f0a85247e70bf905f5dfd2	scanner-control,execution-evidence
2	ev-2b8d5a9fe7a40c00bf7f4e206f3ccf8c2565bdec93ad20eddf9c338fd087dabf	controls/core/scope-and-archive-closure.json	scanner-control	717	d29899ccfb2a7a577c0daedd481b6ac3fbf31be4419f8c805e36f31066408f7e	cmd-6a837e078a3176e581e4a872e5faea39db6cfde75edcbe67d6d37137b264825f	scope,negative-controls
2	ev-8e39105e4cdcdeaeec22eeae9e1e2d72258e054a28fcf4d2088d7833b61c8dd1	controls/core/xw-and-archive-anchor-counts.json	scanner-control	5758	e3b5fe458ad90805a6b38004eff29839be57b97a28e141fee8a8d6b09839c925	cmd-6a837e078a3176e581e4a872e5faea39db6cfde75edcbe67d6d37137b264825f	scope,negative-controls
2	ev-21de3e403c2caac9df503ebe18c8cd5ac01fd456a3fda205824072f57f9aded6	controls/core/xw-archive-profile-matrix.json	scanner-control	2440	f7e2b856c7f0019e24d357aaaa52348cf9b9f75d51673ddb9ba355ca9dbcaac8	cmd-6a837e078a3176e581e4a872e5faea39db6cfde75edcbe67d6d37137b264825f	scope,negative-controls
2	ev-8f728fc6dd4d6cd1b56def61ab3c5fba62fde22223c3d8d3aed9fabfe9922824	controls/documents/broad-pdf-exclusions.tsv	document-control	266837	537ee610939ad990a4ca891254ee4b8fd66b0d9e2701333aaa912ac29c75be0c	cmd-620eaeaee0b360803ab04a779cf6d80fadd5fcaeba171828efeb807b3c34b4ac	documents,visibility
2	ev-f21a7a2c7fe1a8be2a00ce9b956d4133a0bd76de03353c9f11be5fee48f8f5d4	controls/documents/document-control-summary.json	document-control	1314	d8fb941ea92c879886a76ae6254432c3f740c42f502369056acb0b6c88beca50	cmd-620eaeaee0b360803ab04a779cf6d80fadd5fcaeba171828efeb807b3c34b4ac	documents,visibility
2	ev-e5535eec413970b2ddf261b572c8fc2b8f40384b166f2a1c2fd3e37e9770259f	controls/documents/document-manifest.tsv	document-control	65904	51284bd7720a7f6107d73845e2f6e98bdf9b90944aa91d473be6640e2198fb1f	cmd-620eaeaee0b360803ab04a779cf6d80fadd5fcaeba171828efeb807b3c34b4ac	documents,visibility
2	ev-160da1bc6e8faae09ca71f4bdff419248e7723bc4ef5ad1ad75d05eb86a340c4	controls/documents/document-query-hits.tsv	document-control	827650	c01d125a6680358e4c8f34cf2e48f4562df08b8aa5c20de1dca4a8c1fb28d78d	cmd-620eaeaee0b360803ab04a779cf6d80fadd5fcaeba171828efeb807b3c34b4ac	documents,visibility
2	ev-9f29140a8bf8e81a29f387ebe88692fee4fe268f14aac28dbf41d46e2286e861	controls/documents/document-query-summary.json	document-control	3272	09dc00525be01a48fc6b37314e2e785012983a0431dd13c3255f47f1b66e52ad	cmd-620eaeaee0b360803ab04a779cf6d80fadd5fcaeba171828efeb807b3c34b4ac	documents,visibility
2	ev-eedcf1613392743f66b4153d1e2530290b2cfe8543907ad837994a71d9ff2f96	controls/documents/h417-lot-page-excerpts.tsv	document-control	4102	7e7385d4d420c7d0965dcfbb0991e44169fea960984bbe1ce7f6b323e93d821b	cmd-620eaeaee0b360803ab04a779cf6d80fadd5fcaeba171828efeb807b3c34b4ac	documents,visibility
2	ev-f2f76feb0d274fdc2bca8c60b61b51d135bc1177d4b051c552377ef575842b9b	controls/documents/rm-register-visibility.tsv	document-control	2371	1423b0a7ff50853a4476bad55338b993f371e78dd6586412feb578de64d675a1	cmd-620eaeaee0b360803ab04a779cf6d80fadd5fcaeba171828efeb807b3c34b4ac	documents,visibility
2	ev-13c712a4b2972b61fd9635ca5d161d7888c3b85e23cee70aa0273503af46df3c	controls/documents/schematic-text-sanity.tsv	document-control	4024	0a1a2003f604864af5942d9c7a82e1d9b1e5de15bc5cbcb433d80009ef336d95	cmd-620eaeaee0b360803ab04a779cf6d80fadd5fcaeba171828efeb807b3c34b4ac	documents,visibility
2	ev-55cf0b236240f211cb99fe1ec00f4b3f2d620c8b07f262dc5e73e76563daf67d	controls/documents/visual-page-review.tsv	document-control	3592	43eb97a99ffb59322860ec0afc7a06263deb098dcbaa59a45313b829caa2a6e1	cmd-620eaeaee0b360803ab04a779cf6d80fadd5fcaeba171828efeb807b3c34b4ac	documents,visibility
2	ev-bf3521d50c4ba76530e049a31a5b227f0861133ec0c11f07da7adb9260f55332	controls/documents/visual-pages/h417-p1-001.png	document-control	406610	0fb835f98c3ab702bd2499c88633da828200ba7ff8cef070012e66e4d56133a6	cmd-620eaeaee0b360803ab04a779cf6d80fadd5fcaeba171828efeb807b3c34b4ac	documents,visibility
2	ev-dea100588b20532420e7a6f946f59488f259e32bb79fef6434dfbf862b41b266	controls/documents/visual-pages/h417-p44-044.png	document-control	322696	f0b7ba3433ee0446c018a94a7f63bdf96f8d0692d59d3d779df8887682fbf9ca	cmd-620eaeaee0b360803ab04a779cf6d80fadd5fcaeba171828efeb807b3c34b4ac	documents,visibility
2	ev-66cfb5a760c7edaf9e03f1c10a30aecad971ec684c4cf32b4c541d02c13369ea	controls/documents/visual-pages/h417-pmp-066.png	document-control	278709	589492ea8e7bf32ba3cf5e120ba040e06ecaa2bf0eeadf1b8f0396c76644a818	cmd-620eaeaee0b360803ab04a779cf6d80fadd5fcaeba171828efeb807b3c34b4ac	documents,visibility
2	ev-22d4f45b9743ac3af04313fed424c8f5a2dcd2a8588b445779762623955dc527	controls/documents/visual-pages/h417-trigger-053.png	document-control	336633	c8f7b4e6993aaf7f7f5bce3017d2059342d50bd7f42c8ccc6eff907eedfdb022	cmd-620eaeaee0b360803ab04a779cf6d80fadd5fcaeba171828efeb807b3c34b4ac	documents,visibility
2	ev-775d9d12c38c8f687ad14f5cebe2772e7bd476a44ac439997b8c8ac4ff24b87f	controls/documents/visual-pages/h417-trigger-054.png	document-control	398869	eb0306aecf39f0f5287a36645e091558d00f48df256596bd6545011a3b71b905	cmd-620eaeaee0b360803ab04a779cf6d80fadd5fcaeba171828efeb807b3c34b4ac	documents,visibility
2	ev-d22b3cf4bb2049cf610abbfa6275dd54a87bdc9c986a85b9a660ebff242700e1	controls/documents/visual-pages/qkv3-54.png	document-control	143495	605fd32251e5cbac95718b2a0805cb6b9d5ce935ca7df4ce720a063734eb19c2	cmd-620eaeaee0b360803ab04a779cf6d80fadd5fcaeba171828efeb807b3c34b4ac	documents,visibility
2	ev-a4a26e9ff8e397ab1534f4464852728818e37d3c6a96528c0d0296589a3b532c	controls/documents/visual-pages/qkv3-55.png	document-control	340909	a6930b32be12ed7d5e8ccd6553045346b23f35f9f31a0ecbd0d9d7f54fa9b5dc	cmd-620eaeaee0b360803ab04a779cf6d80fadd5fcaeba171828efeb807b3c34b4ac	documents,visibility
2	ev-b75389864e811648ea5290f53ee267f1bc6282e1c1ea78c404f856bd7b4aa28b	controls/documents/visual-pages/qkv3-56.png	document-control	62414	93999fd637f70ba45b177823016d6c11946dbeb95e8d0cc96e1c30bf43ab0a0e	cmd-620eaeaee0b360803ab04a779cf6d80fadd5fcaeba171828efeb807b3c34b4ac	documents,visibility
2	ev-a4e01f7bac223842097957b8b8b83de8a5ac654efa353b72b0472f108c11b815	controls/documents/visual-pages/v407-057.png	document-control	385920	b165aeb62110006c08b2fc371a8c2311a7142ca0765b4e3f9e5b8003e20ea1f5	cmd-620eaeaee0b360803ab04a779cf6d80fadd5fcaeba171828efeb807b3c34b4ac	documents,visibility
2	ev-9e14da61356834bb6882d723690cc191ac7b36b2ac3a93f764c7fd5a92411670	controls/documents/visual-pages/v407-058.png	document-control	318920	64a66ee5d1afd41e315ab6e8ab7d19ba37ef63887f28e23e86495e99c99e413f	cmd-620eaeaee0b360803ab04a779cf6d80fadd5fcaeba171828efeb807b3c34b4ac	documents,visibility
2	ev-b1e33e7f44a5bd778ae28f8415c13530f4367116e5bffc6d79c5d73b8b7e6535	controls/documents/visual-pages/wchnet-01.png	document-control	227513	9e0763c81878a477b7cbcb0f98fcfd0a8dbc7754b7da7c6b82f8f77d1312f285	cmd-620eaeaee0b360803ab04a779cf6d80fadd5fcaeba171828efeb807b3c34b4ac	documents,visibility
2	ev-62fc97c446b6e09238656a708e5706f439ffeadabb5936f0b18a955b5e6d5629	controls/documents/visual-pages/wchnet-02.png	document-control	212396	b964a6d7bdba86619b6e43460d9cac5c578709ef233846122daedd8abbc1d95f	cmd-620eaeaee0b360803ab04a779cf6d80fadd5fcaeba171828efeb807b3c34b4ac	documents,visibility
2	ev-76a4cbbafc5e410136d2071ddc5c57241a646734f66a28560b67073442f2510b	controls/documents/wchnet-document-gap.tsv	document-control	2545	f13f327e05a513880eab8376fa1aec36b3279b085c20c41456753cfd82dccd63	cmd-620eaeaee0b360803ab04a779cf6d80fadd5fcaeba171828efeb807b3c34b4ac	documents,visibility
2	ev-47ec52c0a9a9beb860e954442841444acc5ee84ada12db735535492853b9ef8f	controls/positive/disassembly/0b196fff0b9f666fc30cd4dcebe90ef299f1fed37fff6b66f460951515e494ca-GetChipID.txt	positive-semantic-evidence	709	a45a6b251b4a612dd4e7167bc256aed6a827fc908715ecbe4a2a30887741e381	cmd-bd3b8d874961c9df632ddbc20832c1953c0c154efdc5f4489f887cfd43cd9314	findings,WCHNET,IoCHub
2	ev-bd2eebed2fd00dc4e90c11fc8860fa2bb549c6bf101a250643fccc416898bda7	controls/positive/disassembly/0b196fff0b9f666fc30cd4dcebe90ef299f1fed37fff6b66f460951515e494ca-getTxBuffAddr.txt	positive-semantic-evidence	3233	738dfebd63a5ea86491d2b07831e6df2d59677150459db844963b4e9975c5ed2	cmd-bd3b8d874961c9df632ddbc20832c1953c0c154efdc5f4489f887cfd43cd9314	findings,WCHNET,IoCHub
2	ev-269fc6efa960188298903ec4d445612b6c41b99a0b8f55b9f33a5c016b222a41	controls/positive/disassembly/0b196fff0b9f666fc30cd4dcebe90ef299f1fed37fff6b66f460951515e494ca-symbols.txt	positive-semantic-evidence	1649	37edc80ca4c3ccaefba620bc48db23b14d30184b2c0b304431c0d00500a86ea8	cmd-bd3b8d874961c9df632ddbc20832c1953c0c154efdc5f4489f887cfd43cd9314	findings,WCHNET,IoCHub
2	ev-560d2c3d0e8941a4dd9d6a9cf09ada0a0b6f5ae8bccf9eb6cb168389da86a563	controls/positive/disassembly/0c796a85a0123d5338803c1a144d3dbac76e906a6f652f73155cd6a8a6f28ac4-GetChipID.txt	positive-semantic-evidence	709	5583ebc656432496b54b438650a8a6866d8e786c96d92cbfeb3e5a03a0d02508	cmd-bd3b8d874961c9df632ddbc20832c1953c0c154efdc5f4489f887cfd43cd9314	findings,WCHNET,IoCHub
2	ev-da6be7eeb0f41fb55c2215ca23a49db16201a2879f1d6929121de1fcca500d8a	controls/positive/disassembly/0c796a85a0123d5338803c1a144d3dbac76e906a6f652f73155cd6a8a6f28ac4-getTxBuffAddr.txt	positive-semantic-evidence	3212	03a2c98f1344b71e406ff647d2888b145f497be476c9bb097f2c47a49d0315bb	cmd-bd3b8d874961c9df632ddbc20832c1953c0c154efdc5f4489f887cfd43cd9314	findings,WCHNET,IoCHub
2	ev-0d6f3c57c3380fdbef863e4d329fc36098f137ed60adf5fb368a74f59d55ce63	controls/positive/disassembly/0c796a85a0123d5338803c1a144d3dbac76e906a6f652f73155cd6a8a6f28ac4-symbols.txt	positive-semantic-evidence	1623	d41325213518fe6330f79ba9747cbf37f4f0ec4a6c9e3b06e4c595a5941b6a20	cmd-bd3b8d874961c9df632ddbc20832c1953c0c154efdc5f4489f887cfd43cd9314	findings,WCHNET,IoCHub
2	ev-7eaf17f9e7cc16a92dd1322da1078e54db6206734c3aa5a13732b508efdbe9e0	controls/positive/disassembly/845388710f117bcbf29deeda982d7d480fa4482405d10a558489b9ab40b3546d-getTxBuffAddr.txt	positive-semantic-evidence	1631	eacffaec062bc7541c066a79b177e299455de6a31ca918b6952be698f1764355	cmd-bd3b8d874961c9df632ddbc20832c1953c0c154efdc5f4489f887cfd43cd9314	findings,WCHNET,IoCHub
2	ev-acd897310d9840cb5dc31ddc8a748c3798b8525e00d19ed644ea716fffd01a46	controls/positive/disassembly/845388710f117bcbf29deeda982d7d480fa4482405d10a558489b9ab40b3546d-symbols.txt	positive-semantic-evidence	1601	8b9b4d2e8a96bccabf43c38b028bcbb6837f8563d545eddd6bb7fa58a31b1920	cmd-bd3b8d874961c9df632ddbc20832c1953c0c154efdc5f4489f887cfd43cd9314	findings,WCHNET,IoCHub
2	ev-3e9313abb197bfeb1656c9451447498ff4467893e7b3b441832e1efa9e46dc78	controls/positive/disassembly/b0698d11172d8f34a48b26652eb34b238f93959175a73305bddefa342eb2914c-IoCHub_CliConnAutoReg.txt	positive-semantic-evidence	12787	d4647d63b7ca95048e460abf7afde508d609eb034893cb5b6cf620a80eb8ddd8	cmd-bd3b8d874961c9df632ddbc20832c1953c0c154efdc5f4489f887cfd43cd9314	findings,WCHNET,IoCHub
2	ev-31fe4b83bd557f92bad6c4be4e46abc81d99df2ec53ef64cdd1a8dfedf06cab4	controls/positive/disassembly/b0698d11172d8f34a48b26652eb34b238f93959175a73305bddefa342eb2914c-WCHIOCHUB_GetLocalID.txt	positive-semantic-evidence	3924	efce223840e6cfef6cff2553011c0934bfc9f8ba392d01ac892edecd110b630b	cmd-bd3b8d874961c9df632ddbc20832c1953c0c154efdc5f4489f887cfd43cd9314	findings,WCHNET,IoCHub
2	ev-6037347778423f13d1b68dc347b820da1896698f7af970c791c389b590ad37fb	controls/positive/disassembly/b0698d11172d8f34a48b26652eb34b238f93959175a73305bddefa342eb2914c-WCHIOCHUB_Init.txt	positive-semantic-evidence	18249	d277c21c76e19b7daf5fad89112f8dd40db9c254ae7ce576cb263a29d86e542d	cmd-bd3b8d874961c9df632ddbc20832c1953c0c154efdc5f4489f887cfd43cd9314	findings,WCHNET,IoCHub
2	ev-25a565582be78769deec2fe35be7dad3b3a166675c619414783b067d16d02073	controls/positive/disassembly/b0698d11172d8f34a48b26652eb34b238f93959175a73305bddefa342eb2914c-WCHIOCHUB_Start.txt	positive-semantic-evidence	8632	97e95644d2edc9ff013e4c9fbb2925e6db81b6c1aec153d4974ee21d5b177774	cmd-bd3b8d874961c9df632ddbc20832c1953c0c154efdc5f4489f887cfd43cd9314	findings,WCHNET,IoCHub
2	ev-40ee95e9bca1be2b854e72658c3e6eeaf0106ebee5ac3830a4bdab372a8458fc	controls/positive/disassembly/b0698d11172d8f34a48b26652eb34b238f93959175a73305bddefa342eb2914c-symbols.txt	positive-semantic-evidence	8836	76765f564528df9f7cc2989d5b95645ea5bca15aef28c5dec75d0761a0f2831f	cmd-bd3b8d874961c9df632ddbc20832c1953c0c154efdc5f4489f887cfd43cd9314	findings,WCHNET,IoCHub
2	ev-ee90c4c655a4f14af4f0e6e63b0e8adc5afb677940bf166e1432691ec18e487a	controls/positive/objects/0b196fff0b9f666fc30cd4dcebe90ef299f1fed37fff6b66f460951515e494ca.o	positive-semantic-evidence	8764	0b196fff0b9f666fc30cd4dcebe90ef299f1fed37fff6b66f460951515e494ca	cmd-bd3b8d874961c9df632ddbc20832c1953c0c154efdc5f4489f887cfd43cd9314	findings,WCHNET,IoCHub
2	ev-ad2661cad1394a9720655f9003b786d52bfdb4de12c76eb641ed63618f42be0d	controls/positive/objects/0c796a85a0123d5338803c1a144d3dbac76e906a6f652f73155cd6a8a6f28ac4.o	positive-semantic-evidence	8636	0c796a85a0123d5338803c1a144d3dbac76e906a6f652f73155cd6a8a6f28ac4	cmd-bd3b8d874961c9df632ddbc20832c1953c0c154efdc5f4489f887cfd43cd9314	findings,WCHNET,IoCHub
2	ev-0b8ce347a9855fccea3ade49d8a35c2a946602e27e2bf399b6fd89fc0806f191	controls/positive/objects/845388710f117bcbf29deeda982d7d480fa4482405d10a558489b9ab40b3546d.o	positive-semantic-evidence	8316	845388710f117bcbf29deeda982d7d480fa4482405d10a558489b9ab40b3546d	cmd-bd3b8d874961c9df632ddbc20832c1953c0c154efdc5f4489f887cfd43cd9314	findings,WCHNET,IoCHub
2	ev-65ae4c4ce588c36eff0e970103b9d53a343d9c49bae78dd10480b28ecaa2bf8a	controls/positive/objects/b0698d11172d8f34a48b26652eb34b238f93959175a73305bddefa342eb2914c.o	positive-semantic-evidence	84000	b0698d11172d8f34a48b26652eb34b238f93959175a73305bddefa342eb2914c	cmd-bd3b8d874961c9df632ddbc20832c1953c0c154efdc5f4489f887cfd43cd9314	findings,WCHNET,IoCHub
2	ev-0c0b67bf847b36d95829f18efe6830c4dfe21408897aa699a80c30bf824d2b8d	controls/positive/positive-occurrences.tsv	positive-semantic-evidence	3098	0316fdf8e2cfacd82fd43963b75a50817f2e88b525a3827b28b6db18b949ff52	cmd-bd3b8d874961c9df632ddbc20832c1953c0c154efdc5f4489f887cfd43cd9314	findings,WCHNET,IoCHub
2	ev-b490efbfb3202b05ed209cf52a67b8beada9c110b5d435da900213bb87b035ec	controls/positive/positive-summary.json	positive-semantic-evidence	3619	7408fc6f04688d728d69a378e9b950dd31381e77f9338a86c1d5da04e0503ed5	cmd-bd3b8d874961c9df632ddbc20832c1953c0c154efdc5f4489f887cfd43cd9314	findings,WCHNET,IoCHub
2	ev-3bdfe921f6d86d5d4f47731a2211bf16eddad979439af8e00faacde164d003e1	controls/positive/semantic-chain.json	positive-semantic-evidence	1478	32d79e1535b375e1cec19864bf10b0b9ad059ecf6fb150535ccd6f8719eff7af	cmd-bd3b8d874961c9df632ddbc20832c1953c0c154efdc5f4489f887cfd43cd9314	findings,WCHNET,IoCHub
2	ev-b1739f51884e7dd161e630bb537fb2844cfbceabf2d68b2296ea275b3de46cc6	controls/rom/rom-code-parcels.tsv	rom-control	9250836	5f18b138fafd848aa48c63601d223414a69122fce8f357fdacbe38672aa45872	cmd-4ce3cb1e72b5638a6d752dd46193eb971770ba043fb70c03baab1206b686c25b	ROM,mcpy,framing
2	ev-7011196ef133b94117b531f4227d4b5f6b43836197a0ff808b4f19f109a77717	controls/rom/rom-control-summary.json	rom-control	20119	5ce5e0431baa4b7a923dae4dbe982c56eee0f4bae416ca5341ba2ead1f877b8c	cmd-4ce3cb1e72b5638a6d752dd46193eb971770ba043fb70c03baab1206b686c25b	ROM,mcpy,framing
2	ev-d9cbdf9aea8647a04e646c493ad22a40ed3bd2838a430633c6e1b508efc7b8bd	controls/rom/rom-fingerprints.tsv	rom-control	2362	68904172d1cc8881da7d41557b0446c4fdc019fe3cbfaf8717bc77177d7e31bd	cmd-4ce3cb1e72b5638a6d752dd46193eb971770ba043fb70c03baab1206b686c25b	ROM,mcpy,framing
2	ev-4f81fa3399b76aa876b33c729c2305e8142cfa30eb394aed80906db17b9ba3f2	controls/rom/rom-header-ledger.tsv	rom-control	719	e167d2110ec9eeedfc7d8ce5726bdd7c63edcfaf94c54884f7d9077cdf03c6ac	cmd-4ce3cb1e72b5638a6d752dd46193eb971770ba043fb70c03baab1206b686c25b	ROM,mcpy,framing
2	ev-ca58c808601ccb75eef2aec25b23750b2f5ca852351d279123b257dd30e04acb	controls/rom/rom-jt-seeds.tsv	rom-control	88480	5a3106a1d72e5038f3e7958f70a2c00a17669172afb5cffca786d97d7b7afc7a	cmd-4ce3cb1e72b5638a6d752dd46193eb971770ba043fb70c03baab1206b686c25b	ROM,mcpy,framing
2	ev-a8f39349845c6e6639cd56a468ee344603820e1a80f7c3fab8d45bdbd7fdb68e	controls/rom/rom-length-prefix-candidates.tsv	rom-control	370071	98e09ca6680a574bb96f9a9d254e87bf3bf170a6229074df5ee002fa26b0498d	cmd-4ce3cb1e72b5638a6d752dd46193eb971770ba043fb70c03baab1206b686c25b	ROM,mcpy,framing
2	ev-85e5df7fe546da574f35e51df86b525492b172862a566304a1b8934bf6ce3e35	controls/tar/package-extracted-byte-closure.tsv	package-closure	4395417	44889166dbed75a4d4d18ed08d9c2f1e04e354abbe04f6378e11cadeb924be99	cmd-6a4b3acd1d6f0a3f188660c6fd4a7697c6ade6d129fce835dcecf7f09f90cf82	package,scope
2	ev-0241c4db7b5ad7333bdefa3fc03b9019815740c341957c18a6c1cbce924c347d	controls/tar/package-extracted-closure-summary.json	package-closure	628	f4016adb680e1fa56c606245b30a5aaa15b2f958dc2dee82afa0832a1a145122	cmd-6a4b3acd1d6f0a3f188660c6fd4a7697c6ade6d129fce835dcecf7f09f90cf82	package,scope
2	ev-9dfc4479254643a25e318914c3de8910c8e831695592d36be4d637659a8bcf5c	controls/xw/fixtures/gcc12-mcpy.S	xw-control	45	3e7de62f8e8b4538ebe0ddcbd14fda338ffd52eb4975b9b0c95a02b316ca0876	cmd-36a5444f62be01e746166f65ac6203eff2ce0e5a401f0902797d8526b9c29dfd	xw,semantic-boundaries
2	ev-866892685851beaad33910fd99f97eb7b73f7626fa259c28b96115794ea85626	controls/xw/fixtures/gcc12-mcpy.bin	xw-control	4	54abf3a2f6c67e164ef2e1cc37f10a11394edbcf92ae524f396f13077b980261	cmd-36a5444f62be01e746166f65ac6203eff2ce0e5a401f0902797d8526b9c29dfd	xw,semantic-boundaries
2	ev-14bc91f7c3412eff30ce59428579424d173a26ecc1f2cf75caf2cb9e356a3d6e	controls/xw/fixtures/gcc12-mcpy.o	xw-control	620	fd0057bd45dbac7fca92f4cbf1784c9f8de941248b98d7d2dcebbe618a29610f	cmd-36a5444f62be01e746166f65ac6203eff2ce0e5a401f0902797d8526b9c29dfd	xw,semantic-boundaries
2	ev-65e9e433d4a39ceadfd489aa64a11e536a1ed8aa69883a3da82a245ffd440415	controls/xw/fixtures/gcc8-mcpy-rejected.S	xw-control	45	3e7de62f8e8b4538ebe0ddcbd14fda338ffd52eb4975b9b0c95a02b316ca0876	cmd-36a5444f62be01e746166f65ac6203eff2ce0e5a401f0902797d8526b9c29dfd	xw,semantic-boundaries
2	ev-07a520c3a981a3242385ec27735c8a1aeea9214d9e3d7112cf12d20d2e55f482	controls/xw/xw-boundary-build-groups.tsv	xw-control	61433	005e135272343b5caaf57701961948b600e99ce8e61325575064006e7aba63f6	cmd-01793964eaf11e967f8652879ddbedb0ce6af500eb9ddc4e2c30f811f3a9b2d3	xw,semantic-boundaries
2	ev-e2f73605b308120bf14ef7cbcb0245bf23bb861167e78777357c6d59564140ec	controls/xw/xw-boundary-lines.tsv	xw-control	3937552	a30aff4d2d6eb37b9f3dc70b0c49b5d3436233d49fe5edd4624c7f382165b1b3	cmd-01793964eaf11e967f8652879ddbedb0ce6af500eb9ddc4e2c30f811f3a9b2d3	xw,semantic-boundaries
2	ev-dbff1b983457345517d1834d30d9117566dabc0b6cd4866f1657008f692528ff	controls/xw/xw-boundary-summary.json	xw-control	1561	ea8d4b9d3538177fa816a731b25e6fe73f25d322f7d153e8082eb3666121f592	cmd-01793964eaf11e967f8652879ddbedb0ce6af500eb9ddc4e2c30f811f3a9b2d3	xw,semantic-boundaries
2	ev-687984dec6e32880289da5e645319f49122982d8fd2f155e93c2efc09cc0c539	controls/xw/xw-fixture-summary.json	xw-control	585906	40d83fc5904f21a8fe52169d551742a1b8e2c77d811bdc5e9c2b1233031acff3	cmd-36a5444f62be01e746166f65ac6203eff2ce0e5a401f0902797d8526b9c29dfd	xw,semantic-boundaries
2	ev-b5045b61d8fd8279efd1f1a2f4309d327d8ed26ad8072d5b4850902de72a4d4c	controls/xw/xw-physical-diagnostics.tsv	xw-control	150718	95ae5a0e0b7664932471a754323371240624662d720cd355b00317cd57c92fed	cmd-01793964eaf11e967f8652879ddbedb0ce6af500eb9ddc4e2c30f811f3a9b2d3	xw,semantic-boundaries
2	ev-960572f8b32e2d3780cbb99a83019e5ee45843c4724d743f7ded6672f3585df1	controls/xw/xw-source-encoding-map.tsv	xw-control	567098	4a21887443f3f044eac021314584a6fc67f3214c2a12400cb3937b4d5406ae93	cmd-36a5444f62be01e746166f65ac6203eff2ce0e5a401f0902797d8526b9c29dfd	xw,semantic-boundaries
2	ev-3053e949adaa30b4fb9022186329a830d9665e53b51ed22d2249d49f65b4082e	controls/xw/xw-theoretical-encoding-set.tsv	xw-control	127265	dce80e14934912b19c5d11e0f0339c0f60f1c340f409d431435d5e790e17df06	cmd-36a5444f62be01e746166f65ac6203eff2ce0e5a401f0902797d8526b9c29dfd	xw,semantic-boundaries
2	ev-c70b4bc27ca2baf2aecc73adca3d87efc221e0ef5c8c4f4119a86ebcdac21a04	input/analysis-input-manifest.tsv	input-snapshot	6460720	e8d5acf48d162d2e51fb3b1ac770351629597c27262f09b6e4fbccfb2087ebd7	cmd-d46b5b5c147f3ad19ec4eaeb2f37fa6ed4eaf7b596e2a6688266ade4598b1972	scope,provenance
2	ev-175a7098da4d4651121c35102e9c496e1855254e54ff65565d8b850110d30ae1	input/prior-artifact-manifest.tsv	input-snapshot	208605	9572be20d3e9389f555e96a04b906ff414c9c08a8b82c1af8a80b0c2cc362f9b	cmd-d46b5b5c147f3ad19ec4eaeb2f37fa6ed4eaf7b596e2a6688266ade4598b1972	scope,provenance
2	ev-0a83540a81ed02fdf83813e73561931ec91d2762545f0340c7c469b246881a24	input/prior-complete-read-audit.json	input-snapshot	29109	62c67454f48845f741fec24af34b18e5795d7504809b6b32dd362f7fe97badc6	cmd-d46b5b5c147f3ad19ec4eaeb2f37fa6ed4eaf7b596e2a6688266ade4598b1972	scope,provenance
2	ev-aabab8beaee7acfe766030ed4108ca48afe149c4ab0027547eda11480146dd0b	input/prior-fixed-output-baseline.tsv	input-snapshot	8296	9c1affcce1b815683124c124b3bfca1ea4db7980a1cfc4ce089011a338836fbe	cmd-d46b5b5c147f3ad19ec4eaeb2f37fa6ed4eaf7b596e2a6688266ade4598b1972	scope,provenance
2	ev-cd01fd44d691c6baff9714f822861ec4621c894c9214eebd9d61c6ac5df1d61f	input/prompt.sha256	input-snapshot	65	98b410aa873b2bb6a64915663305cf4bb8469618fffbeae903747afafc3e4532	cmd-d46b5b5c147f3ad19ec4eaeb2f37fa6ed4eaf7b596e2a6688266ade4598b1972	scope,provenance
2	ev-9fafac8c2d4ab9f75fa7d270e748210fbc42fb30fd92db5506a1889f0f003014	machine/archive-summary.jsonl	primary-machine-ledger	1331816	2597b7d8a5a1434319fdc2fff561d205a680a4a5989ed0cd8c35dd8af26b0139	cmd-ceb86d0741ffc363af5fbf5f12616fbc7582f2ab33c1ee5dd7db644750a59b11	scope,inventory,scan
2	ev-872ce366058fb436b3339445b94fad063ce2512d0282782ec9d87cfbc0c2d186	machine/canonical-unit-domain-records.jsonl.gz	canonical-domain-set	344810270	1b93894dd647e05646d308f35a2208146e0dcde1827bb7736ea0bbffa4da1bad	cmd-1aa00a67f176f579b533ebffc80b51bc4880e1d8da6d4945db95fe1904c5e8fe	scan,coverage
2	ev-38f8b48b3cbaab5c84261b5c4d3045ee5c84e69249a4684f9fe6c7d2363640b9	machine/claim-ledger.tsv	deterministic-control-ledger	2429	fc59ff2d6c20604d0f3b28acd0c1ac6a0b41a9389db73bb0a34425cf26ae225b	cmd-d46b5b5c147f3ad19ec4eaeb2f37fa6ed4eaf7b596e2a6688266ade4598b1972	scope,coverage,reproduction
2	ev-864a03ff5137af0c297106d99964333cb8ee53f4abcd6c5b05c36f93ba7e08a0	machine/command-ledger.tsv	deterministic-control-ledger	4556	ae90d4c8c27406af95f896236fc917544a531276f891a5f0c8fdcd191ce4a0f8	cmd-d46b5b5c147f3ad19ec4eaeb2f37fa6ed4eaf7b596e2a6688266ade4598b1972	scope,coverage,reproduction
2	ev-28360a594e0e53977fef4ec688585cee10d8fbd53399868a1c5d8407d1292b94	machine/compact-set-summary.json	canonical-domain-set	1260	27633e46b72d66dc7d8df390746fab256c910fdf80a8c25e9fcfcdbb8c28123e	cmd-1aa00a67f176f579b533ebffc80b51bc4880e1d8da6d4945db95fe1904c5e8fe	scan,coverage
2	ev-aa5c2f70ab906c45b799e4a2300a050b95738d1e7dd488010ffece857e352bb0	machine/comparison-mismatches.jsonl	independent-comparison	0	e3b0c44298fc1c149afbf4c8996fb92427ae41e4649b934ca495991b7852b855	cmd-0d6914529b426a38fb7a96b06e198219107b87f32746723941636d39311cf5a1	independence,coverage
2	ev-c37400dc24d8a928a106d58af730ed4e41f2d8e9c825297a114214d034d03582	machine/comparison-summary.json	independent-comparison	676	886873cca0de7cae360be026b8758cc17c9920ccdcf2eaa275adf913987aadbc	cmd-0d6914529b426a38fb7a96b06e198219107b87f32746723941636d39311cf5a1	independence,coverage
2	ev-47e7899086c09aa024c61988014228c5e9152da1fa42e2f30f13609216726e02	machine/expected-scan-closure.json	deterministic-control-ledger	1271	17658f4a03d91c3d9c7f70db02f3a1fcbc1f5570bae2a14927b17ea1597104fb	cmd-d46b5b5c147f3ad19ec4eaeb2f37fa6ed4eaf7b596e2a6688266ade4598b1972	scope,coverage,reproduction
2	ev-92610759ec696a82a10fb65ec68ae599771468c91ff42e34b2c72f176c249ac4	machine/family-summary.tsv	deterministic-control-ledger	371	32e250296aa644309b8edbdc63a72ece4abe2d8bd649c95ebaafe44bbcce857b	cmd-d46b5b5c147f3ad19ec4eaeb2f37fa6ed4eaf7b596e2a6688266ade4598b1972	scope,coverage,reproduction
2	ev-c1548dd9b5bd39e27df115ea05dc7710eb12155c0a1a53574c3fee9d0e43f295	machine/git-scope-check.tsv	deterministic-control-ledger	1763	8197a074756cc4d8b7d82cb65ea576e05cd7ada1d4fd5860ca0fa43d11becfb8	cmd-d46b5b5c147f3ad19ec4eaeb2f37fa6ed4eaf7b596e2a6688266ade4598b1972	scope,coverage,reproduction
2	ev-4b1f1a1df7d59db6886d042a4a7b87d8ce077ca230fff2a07ce1de00ad595ae6	machine/input-drift.tsv	deterministic-control-ledger	7498127	c849b08fa32f23ff30eb30caadd603aba38eb14303e681f365f6d361ecc2ee2a	cmd-d46b5b5c147f3ad19ec4eaeb2f37fa6ed4eaf7b596e2a6688266ade4598b1972	scope,coverage,reproduction
2	ev-a1b3b275f0edd9930452ce6565afa061d63a6a8a16650c27de88c04d1b3568f5	machine/lane-policy.json	deterministic-control-ledger	1368	38aa096be556e5167626d43063f0675b895f45e08e8c8620b75b5792f255dd82	cmd-d46b5b5c147f3ad19ec4eaeb2f37fa6ed4eaf7b596e2a6688266ade4598b1972	scope,coverage,reproduction
2	ev-9afbb8d8ea9da6aac95c63881208c45521ea7aa6a08255d9d4ea06d7ef493376	machine/primary-artifacts.jsonl	primary-machine-ledger	2954218	3b20899f62e3a0922fc9fd969edf821def1ade4e52e3680b1bd0a949497374f4	cmd-ceb86d0741ffc363af5fbf5f12616fbc7582f2ab33c1ee5dd7db644750a59b11	scope,inventory,scan
2	ev-4c3ec48e7e5d92661b60d5741ba6420997617aa8dfb16fe2f10c1b21b4facb62	machine/primary-counts.json	primary-machine-ledger	973	02f3f2dd8f439b03e6de0810923818f8c99df88d62dd34edb44cdab23ceacfbb	cmd-ceb86d0741ffc363af5fbf5f12616fbc7582f2ab33c1ee5dd7db644750a59b11	scope,inventory,scan
2	ev-99f76ff36c693247522ec1d9d48f8e545439b822a2dfdaacdf0ff4c25e310d0a	machine/tool-manifest.tsv	deterministic-control-ledger	4171	9a6e50fd6d0cc0f56c834413b5151b8a02cf4a7ab5b60d30e132fc90c2b51d31	cmd-d46b5b5c147f3ad19ec4eaeb2f37fa6ed4eaf7b596e2a6688266ade4598b1972	scope,coverage,reproduction
2	ev-23bbcc077ddba6a49b989d8984032f097e2dee887d9821063d2b9a2edb8d95e3	scripts/baseline_r2.py	reproduction-script	6895	9e755d181d8a9fd23595fa74f22a679449f74f17e638e5f59930705cfc6c7c18	cmd-d46b5b5c147f3ad19ec4eaeb2f37fa6ed4eaf7b596e2a6688266ade4598b1972	reproduction
2	ev-90dcdf138c4d4c1540b82191a961afb5667103e4de61a1651592fc8e15617a65	scripts/r2_acceptance.py	reproduction-script	16918	72eb6d69a6f26eb5166335ba453780482e0ba9b59b95818053a54f3282397c0b	cmd-d46b5b5c147f3ad19ec4eaeb2f37fa6ed4eaf7b596e2a6688266ade4598b1972	reproduction
2	ev-95395703696d30dc5ad7773c5861f5be2a182b66c45c03d8105ab19024b02250	scripts/r2_build_contexts.py	reproduction-script	12020	45b670c2c77467f83ebd573629004e90a44179d917062b1077117d3d990087fa	cmd-d46b5b5c147f3ad19ec4eaeb2f37fa6ed4eaf7b596e2a6688266ade4598b1972	reproduction
2	ev-1b26ab0eb25a01383283880a96bd6d0f364a46d27c3c2c39c2209011356e3065	scripts/r2_compact_sets.py	reproduction-script	6023	e778d112afb61f6dd238cf562cb3543bc95425bd1ee5895c58af7d2ff947b05f	cmd-d46b5b5c147f3ad19ec4eaeb2f37fa6ed4eaf7b596e2a6688266ade4598b1972	reproduction
2	ev-e12f7f4da3c3fd71a5ecd622bfb89b1aca72aca5e7a2f2ad102c7c4225f51918	scripts/r2_compare.py	reproduction-script	12085	71322c9c208011c8b53b2929bfeedbcd0d45ffef436483bfd4cd80abd70d3dfa	cmd-d46b5b5c147f3ad19ec4eaeb2f37fa6ed4eaf7b596e2a6688266ade4598b1972	reproduction
2	ev-ddb270ff32d2177473c5637205e0bbc2f61c9ec5add0ff1173a06e8e0a10f187	scripts/r2_controls.py	reproduction-script	20817	51d46f2bdc3e9ebc23159c63b1be486117f89ed2ff9cb85b8e8f5ef20cf84961	cmd-d46b5b5c147f3ad19ec4eaeb2f37fa6ed4eaf7b596e2a6688266ade4598b1972	reproduction
2	ev-58c0c6232eb4c84395daec93a55e6888b69d82ecad44f99f06d4d2e157debd12	scripts/r2_doc_controls.py	reproduction-script	9261	1edd571b34505f98dd00c32bf6fc0546e58df841bcc24ef99d04e42fa6cb5f6f	cmd-d46b5b5c147f3ad19ec4eaeb2f37fa6ed4eaf7b596e2a6688266ade4598b1972	reproduction
2	ev-f6a13e029feb10c8ba97e4ea777fe8d551c214e45b4439789271e3fc404600b1	scripts/r2_docs.py	reproduction-script	16413	60d99fe976c6de7c19738135f5a4b9ac4f5199fae3760b4eb6a49e6bf71d6856	cmd-d46b5b5c147f3ad19ec4eaeb2f37fa6ed4eaf7b596e2a6688266ade4598b1972	reproduction
2	ev-e31228d3e9b31d58ed8332271aff0eb7a53474eb51bec26c144622613cc9121f	scripts/r2_finalize.py	reproduction-script	103147	df6aa23f6489ed3dc4cf42c0d9525b162cc86ae85419687a31dcf8edb32e14a6	cmd-d46b5b5c147f3ad19ec4eaeb2f37fa6ed4eaf7b596e2a6688266ade4598b1972	reproduction
2	ev-f24f8ed866e3e1da94bae2e864d9f327a2232667fee459010703391789e8ceb5	scripts/r2_independent.py	reproduction-script	32325	5a44cc7e781dba5e8ce340e4c5d94f2b54231512135b364f1490383bd2bc3d71	cmd-d46b5b5c147f3ad19ec4eaeb2f37fa6ed4eaf7b596e2a6688266ade4598b1972	reproduction
2	ev-161d11eb19f38936b80a37a0f3761f75a641ec0d334516ec870e3682bf1194a2	scripts/r2_positive_evidence.py	reproduction-script	11761	40643dc5c51854eb551998753b474334816f407e18ca1cdd8c7f66d551df9d28	cmd-d46b5b5c147f3ad19ec4eaeb2f37fa6ed4eaf7b596e2a6688266ade4598b1972	reproduction
2	ev-4825c876ce9e202dfccde199c3bf894c5c6b2e31af6ef57269534e65f97a9fc2	scripts/r2_primary.py	reproduction-script	61740	8a9bc3f28b7048add8420ea784c0486205bbd8d3ae3c93019cf6243741176420	cmd-d46b5b5c147f3ad19ec4eaeb2f37fa6ed4eaf7b596e2a6688266ade4598b1972	reproduction
2	ev-5c44b974edad7d1f0aea81e958c874030d5ef1276e8749060a4ca2c1f0076d42	scripts/r2_rom_control.py	reproduction-script	32019	0c5ff2ef202dd2ca5d1fdbb7199e14e2250eb3550db379e5892a8bdb1952faba	cmd-d46b5b5c147f3ad19ec4eaeb2f37fa6ed4eaf7b596e2a6688266ade4598b1972	reproduction
2	ev-04f6ad815acffeeff123be84c9f6c61e1ebe887a5e97208e8a43cad5524793e9	scripts/r2_tar_closure.py	reproduction-script	9005	88184dc7dbe611b1a3eb83b6dbd30d4cb7291f4cdc2b2e158d62befb49718e51	cmd-d46b5b5c147f3ad19ec4eaeb2f37fa6ed4eaf7b596e2a6688266ade4598b1972	reproduction
2	ev-fd6bafe07ecd1af90d1430c97065aabdc5293b53c1e6f198f75c8974999e21b0	scripts/r2_xw_boundaries.py	reproduction-script	14788	abf77452272cee9f5c271cd061da25d06d7da95a50d89cf06023b40d1abae2fd	cmd-d46b5b5c147f3ad19ec4eaeb2f37fa6ed4eaf7b596e2a6688266ade4598b1972	reproduction
2	ev-f99cca0f9b448ec0fd92659f12c45898b5a25917cf767dfbf45f488b18161b41	scripts/r2_xw_fixture.py	reproduction-script	14903	31d13697c3b22973f1a5bd3fc255fc9d8f7a9c87aebec91b09496c55ddc5211e	cmd-d46b5b5c147f3ad19ec4eaeb2f37fa6ed4eaf7b596e2a6688266ade4598b1972	reproduction
2	ev-159b07755bef9c8070a1c5d944c7c95b57b06c6cf2615d9e4ecfabe6193424ba	scripts/rawscan.py	reproduction-script	5828	9545ee7a09376ffab9f353daa6c41a75836371353ea069a9817a4204efbfb3cb	cmd-d46b5b5c147f3ad19ec4eaeb2f37fa6ed4eaf7b596e2a6688266ade4598b1972	reproduction
2	ev-6d9022a795ed7a4fe78404105fc40b5e951dc0a2cfc13d1c1463e569a2b45a09	scripts/review_prior_r2.py	reproduction-script	8020	ec861b637b475cd11c61a70f1e83b30e93b6c3bc564156500d561ee0009e9f1f	cmd-d46b5b5c147f3ad19ec4eaeb2f37fa6ed4eaf7b596e2a6688266ade4598b1972	reproduction
